-70.9,18.4,0.000222586008820201
-70.8,18.4,0.000219509551742412
-70.7,18.4,0.000207515457318545
-70.2,18.4,0.000206783999367197
-70.1,18.4,0.000244833642441563
-70.9,18.3,0.000359096241733484
-70.8,18.3,0.000385633162876995
-70.7,18.3,0.000407183499470981
-70.6,18.3,0.000393473413328822
-70.5,18.3,0.000327614156441614
-70.4,18.3,0.000265992990132559
-70.3,18.3,0.000255406842098426
-70.2,18.3,0.000287059639021036
-70.1,18.3,0.000337811890237392
-70,18.3,0.000390979191151493
-69.9,18.3,0.000435896363024242
-69.8,18.3,0.000472102002446746
-69.7,18.3,0.000512117335777267
-69.6,18.3,0.000572514780493345
-69.5,18.3,0.000655980027765861
-69.4,18.3,0.000742375346003232
-69.3,18.3,0.000814567469737746
-69.2,18.3,0.000960306499610944
-69.1,18.3,0.00166371515172175
-69,18.3,0.00383201756108402
-68.9,18.3,0.0060691630215938
-68.8,18.3,0.00601981212146616
-68.7,18.3,0.00484153754248818
-68.6,18.3,0.00523565664061719
-68.5,18.3,0.00440234143817564
-70.9,18.2,0.000566955740954567
-70.8,18.2,0.000713072488874506
-70.7,18.2,0.000927461603505228
-70.6,18.2,0.000985156848234284
-70.5,18.2,0.000714032878560362
-70.4,18.2,0.000452194206151951
-70.3,18.2,0.000358275324398086
-70.2,18.2,0.000373898478323427
-70.1,18.2,0.000428915383576541
-70,18.2,0.000489617240240506
-69.9,18.2,0.0005405112151316
-69.8,18.2,0.000579416409608675
-69.7,18.2,0.000619210830412571
-69.6,18.2,0.000677491811424569
-69.5,18.2,0.000756258510867961
-69.4,18.2,0.000832417315796416
-69.3,18.2,0.000888406176105855
-69.2,18.2,0.00102771086303008
-69.1,18.2,0.00161069166234696
-69,18.2,0.00295095315472127
-68.9,18.2,0.00473007784889341
-68.8,18.2,0.0116409855677895
-68.7,18.2,0.0183650517551007
-68.6,18.2,0.014375093821525
-68.5,18.2,0.0168111936109324
-68.4,18.2,0.0189744650178969
-68.3,18.2,0.011761570172945
-68.2,18.2,0.0202247032641866
-68.1,18.2,0.013819692427445
-68,18.2,0.011090547044517
-67.9,18.2,0.00544921235869649
-67.8,18.2,0.00293002639112343
-67.7,18.2,0.00386028302390073
-67.6,18.2,0.0035147013665858
-67.5,18.2,0.00220099722562687
-67.4,18.2,0.0010718991134054
-67.3,18.2,0.000469155546416251
-67.2,18.2,0.000233450013159217
-67.1,18.2,0.000168415407672771
-67,18.2,0.000149343316203587
-66.9,18.2,0.000133420850482928
-66.8,18.2,0.00011543488915813
-66.7,18.2,9.75251661318406e-05
-66.6,18.2,8.17216460163783e-05
-66.5,18.2,6.89760347086192e-05
-66.4,18.2,5.92963389505981e-05
-66.3,18.2,5.21338848491176e-05
-66.2,18.2,4.6765396507346e-05
-66.1,18.2,4.25418242672416e-05
-66,18.2,3.89900648643239e-05
-65.9,18.2,3.58225609236589e-05
-65.8,18.2,3.29159146622826e-05
-65.7,18.2,3.02852168637877e-05
-65.6,18.2,2.80444910080138e-05
-65.5,18.2,2.6334883271148e-05
-65.4,18.2,2.52252580172418e-05
-65.3,18.2,2.46245945232276e-05
-65.2,18.2,2.42614593022342e-05
-65.1,18.2,2.37614489652805e-05
-65,18.2,2.27945910911706e-05
-64.9,18.2,2.12101519271552e-05
-64.8,18.2,1.90763467585896e-05
-70.9,18.1,0.000818534398231587
-70.8,18.1,0.00123715967581583
-70.7,18.1,0.00216710018126504
-70.6,18.1,0.00260447586028396
-70.5,18.1,0.00149198529278811
-70.4,18.1,0.000695615014495191
-70.3,18.1,0.000469767458056504
-70.2,18.1,0.000455374823223261
-70.1,18.1,0.000501516730994687
-70,18.1,0.000556103071328971
-69.9,18.1,0.000600567102517567
-69.8,18.1,0.00063082631660796
-69.7,18.1,0.000657063262450076
-69.6,18.1,0.000694336012126805
-69.5,18.1,0.000744141593290582
-69.4,18.1,0.000786255644549775
-69.3,18.1,0.000807641965168246
-69.2,18.1,0.000905753663968911
-69.1,18.1,0.00139721171411164
-69,18.1,0.00397036928241989
-68.9,18.1,0.0107187623969194
-68.8,18.1,0.0157260665874466
-68.7,18.1,0.0161230902128942
-68.6,18.1,0.0132947740955563
-68.5,18.1,0.0144866502932879
-68.4,18.1,0.0380145614987539
-68.3,18.1,0.0124869442730732
-68.2,18.1,0.0110898257882799
-68.1,18.1,0.0128990910576741
-68,18.1,0.00776080398074215
-67.9,18.1,0.00430979117367347
-67.8,18.1,0.00370198137730606
-67.7,18.1,0.00452377321872806
-67.6,18.1,0.00359862119115635
-67.5,18.1,0.00204173596111556
-67.4,18.1,0.000977446517450533
-67.3,18.1,0.000442740394994347
-67.2,18.1,0.000234567132347923
-67.1,18.1,0.000176494870148951
-67,18.1,0.000157944013613358
-66.9,18.1,0.00014118836894925
-66.8,18.1,0.00012210963169249
-66.7,18.1,0.000103110558762285
-66.6,18.1,8.63566839173602e-05
-66.5,18.1,7.28772384351993e-05
-66.4,18.1,6.27150093916466e-05
-66.3,18.1,5.53297045600972e-05
-66.2,18.1,4.99867056206604e-05
-66.1,18.1,4.60009784986548e-05
-66,18.1,4.28365160596767e-05
-65.9,18.1,4.01357358246211e-05
-65.8,18.1,3.7743610459254e-05
-65.7,18.1,3.57284006642645e-05
-65.6,18.1,3.4346648643308e-05
-65.5,18.1,3.39030010492206e-05
-65.4,18.1,3.45230883296901e-05
-65.3,18.1,3.59495668860742e-05
-65.2,18.1,3.75088843706184e-05
-65.1,18.1,3.8321310879725e-05
-65,18.1,3.76696369428191e-05
-64.9,18.1,3.53141471506678e-05
-64.8,18.1,3.15570244005383e-05
-64.7,18.1,2.70308131802807e-05
-64.6,18.1,2.23779381671304e-05
-64.5,18.1,1.80323103075009e-05
-64.4,18.1,1.41887098480977e-05
-64.3,18.1,1.08928639866611e-05
-64.2,18.1,8.13762529129013e-06
-70.9,18,0.000974503159516178
-70.8,18,0.00157235045296086
-70.7,18,0.00300268777664102
-70.6,18,0.00368703313879636
-70.5,18,0.00192633667799659
-70.4,18,0.000812766698325277
-70.3,18,0.000549163282820942
-70.2,18,0.000519644726231747
-70.1,18,0.000546043066448914
-70,18,0.000579224467002409
-69.9,18,0.000603700670077424
-69.8,18,0.00061507264204535
-69.7,18,0.000619424556000587
-69.6,18,0.000626959911141336
-69.5,18,0.000638823617095466
-69.4,18,0.000642201650480188
-69.3,18,0.000636802890203282
-69.2,18,0.000719412583304277
-69.1,18,0.00115967534374778
-69,18,0.00310601928652523
-68.9,18,0.00752650208282838
-68.8,18,0.0104403466416537
-68.7,18,0.0187588043469168
-68.6,18,0.02648774033107
-68.5,18,0.0278350677899045
-68.4,18,0.0160565615455783
-68.3,18,0.0176800155143584
-68.2,18,0.0104277679755616
-68.1,18,0.00668611719812206
-68,18,0.00440589056098036
-67.9,18,0.00267787701276446
-67.8,18,0.00250002695737469
-67.7,18,0.00266969392789346
-67.6,18,0.00192278071819535
-67.5,18,0.00104629903985359
-67.4,18,0.000536712451023115
-67.3,18,0.00029366031987945
-67.2,18,0.000198606955568689
-67.1,18,0.000170317780178912
-67,18,0.000156757819851842
-66.9,18,0.000140916491607653
-66.8,18,0.000122403324329914
-66.7,18,0.000103910737841465
-66.6,18,8.75880529692068e-05
-66.5,18,7.44885361491415e-05
-66.4,18,6.4733701551984e-05
-66.3,18,5.7891993438177e-05
-66.2,18,5.33227870823996e-05
-66.1,18,5.03720690575e-05
-66,18,4.84529430964895e-05
-65.9,18,4.71135593172453e-05
-65.8,18,4.61484751500978e-05
-65.7,18,4.57065521314106e-05
-65.6,18,4.62790677891491e-05
-65.5,18,4.84567225250664e-05
-65.4,18,5.24636579238418e-05
-65.3,18,5.77082874817904e-05
-65.2,18,6.27216836461795e-05
-65.1,18,6.56550575520283e-05
-65,18,6.5102397564469e-05
-64.9,18,6.07515299911711e-05
-64.8,18,5.34585488075221e-05
-64.7,18,4.47323061751788e-05
-64.6,18,3.60125933431303e-05
-64.5,18,2.81992800647331e-05
-64.4,18,2.160986155104e-05
-64.3,18,1.6210352295955e-05
-64.2,18,1.1860374682699e-05
-64.1,18,8.43249523416123e-06
-64,18,5.82054601315021e-06
-70.9,17.9,0.0009151474119096
-70.8,17.9,0.00130477599906837
-70.7,17.9,0.00190479259791993
-70.6,17.9,0.00203818634585268
-70.5,17.9,0.00125317636989479
-70.4,17.9,0.000733556541871568
-70.3,17.9,0.000588318815746733
-70.2,17.9,0.000563081603837389
-70.1,17.9,0.000563449349751969
-70,17.9,0.000564743566927637
-69.9,17.9,0.000560183048053077
-69.8,17.9,0.000547543735276302
-69.7,17.9,0.000529622230128024
-69.6,17.9,0.000511510765874354
-69.5,17.9,0.000493593162119918
-69.4,17.9,0.000469986796824545
-69.3,17.9,0.000452441412777316
-69.2,17.9,0.000565136027831327
-69.1,17.9,0.00118361091605463
-69,17.9,0.002583174710223
-68.9,17.9,0.00470296654675476
-68.8,17.9,0.00654486711936254
-68.7,17.9,0.00561538274077403
-68.6,17.9,0.0094791637357639
-68.5,17.9,0.0175640589615388
-68.4,17.9,0.00739696682628917
-68.3,17.9,0.0118862882031138
-68.2,17.9,0.0168912125258812
-68.1,17.9,0.00374667419090025
-68,17.9,0.00264384654118678
-67.9,17.9,0.00155308787056564
-67.8,17.9,0.00118814921346628
-67.7,17.9,0.00104501918980942
-67.6,17.9,0.000708752086191866
-67.5,17.9,0.000400473850831364
-67.4,17.9,0.00024587070436522
-67.3,17.9,0.000184792031051015
-67.2,17.9,0.00016394517930927
-67.1,17.9,0.000156101517037516
-67,17.9,0.000146916472227573
-66.9,17.9,0.000133161740144481
-66.8,17.9,0.000116704804533338
-66.7,17.9,0.000100182242943897
-66.6,17.9,8.55781807976316e-05
-66.5,17.9,7.39370500733254e-05
-66.4,17.9,6.55241429269771e-05
-66.3,17.9,6.0138485681772e-05
-66.2,17.9,5.73582656230192e-05
-66.1,17.9,5.66458388472314e-05
-66,17.9,5.74007778253905e-05
-65.9,17.9,5.90779365457454e-05
-65.8,17.9,6.13709331848711e-05
-65.7,17.9,6.43883016320583e-05
-65.6,17.9,6.87515708290147e-05
-65.5,17.9,7.53917578035231e-05
-65.4,17.9,8.47731268087658e-05
-65.3,17.9,9.58865615473398e-05
-65.2,17.9,0.000105995497022141
-65.1,17.9,0.000111652839899601
-65,17.9,0.000110380267566093
-64.9,17.9,0.000101882975385223
-64.8,17.9,8.80700199842118e-05
-64.7,17.9,7.19786040023763e-05
-64.6,17.9,5.63788532425708e-05
-64.5,17.9,4.29038335530121e-05
-64.4,17.9,3.20097668795043e-05
-64.3,17.9,2.34578614882199e-05
-64.2,17.9,1.68202729769932e-05
-64.1,17.9,1.17373092973704e-05
-64,17.9,7.94677713256393e-06
-63.9,17.9,5.22775559489653e-06
-70.9,17.8,0.000742493016430606
-70.8,17.8,0.000894301617667088
-70.7,17.8,0.00101602397110823
-70.6,17.8,0.000970058264651207
-70.5,17.8,0.000786898310648107
-70.4,17.8,0.000658541682049498
-70.3,17.8,0.000609991803761491
-70.2,17.8,0.000585890625199866
-70.1,17.8,0.000559240974305768
-70,17.8,0.000527397630450148
-69.9,17.8,0.000492904249528137
-69.8,17.8,0.000457387309653759
-69.7,17.8,0.000422238511872765
-69.6,17.8,0.000388705281057497
-69.5,17.8,0.000355893933203407
-69.4,17.8,0.000321191286960225
-69.3,17.8,0.000297066235865567
-69.2,17.8,0.000399639346237641
-69.1,17.8,0.00104462242618609
-69,17.8,0.00251836100796951
-68.9,17.8,0.0052664950975981
-68.8,17.8,0.00979663775435862
-68.7,17.8,0.00530279763210549
-68.6,17.8,0.00491047821372883
-68.5,17.8,0.0297859553751702
-68.4,17.8,0.0124060163191915
-68.3,17.8,0.0043668835807257
-68.2,17.8,0.00314118898871613
-68.1,17.8,0.00172124440335777
-68,17.8,0.00127376858520311
-67.9,17.8,0.000809403375712101
-67.8,17.8,0.000571379854974412
-67.7,17.8,0.000435371379557341
-67.6,17.8,0.000292813710540994
-67.5,17.8,0.000188459104417442
-67.4,17.8,0.000146402773214556
-67.3,17.8,0.000138175044145493
-67.2,17.8,0.000138747198278384
-67.1,17.8,0.000137441323595463
-67,17.8,0.000130992009762521
-66.9,17.8,0.000119996250998596
-66.8,17.8,0.000106593806825773
-66.7,17.8,9.30422066560293e-05
-66.6,17.8,8.10674212863338e-05
-66.5,17.8,7.17058545902317e-05
-66.4,17.8,6.54464005944546e-05
-66.3,17.8,6.24483469050755e-05
-66.2,17.8,6.26546155396492e-05
-66.1,17.8,6.58046566833333e-05
-66,17.8,7.14976365269657e-05
-65.9,17.8,7.93081383254775e-05
-65.8,17.8,8.87274097368359e-05
-65.7,17.8,9.90847887048926e-05
-65.6,17.8,0.000110105811088951
-65.5,17.8,0.000122697168263291
-65.4,17.8,0.000138157394720528
-65.3,17.8,0.00015573213023138
-65.2,17.8,0.000171325246964208
-65.1,17.8,0.000179245343264573
-65,17.8,0.000175482943120201
-64.9,17.8,0.000159873967190376
-64.8,17.8,0.000135936854501644
-64.7,17.8,0.000108901804819153
-64.6,17.8,8.33672382777668e-05
-64.5,17.8,6.19176041632588e-05
-64.4,17.8,4.51229419001914e-05
-64.3,17.8,3.23843316129735e-05
-64.2,17.8,2.28085826899069e-05
-64.1,17.8,1.56628033924043e-05
-64,17.8,1.04370111853119e-05
-63.9,17.8,6.74692727675103e-06
-63.8,17.8,4.25212156052732e-06
-70.9,17.7,0.000600394646628762
-70.8,17.7,0.00064638208037397
-70.7,17.7,0.000673367122782924
-70.6,17.7,0.000665554936691749
-70.5,17.7,0.000641472495238024
-70.4,17.7,0.000626056157020798
-70.3,17.7,0.000611818897549177
-70.2,17.7,0.000582368860119598
-70.1,17.7,0.000535209617166836
-70,17.7,0.000478433795630304
-69.9,17.7,0.000421314943487553
-69.8,17.7,0.000369329036370068
-69.7,17.7,0.000323988866118481
-69.6,17.7,0.000284449332151752
-69.5,17.7,0.000248609972227837
-69.4,17.7,0.000214631399527864
-69.3,17.7,0.000190793207237478
-69.2,17.7,0.000252214935523029
-69.1,17.7,0.000674275386510682
-69,17.7,0.00170698286292178
-68.9,17.7,0.00337087609143677
-68.8,17.7,0.00509307484985503
-68.7,17.7,0.00304014244677591
-68.6,17.7,0.00148115748482119
-68.5,17.7,0.00174783352793259
-68.4,17.7,0.00176489053213428
-68.3,17.7,0.00113852194771625
-68.2,17.7,0.000801556461448449
-68.1,17.7,0.000719033304278791
-68,17.7,0.000639494877730949
-67.9,17.7,0.000475386954952327
-67.8,17.7,0.000340146857014714
-67.7,17.7,0.000242529523241534
-67.6,17.7,0.000168420894231403
-67.5,17.7,0.000125315626127941
-67.4,17.7,0.000111731831809595
-67.3,17.7,0.00011287708322312
-67.2,17.7,0.000116361884600712
-67.1,17.7,0.000116570742867299
-67,17.7,0.000112233929519725
-66.9,17.7,0.000104219229546301
-66.8,17.7,9.42268177855384e-05
-66.7,17.7,8.40256195531982e-05
-66.6,17.7,7.50646653120641e-05
-66.5,17.7,6.84003582700125e-05
-66.4,17.7,6.48189135069388e-05
-66.3,17.7,6.49554226989945e-05
-66.2,17.7,6.92988349009514e-05
-66.1,17.7,7.82286818721911e-05
-66,17.7,9.224899993021e-05
-65.9,17.7,0.000111881965451522
-65.8,17.7,0.000136284113493935
-65.7,17.7,0.000161781771277108
-65.6,17.7,0.000183830570042564
-65.5,17.7,0.000201778279823053
-65.4,17.7,0.000219470811929624
-65.3,17.7,0.000239241583499287
-65.2,17.7,0.000256952807675804
-65.1,17.7,0.000264322209484473
-65,17.7,0.00025517410827785
-64.9,17.7,0.000229358261659244
-64.8,17.7,0.000192282689450811
-64.7,17.7,0.000151686108091874
-64.6,17.7,0.000114163880117903
-64.5,17.7,8.32666143335773e-05
-64.4,17.7,5.95952168785669e-05
-64.3,17.7,4.20673187504244e-05
-64.2,17.7,2.9202502231289e-05
-64.1,17.7,1.97976778776841e-05
-64,17.7,1.30293785555184e-05
-63.9,17.7,8.31061137006294e-06
-63.8,17.7,5.1573484544251e-06
-63.7,17.7,3.14173445240309e-06
-63.6,17.7,1.90129648459985e-06
-70.9,17.6,0.000503700573985689
-70.8,17.6,0.0005237195126723
-70.7,17.6,0.000538950755455667
-70.6,17.6,0.000554094005106046
-70.5,17.6,0.000570932803527054
-70.4,17.6,0.000582996746816362
-70.3,17.6,0.000577088155031882
-70.2,17.6,0.000544655384529774
-70.1,17.6,0.000488691536856107
-70,17.6,0.00042074066546547
-69.9,17.6,0.000353353111124327
-69.8,17.6,0.000294428241128789
-69.7,17.6,0.00024615655780043
-69.6,17.6,0.000207062655560156
-69.5,17.6,0.000174476140177333
-69.4,17.6,0.000146586851823922
-69.3,17.6,0.000128676878738015
-69.2,17.6,0.000170264708167461
-69.1,17.6,0.000468154881246695
-69,17.6,0.00130529283645026
-68.9,17.6,0.00256267685799341
-68.8,17.6,0.00308176365066049
-68.7,17.6,0.00198873096038349
-68.6,17.6,0.00113802353789451
-68.5,17.6,0.000998060044858144
-68.4,17.6,0.000929610869241437
-68.3,17.6,0.000687345216591185
-68.2,17.6,0.000506794767534081
-68.1,17.6,0.000456941989797387
-68,17.6,0.000406727472169188
-67.9,17.6,0.000323342183702317
-67.8,17.6,0.000238146900254061
-67.7,17.6,0.000168389619109992
-67.6,17.6,0.000120362492280431
-67.5,17.6,9.61084573246079e-05
-67.4,17.6,8.99252890248426e-05
-67.3,17.6,9.21781293087503e-05
-67.2,17.6,9.54669628230576e-05
-67.1,17.6,9.62527693543914e-05
-67,17.6,9.37100375016318e-05
-66.9,17.6,8.843400418281e-05
-66.8,17.6,8.16167452860316e-05
-66.7,17.6,7.45669165520324e-05
-66.6,17.6,6.84896539312592e-05
-66.5,17.6,6.44905943137273e-05
-66.4,17.6,6.36866294432553e-05
-66.3,17.6,6.72550114552919e-05
-66.2,17.6,7.6438871607059e-05
-66.1,17.6,9.28977605590047e-05
-66,17.6,0.000119464710626473
-65.9,17.6,0.000159410252637752
-65.8,17.6,0.00021161096240149
-65.7,17.6,0.000265314806102942
-65.6,17.6,0.000304967558238492
-65.5,17.6,0.000324697819370565
-65.4,17.6,0.000333726483013817
-65.3,17.6,0.000343470444209721
-65.2,17.6,0.000353696608408391
-65.1,17.6,0.000354171910646815
-65,17.6,0.000335758233008448
-64.9,17.6,0.000297593741171643
-64.8,17.6,0.000246504688546756
-64.7,17.6,0.000192294152642331
-64.6,17.6,0.000143118377239647
-64.5,17.6,0.000103183927054494
-64.4,17.6,7.29858970988913e-05
-64.3,17.6,5.09400427363854e-05
-64.2,17.6,3.49996069641881e-05
-64.1,17.6,2.35077713218694e-05
-64,17.6,1.53328957106245e-05
-63.9,17.6,9.68690733047977e-06
-63.8,17.6,5.94580457225708e-06
-63.7,17.6,3.57584116455407e-06
-63.6,17.6,2.13306244537579e-06
-63.5,17.6,1.27821250586508e-06
-70.9,17.5,0.000420367286574451
-70.8,17.5,0.000434166390878084
-70.7,17.5,0.000448114521058838
-70.6,17.5,0.000467273430989776
-70.5,17.5,0.000489776659109005
-70.4,17.5,0.000505682192860603
-70.3,17.5,0.000502247690288895
-70.2,17.5,0.000472330856158102
-70.1,17.5,0.000419104221109957
-70,17.5,0.000353748907632403
-69.9,17.5,0.000288830105370546
-69.8,17.5,0.000232700382811574
-69.7,17.5,0.000188009540520987
-69.6,17.5,0.000153521205352524
-69.5,17.5,0.000126741307776849
-69.4,17.5,0.000105910496317053
-69.3,17.5,9.3585484502412e-05
-69.2,17.5,0.000118759351485326
-69.1,17.5,0.0003111760784932
-69,17.5,0.000893299655451671
-68.9,17.5,0.00177510024734392
-68.8,17.5,0.00209599841396014
-68.7,17.5,0.00139719511786981
-68.6,17.5,0.000829685161567613
-68.5,17.5,0.00070771918394362
-68.4,17.5,0.000669253383629353
-68.3,17.5,0.000583174088060138
-68.2,17.5,0.000501558998984701
-68.1,17.5,0.000437255203527092
-68,17.5,0.000361745016082779
-67.9,17.5,0.000275811631584201
-67.8,17.5,0.000196138673866502
-67.7,17.5,0.000134756641073693
-67.6,17.5,9.61499739157669e-05
-67.5,17.5,7.80417620698067e-05
-67.4,17.5,7.35167838526369e-05
-67.3,17.5,7.51085518194988e-05
-67.2,17.5,7.76651384372949e-05
-67.1,17.5,7.869108664704e-05
-67,17.5,7.7500742934155e-05
-66.9,17.5,7.43937963399916e-05
-66.8,17.5,7.01305805219117e-05
-66.7,17.5,6.56425817180264e-05
-66.6,17.5,6.19392507309743e-05
-66.5,17.5,6.01743384038583e-05
-66.4,17.5,6.17539978478715e-05
-66.3,17.5,6.83654756817766e-05
-66.2,17.5,8.21375107411983e-05
-66.1,17.5,0.000106670867118748
-66,17.5,0.000148789448483453
-65.9,17.5,0.000216885681126723
-65.8,17.5,0.00031038284339998
-65.7,17.5,0.000407624167342046
-65.6,17.5,0.000474112603798709
-65.5,17.5,0.000492697716337977
-65.4,17.5,0.0004791186735271
-65.3,17.5,0.000460677515911775
-65.2,17.5,0.000447747326110354
-65.1,17.5,0.000431252807598224
-65,17.5,0.000399048644727693
-64.9,17.5,0.000348178304555301
-64.8,17.5,0.000285289531347669
-64.7,17.5,0.000220804667005279
-64.6,17.5,0.000163333114177733
-64.5,17.5,0.000117115285483829
-64.4,17.5,8.2381909144099e-05
-64.3,17.5,5.71662779625969e-05
-64.2,17.5,3.90503950683147e-05
-64.1,17.5,2.60813138524276e-05
-64,17.5,1.69167359304442e-05
-63.9,17.5,1.06241195970348e-05
-63.8,17.5,6.47682115420499e-06
-63.7,17.5,3.86420579500482e-06
-63.6,17.5,2.28424227062025e-06
-63.5,17.5,1.35582027509801e-06
-63.4,17.5,8.16084187979756e-07
-70.9,17.4,0.00033803160626235
-70.8,17.4,0.000346946120528403
-70.7,17.4,0.000356866900521938
-70.6,17.4,0.000371749886303166
-70.5,17.4,0.000389766597033331
-70.4,17.4,0.000402719712067568
-70.3,17.4,0.000400293932161561
-70.2,17.4,0.000376514309986013
-70.1,17.4,0.000333564034323205
-70,17.4,0.000280255046122303
-69.9,17.4,0.000226896614018579
-69.8,17.4,0.000180676778399682
-69.7,17.4,0.000144196646028358
-69.6,17.4,0.000116775714995748
-69.5,17.4,9.6591954390999e-05
-69.4,17.4,8.22661204431141e-05
-69.3,17.4,7.44160138354381e-05
-69.2,17.4,8.35811228811553e-05
-69.1,17.4,0.000158694008993457
-69,17.4,0.000380686386637944
-68.9,17.4,0.000682127926449535
-68.8,17.4,0.000782909962400919
-68.7,17.4,0.000634391917623485
-68.6,17.4,0.000539317726673754
-68.5,17.4,0.000562584013386563
-68.4,17.4,0.000603731470983608
-68.3,17.4,0.000612051132116159
-68.2,17.4,0.000578999712568828
-68.1,17.4,0.000504849250534085
-68,17.4,0.000401127202569228
-67.9,17.4,0.000291142751231219
-67.8,17.4,0.000196573035362106
-67.7,17.4,0.000128696610799581
-67.6,17.4,8.81660160255156e-05
-67.5,17.4,6.88716900505029e-05
-67.4,17.4,6.25897136443045e-05
-67.3,17.4,6.23832659914009e-05
-67.2,17.4,6.38489099891488e-05
-67.1,17.4,6.47928141206651e-05
-67,17.4,6.44447808128062e-05
-66.9,17.4,6.28243077345578e-05
-66.8,17.4,6.03560615861059e-05
-66.7,17.4,5.76847987969427e-05
-66.6,17.4,5.56583595537015e-05
-66.5,17.4,5.54308182009311e-05
-66.4,17.4,5.85700091876863e-05
-66.3,17.4,6.71030251491963e-05
-66.2,17.4,8.39143115995318e-05
-66.1,17.4,0.000114613173560286
-66,17.4,0.000170578323553879
-65.9,17.4,0.000266769452566107
-65.8,17.4,0.000405299749530421
-65.7,17.4,0.0005546518935632
-65.6,17.4,0.000658570282900978
-65.5,17.4,0.000681829316576878
-65.4,17.4,0.000640841644023727
-65.3,17.4,0.000579679458171983
-65.2,17.4,0.000526550646500396
-65.1,17.4,0.000480855601716882
-65,17.4,0.000430140245154343
-64.9,17.4,0.000367998212253484
-64.8,17.4,0.000298225748862152
-64.7,17.4,0.000229534925583803
-64.6,17.4,0.000169443646449354
-64.5,17.4,0.000121471471987157
-64.4,17.4,8.54557917521878e-05
-64.3,17.4,5.9268712388766e-05
-64.2,17.4,4.0432089267022e-05
-64.1,17.4,2.69519729403444e-05
-64,17.4,1.74419820485465e-05
-63.9,17.4,1.0926430571768e-05
-63.8,17.4,6.64207111642209e-06
-63.7,17.4,3.94968564718968e-06
-63.6,17.4,2.32605051808582e-06
-63.5,17.4,1.37521523936757e-06
-63.4,17.4,8.24682811982535e-07
-63.3,17.4,5.032164756477e-07
-63.2,17.4,3.11074602232807e-07
-70.9,17.3,0.000259130350747595
-70.8,17.3,0.000263341669417729
-70.7,17.3,0.000267981306338463
-70.6,17.3,0.000276132418798152
-70.5,17.3,0.000286853317539064
-70.4,17.3,0.000294677669044909
-70.3,17.3,0.000292431621789453
-70.2,17.3,0.000275681465767475
-70.1,17.3,0.000245536434967376
-70,17.3,0.000207832204097251
-69.9,17.3,0.000169720091893917
-69.8,17.3,0.00013642715217522
-69.7,17.3,0.00011009113089779
-69.6,17.3,9.05433514885866e-05
-69.5,17.3,7.6766332402654e-05
-69.4,17.3,6.80050914502971e-05
-69.3,17.3,6.443008087128e-05
-69.2,17.3,6.8709793501201e-05
-69.1,17.3,9.1312725311177e-05
-69,17.3,0.000148985335824131
-68.9,17.3,0.000230306802509787
-68.8,17.3,0.000294984049464028
-68.7,17.3,0.000348945000043023
-68.6,17.3,0.000429149911619472
-68.5,17.3,0.000531512903746257
-68.4,17.3,0.000621932656482646
-68.3,17.3,0.000668053210537969
-68.2,17.3,0.00065120149096825
-68.1,17.3,0.000572423216130231
-68,17.3,0.000453417380346448
-67.9,17.3,0.000325887493127121
-67.8,17.3,0.000216437870372644
-67.7,17.3,0.000137978394666955
-67.6,17.3,9.03465163332961e-05
-67.5,17.3,6.60659249405172e-05
-67.4,17.3,5.61827540717505e-05
-67.3,17.3,5.35735804828481e-05
-67.2,17.3,5.37498726321186e-05
-67.1,17.3,5.43564848838274e-05
-67,17.3,5.43989409287656e-05
-66.9,17.3,5.36460400520046e-05
-66.8,17.3,5.22745431308574e-05
-66.7,17.3,5.07167068761934e-05
-66.6,17.3,4.96698182905854e-05
-66.5,17.3,5.02059477076368e-05
-66.4,17.3,5.3871074245505e-05
-66.3,17.3,6.27474660741319e-05
-66.2,17.3,8.0014130553219e-05
-66.1,17.3,0.000112376813694811
-66,17.3,0.000174206357485394
-65.9,17.3,0.000285954200224095
-65.8,17.3,0.000455115685089891
-65.7,17.3,0.000648541054457408
-65.6,17.3,0.000795914822025585
-65.5,17.3,0.000840693442363756
-65.4,17.3,0.000786094777873783
-65.3,17.3,0.000682762109384398
-65.2,17.3,0.000579962370992765
-65.1,17.3,0.000495697979951089
-65,17.3,0.00042335489137831
-64.9,17.3,0.000352886332746242
-64.8,17.3,0.000282416836871687
-64.7,17.3,0.000216455187750905
-64.6,17.3,0.000159971637222117
-64.5,17.3,0.000115160733956797
-64.4,17.3,8.14225134039357e-05
-64.3,17.3,5.67102555101798e-05
-64.2,17.3,3.87963354115082e-05
-64.1,17.3,2.59043949975578e-05
-64,17.3,1.67810731308617e-05
-63.9,17.3,1.05213804257135e-05
-63.8,17.3,6.4021947890348e-06
-63.7,17.3,3.81190530080324e-06
-63.6,17.3,2.24844100743037e-06
-63.5,17.3,1.33165710784126e-06
-63.4,17.3,7.99918484817039e-07
-63.3,17.3,4.88788864688858e-07
-63.2,17.3,3.02441471379321e-07
-63.1,17.3,1.87792115355035e-07
-70.9,17.2,0.000189391042821667
-70.8,17.2,0.000190051767211995
-70.7,17.2,0.000190385005147429
-70.6,17.2,0.00019270782622349
-70.5,17.2,0.000196899507254193
-70.4,17.2,0.000199958169135604
-70.3,17.2,0.000197595924946241
-70.2,17.2,0.0001869274040002
-70.1,17.2,0.000168291534096178
-70,17.2,0.000144941253535643
-69.9,17.2,0.000121107743312756
-69.8,17.2,0.000100049839506691
-69.7,17.2,8.3272774488363e-05
-69.6,17.2,7.09219496667423e-05
-69.5,17.2,6.26396717973325e-05
-69.4,17.2,5.82658544024404e-05
-69.3,17.2,5.82199708381719e-05
-69.2,17.2,6.38044623550675e-05
-69.1,17.2,7.78503099006974e-05
-69,17.2,0.000104852556949677
-68.9,17.2,0.000148194292273598
-68.8,17.2,0.000209540462877906
-68.7,17.2,0.000292816941161363
-68.6,17.2,0.000398833891295571
-68.5,17.2,0.000515526435171574
-68.4,17.2,0.00061753210019672
-68.3,17.2,0.000675127051169319
-68.2,17.2,0.00066761445840486
-68.1,17.2,0.000594596627187683
-68,17.2,0.000477210938471245
-67.9,17.2,0.000347392675721362
-67.8,17.2,0.00023296668548007
-67.7,17.2,0.000148444895368072
-67.6,17.2,9.49617747762708e-05
-67.5,17.2,6.58223877005722e-05
-67.4,17.2,5.23898564188286e-05
-67.3,17.2,4.75050443252542e-05
-67.2,17.2,4.64491195257026e-05
-67.1,17.2,4.65949025565671e-05
-67,17.2,4.67097808933813e-05
-66.9,17.2,4.63636348548564e-05
-66.8,17.2,4.5559071239184e-05
-66.7,17.2,4.45701199447921e-05
-66.6,17.2,4.39422198710009e-05
-66.5,17.2,4.45829817542958e-05
-66.4,17.2,4.78410588153074e-05
-66.3,17.2,5.55597655785569e-05
-66.2,17.2,7.06208318691228e-05
-66.1,17.2,9.93520217666182e-05
-66,17.2,0.000156009876267154
-65.9,17.2,0.000262805814431409
-65.8,17.2,0.000433320805855311
-65.7,17.2,0.000643374249934163
-65.6,17.2,0.000824441525417647
-65.5,17.2,0.000904296900918555
-65.4,17.2,0.000861079734431162
-65.3,17.2,0.000735404131700434
-65.2,17.2,0.00059198287030619
-65.1,17.2,0.000472449429866389
-65,17.2,0.000381855539423023
-64.9,17.2,0.000308239103463999
-64.8,17.2,0.000243163990560418
-64.7,17.2,0.000185760873241741
-64.6,17.2,0.000137805354023813
-64.5,17.2,9.99854958038067e-05
-64.4,17.2,7.13443629733604e-05
-64.3,17.2,5.01082778014691e-05
-64.2,17.2,3.45079758543563e-05
-64.1,17.2,2.31584977843626e-05
-64,17.2,1.50665470579206e-05
-63.9,17.2,9.48690395441795e-06
-63.8,17.2,5.80118211500177e-06
-63.7,17.2,3.47456117360622e-06
-63.6,17.2,2.06363456222974e-06
-63.5,17.2,1.23124742277833e-06
-63.4,17.2,7.44796367453902e-07
-63.3,17.2,4.57746915009431e-07
-63.2,17.2,2.84408806374265e-07
-63.1,17.2,1.77045704731685e-07
-63,17.2,1.0939393242185e-07
-70.9,17.1,0.00013268849234086
-70.8,17.1,0.00013134796151765
-70.7,17.1,0.000129246983924811
-70.6,17.1,0.000128029589512445
-70.5,17.1,0.000128044451211556
-70.4,17.1,0.000127990248696164
-70.3,17.1,0.00012567905612766
-70.2,17.1,0.000119460346512007
-70.1,17.1,0.00010927361797897
-70,17.1,9.66129663276978e-05
-69.9,17.1,8.3600514524417e-05
-69.8,17.1,7.19791612556805e-05
-69.7,17.1,6.26664001668409e-05
-69.6,17.1,5.59216019061809e-05
-69.5,17.1,5.17896409056097e-05
-69.4,17.1,5.05006525846307e-05
-69.3,17.1,5.27166880744883e-05
-69.2,17.1,5.9680879056897e-05
-69.1,17.1,7.33759535524845e-05
-69,17.1,9.67026773266055e-05
-68.9,17.1,0.000133463530521169
-68.8,17.1,0.000187921322332403
-68.7,17.1,0.000263332137570141
-68.6,17.1,0.00035843088687937
-68.5,17.1,0.000463021320093879
-68.4,17.1,0.000556591891299029
-68.3,17.1,0.00061353875717481
-68.2,17.1,0.000614296841551386
-68.1,17.1,0.000556046266010281
-68,17.1,0.00045508023815214
-67.9,17.1,0.000338618935755214
-67.8,17.1,0.000232066132762275
-67.7,17.1,0.000150198199501972
-67.6,17.1,9.60005682846016e-05
-67.5,17.1,6.47963049433113e-05
-67.4,17.1,4.92894718509958e-05
-67.3,17.1,4.28768562459735e-05
-67.2,17.1,4.09011924665413e-05
-67.1,17.1,4.06118825682379e-05
-67,17.1,4.06318459124724e-05
-66.9,17.1,4.04074575034614e-05
-66.8,17.1,3.98308990434646e-05
-66.7,17.1,3.90597563100587e-05
-66.6,17.1,3.84912028883634e-05
-66.5,17.1,3.88202057111761e-05
-66.4,17.1,4.10913349100725e-05
-66.3,17.1,4.67237671384872e-05
-66.2,17.1,5.78943972957727e-05
-66.1,17.1,7.93979061347851e-05
-66,17.1,0.00012252303602118
-65.9,17.1,0.000206585034840673
-65.8,17.1,0.00034813226490803
-65.7,17.1,0.000536715596502794
-65.6,17.1,0.000720101600859134
-65.5,17.1,0.000825650699045832
-65.4,17.1,0.000809945506314433
-65.3,17.1,0.000693094943960832
-65.2,17.1,0.000540492742108814
-65.1,17.1,0.000408723808038126
-65,17.1,0.000313939950142956
-64.9,17.1,0.00024540300845963
-64.8,17.1,0.000190887617776497
-64.7,17.1,0.000145573130368406
-64.6,17.1,0.000108684177317074
-64.5,17.1,7.97436770140304e-05
-64.4,17.1,5.76353013385211e-05
-64.3,17.1,4.09685552367901e-05
-64.2,17.1,2.84997198623713e-05
-64.1,17.1,1.92871075872096e-05
-64,17.1,1.26433496184069e-05
-63.9,17.1,8.02399294214415e-06
-63.8,17.1,4.95126195404604e-06
-63.7,17.1,2.99748154764002e-06
-63.6,17.1,1.8021695610451e-06
-63.5,17.1,1.08906393681347e-06
-63.4,17.1,6.66647983775519e-07
-63.3,17.1,4.13688525132329e-07
-63.2,17.1,2.58803180934727e-07
-63.1,17.1,1.61797067866199e-07
-63,17.1,1.00204377907046e-07
-62.9,17.1,6.1058837345802e-08
-62.8,17.1,3.64395657845231e-08
-70.9,17,8.97676798135979e-05
-70.8,17,8.77429155916212e-05
-70.7,17,8.48944697558332e-05
-70.6,17,8.23235094871151e-05
-70.5,17,8.05229685732015e-05
-70.4,17,7.91243749497805e-05
-70.3,17,7.71958887744958e-05
-70.2,17,7.39037066232913e-05
-70.1,17,6.90578529016241e-05
-70,17,6.31801041675568e-05
-69.9,17,5.71429563279668e-05
-69.8,17,5.17300829507468e-05
-69.7,17,4.74228801024767e-05
-69.6,17,4.4464514277861e-05
-69.5,17,4.30680833453903e-05
-69.4,17,4.36257623428617e-05
-69.3,17,4.68573779083355e-05
-69.2,17,5.39017988826107e-05
-69.1,17,6.63759996182598e-05
-69,17,8.64239207421193e-05
-68.9,17,0.000116725252585443
-68.8,17,0.000160252321749926
-68.7,17,0.000219262941344866
-68.6,17,0.000293009770788131
-68.5,17,0.000374650155019135
-68.4,17,0.000449666870604051
-68.3,17,0.000498785190108389
-68.2,17,0.000505825572219298
-68.1,17,0.000466291976711531
-68,17,0.000390440088434081
-67.9,17,0.000298265514246386
-67.8,17,0.000210141751725144
-67.7,17,0.00013943323307863
-67.6,17,9.04881413521724e-05
-67.5,17,6.09640679381977e-05
-67.4,17,4.55160107510772e-05
-67.3,17,3.86742186946219e-05
-67.2,17,3.62667640091835e-05
-67.1,17,3.56870608419267e-05
-67,17,3.55688966611196e-05
-66.9,17,3.53261193033527e-05
-66.8,17,3.47980603944865e-05
-66.7,17,3.40626727349115e-05
-66.6,17,3.33871972295247e-05
-66.5,17,3.32538245386434e-05
-66.4,17,3.43863546621398e-05
-66.3,17,3.77478495860385e-05
-66.2,17,4.47330890986443e-05
-66.1,17,5.82901466427548e-05
-66,17,8.55688134950716e-05
-65.9,17,0.000139912292207967
-65.8,17,0.000235755831688181
-65.7,17,0.000372824231933896
-65.6,17,0.000520185401209767
-65.5,17,0.000621333514521567
-65.4,17,0.00062932665032123
-65.3,17,0.00054646072977305
-65.2,17,0.000422987956469546
-65.1,17,0.000311651328476355
-65,17,0.000232122233602082
-64.9,17,0.000177521919074356
-64.8,17,0.000136827567146079
-64.7,17,0.000104517573112457
-64.6,17,7.87919380578438e-05
-64.5,17,5.86629864584715e-05
-64.4,17,4.30929690258479e-05
-64.3,17,3.11029693528336e-05
-64.2,17,2.19254533250661e-05
-64.1,17,1.50106951706501e-05
-64,17,9.94890833746879e-06
-63.9,17,6.38851069632198e-06
-63.8,17,3.99567107031242e-06
-63.7,17,2.45727267390976e-06
-63.6,17,1.50335366527601e-06
-63.5,17,9.24677241182567e-07
-63.4,17,5.75107861561338e-07
-63.3,17,3.61418749080872e-07
-63.2,17,2.28107801048069e-07
-63.1,17,1.43390332224696e-07
-63,17,8.90727609082443e-08
-62.9,17,5.43527045177688e-08
-62.8,17,3.24522026176814e-08
-62.7,17,1.89159126503227e-08
-70.9,16.9,5.90444043888847e-05
-70.8,16.9,5.71471591817376e-05
-70.7,16.9,5.45875473510492e-05
-70.6,16.9,5.20681648893137e-05
-70.5,16.9,5.00362377773477e-05
-70.4,16.9,4.85194057440981e-05
-70.3,16.9,4.72095406402292e-05
-70.2,16.9,4.57317577591179e-05
-70.1,16.9,4.39016464361244e-05
-70,16.9,4.18053070209356e-05
-69.9,16.9,3.96984343937726e-05
-69.8,16.9,3.78528732857347e-05
-69.7,16.9,3.64771131805755e-05
-69.6,16.9,3.57444586555337e-05
-69.5,16.9,3.58857052078697e-05
-69.4,16.9,3.72905802657019e-05
-69.3,16.9,4.05860280960278e-05
-69.2,16.9,4.66772700330677e-05
-69.1,16.9,5.67430880842231e-05
-69,16.9,7.21923244855969e-05
-68.9,16.9,9.46061924567072e-05
-68.8,16.9,0.000125623464078148
-68.7,16.9,0.000166501518569357
-68.6,16.9,0.000216920483587541
-68.5,16.9,0.000273042498551476
-68.4,16.9,0.000326066570138968
-68.3,16.9,0.000363397055250203
-68.2,16.9,0.000373322708421324
-68.1,16.9,0.000350970047187109
-68,16.9,0.000301327416692719
-67.9,16.9,0.000236976899021309
-67.8,16.9,0.000172267688125347
-67.7,16.9,0.000117900744637995
-67.6,16.9,7.86132915472163e-05
-67.5,16.9,5.39528822334629e-05
-67.4,16.9,4.05556476048441e-05
-67.3,16.9,3.43724342302981e-05
-67.2,16.9,3.20464340987786e-05
-67.1,16.9,3.13695637567278e-05
-67,16.9,3.11438771861078e-05
-66.9,16.9,3.08375834142101e-05
-66.8,16.9,3.02861705977528e-05
-66.7,16.9,2.95212649703051e-05
-66.6,16.9,2.87109400291982e-05
-66.5,16.9,2.81620517343654e-05
-66.4,16.9,2.83293316034863e-05
-66.3,16.9,2.97997590785552e-05
-66.2,16.9,3.33514682379397e-05
-66.1,16.9,4.04719237946265e-05
-66,16.9,5.47674297481622e-05
-65.9,16.9,8.34689318418663e-05
-65.8,16.9,0.000135804906519122
-65.7,16.9,0.000215008367514782
-65.6,16.9,0.000307031229957172
-65.5,16.9,0.000378369581310364
-65.4,16.9,0.00039497612308186
-65.3,16.9,0.000351442521125832
-65.2,16.9,0.00027649663837455
-65.1,16.9,0.00020511651407519
-65,16.9,0.00015261123133554
-64.9,16.9,0.000116324389053581
-64.8,16.9,8.96997130660089e-05
-64.7,16.9,6.90256779491685e-05
-64.6,16.9,5.27784535974011e-05
-64.5,16.9,4.00284268996202e-05
-64.4,16.9,2.99854146893699e-05
-64.3,16.9,2.20415845614559e-05
-64.2,16.9,1.5791772338594e-05
-64.1,16.9,1.09721689499233e-05
-64,16.9,7.37941083302571e-06
-63.9,16.9,4.81463445126731e-06
-63.8,16.9,3.06672425611558e-06
-63.7,16.9,1.92546716067419e-06
-63.6,16.9,1.20443903499666e-06
-63.5,16.9,7.57029840711881e-07
-63.4,16.9,4.79772180008811e-07
-63.3,16.9,3.05893325574666e-07
-63.2,16.9,1.94978210394117e-07
-63.1,16.9,1.23308295012338e-07
-63,16.9,7.6853311062214e-08
-62.9,16.9,4.69715069665885e-08
-62.8,16.9,2.80616812567045e-08
-62.7,16.9,1.63571176571859e-08
-62.6,16.9,9.29463991623456e-09
-70.9,16.8,3.79502001942815e-05
-70.8,16.8,3.65247394813109e-05
-70.7,16.8,3.46664798906106e-05
-70.6,16.8,3.28074731266769e-05
-70.5,16.8,3.12813116797118e-05
-70.4,16.8,3.02241691575964e-05
-70.3,16.8,2.95800573009082e-05
-70.2,16.8,2.91955368789172e-05
-70.1,16.8,2.89317467486078e-05
-70,16.8,2.87245490539674e-05
-69.9,16.8,2.85789217637205e-05
-69.8,16.8,2.85357424670135e-05
-69.7,16.8,2.86561494805178e-05
-69.6,16.8,2.90402053646089e-05
-69.5,16.8,2.98685596985312e-05
-69.4,16.8,3.1447653347531e-05
-69.3,16.8,3.4242652264066e-05
-69.2,16.8,3.88828204904095e-05
-69.1,16.8,4.61232381471567e-05
-69,16.8,5.67649717481485e-05
-68.9,16.8,7.15763925164672e-05
-68.8,16.8,9.12564749787411e-05
-68.7,16.8,0.000116339442801656
-68.6,16.8,0.000146732477945537
-68.5,16.8,0.00018068560150368
-68.4,16.8,0.000213705673663955
-68.3,16.8,0.000238698729184759
-68.2,16.8,0.000248250664992853
-68.1,16.8,0.000238180198052038
-68,16.8,0.000209980802208197
-67.9,16.8,0.000170339707465283
-67.8,16.8,0.000128135130651132
-67.7,16.8,9.09544432474947e-05
-67.6,16.8,6.29866802897863e-05
-67.5,16.8,4.48415915909832e-05
-67.4,16.8,3.47157204048098e-05
-67.3,16.8,2.99266473712821e-05
-67.2,16.8,2.80573028630239e-05
-67.1,16.8,2.74451157488766e-05
-67,16.8,2.71646772347406e-05
-66.9,16.8,2.6798083435046e-05
-66.8,16.8,2.62107948636306e-05
-66.7,16.8,2.54146634728361e-05
-66.6,16.8,2.45122459988754e-05
-66.5,16.8,2.36874897329875e-05
-66.4,16.8,2.32055158266114e-05
-66.3,16.8,2.33964862481333e-05
-66.2,16.8,2.465514333714e-05
-66.1,16.8,2.76167103355899e-05
-66,16.8,3.37348339076798e-05
-65.9,16.8,4.60666851853411e-05
-65.8,16.8,6.90072016178111e-05
-65.7,16.8,0.000105175143098557
-65.6,16.8,0.000149754698949547
-65.5,16.8,0.000187700372259296
-65.4,16.8,0.000201363869919124
-65.3,16.8,0.000185400429718795
-65.2,16.8,0.000151651672864123
-65.1,16.8,0.000116816683805479
-65,16.8,8.93565869834054e-05
-64.9,16.8,6.92253429364072e-05
-64.8,16.8,5.40278891282611e-05
-64.7,16.8,4.22018647102335e-05
-64.6,16.8,3.29142202241663e-05
-64.5,16.8,2.55370897964087e-05
-64.4,16.8,1.95704546861012e-05
-64.3,16.8,1.46907050129202e-05
-64.2,16.8,1.07268305805819e-05
-64.1,16.8,7.58818043466009e-06
-64,16.8,5.19864935966309e-06
-63.9,16.8,3.46163197328337e-06
-63.8,16.8,2.25626424894387e-06
-63.7,16.8,1.45292801877825e-06
-63.6,16.8,9.32771930101168e-07
-63.5,16.8,6.00633143635769e-07
-63.4,16.8,3.88395986352477e-07
-63.3,16.8,2.51361807454438e-07
-63.2,16.8,1.61822599879726e-07
-63.1,16.8,1.02956415362533e-07
-63,16.8,6.43798723006323e-08
-62.9,16.8,3.94107390845496e-08
-62.8,16.8,2.35593796818528e-08
-62.7,16.8,1.37339654471657e-08
-62.6,16.8,7.8025562926205e-09
-62.5,16.8,4.31942338113039e-09
-62.4,16.8,2.33046543934717e-09
-70.9,16.7,2.39167142785176e-05
-70.8,16.7,2.30082456573321e-05
-70.7,16.7,2.18703068529777e-05
-70.6,16.7,2.0761720208809e-05
-70.5,16.7,1.99038998148689e-05
-70.4,16.7,1.94242431583069e-05
-70.3,16.7,1.93416942512051e-05
-70.2,16.7,1.95943291498862e-05
-70.1,16.7,2.00854563229184e-05
-70,16.7,2.07212996220682e-05
-69.9,16.7,2.14294824734237e-05
-69.8,16.7,2.21658981163773e-05
-69.7,16.7,2.29229607971692e-05
-69.6,16.7,2.37452073856184e-05
-69.5,16.7,2.47493197532575e-05
-69.4,16.7,2.61417664832879e-05
-69.3,16.7,2.82263104861258e-05
-69.2,16.7,3.13908095412131e-05
-69.1,16.7,3.60613574268615e-05
-69,16.7,4.26264870893859e-05
-68.9,16.7,5.13711713485829e-05
-68.8,16.7,6.24795328666312e-05
-68.7,16.7,7.60870281221659e-05
-68.6,16.7,9.21940328334391e-05
-68.5,16.7,0.000110215496777947
-68.4,16.7,0.000128289969576378
-68.3,16.7,0.000143009987536699
-68.2,16.7,0.000150266842426625
-68.1,16.7,0.000147071419703779
-68,16.7,0.000133227376248525
-67.9,16.7,0.000111667860882356
-67.8,16.7,8.72274017958412e-05
-67.7,16.7,6.46684933047327e-05
-67.6,16.7,4.70898653103547e-05
-67.5,16.7,3.53920193210157e-05
-67.4,16.7,2.87546050332469e-05
-67.3,16.7,2.55804354338069e-05
-67.2,16.7,2.43146990163454e-05
-67.1,16.7,2.38485668531202e-05
-67,16.7,2.35540694763525e-05
-66.9,16.7,2.31466943075776e-05
-66.8,16.7,2.25364236916935e-05
-66.7,16.7,2.17320376485547e-05
-66.6,16.7,2.0798297304399e-05
-66.5,16.7,1.98439985503004e-05
-66.4,16.7,1.90183327899525e-05
-66.3,16.7,1.84996115170457e-05
-66.2,16.7,1.8482077942933e-05
-66.1,16.7,1.92151499073982e-05
-66,16.7,2.11855754270841e-05
-65.9,16.7,2.54189412277753e-05
-65.8,16.7,3.35146294723965e-05
-65.7,16.7,4.6706630035885e-05
-65.6,16.7,6.3770244965996e-05
-65.5,16.7,7.95476609207301e-05
-65.4,16.7,8.72149152165554e-05
-65.3,16.7,8.3774178858119e-05
-65.2,16.7,7.2521410412406e-05
-65.1,16.7,5.92259969199341e-05
-65,16.7,4.74243930832051e-05
-64.9,16.7,3.78552221516359e-05
-64.8,16.7,3.02167164278641e-05
-64.7,16.7,2.41563933736744e-05
-64.6,16.7,1.93350934955129e-05
-64.5,16.7,1.54089414307593e-05
-64.4,16.7,1.21126937215127e-05
-64.3,16.7,9.30551046648392e-06
-64.2,16.7,6.94205647504788e-06
-64.1,16.7,5.01575406423636e-06
-64,16.7,3.51402106178243e-06
-63.9,16.7,2.39844688716175e-06
-63.8,16.7,1.6064948068316e-06
-63.7,16.7,1.0646848488263e-06
-63.6,16.7,7.02981485481934e-07
-63.5,16.7,4.64056163740227e-07
-63.4,16.7,3.06072959581762e-07
-63.3,16.7,2.00910337718812e-07
-63.2,16.7,1.3053850330845e-07
-63.1,16.7,8.35072174924939e-08
-63,16.7,5.23728588438441e-08
-62.9,16.7,3.21066980443395e-08
-62.8,16.7,1.92041935651395e-08
-62.7,16.7,1.11964363894098e-08
-62.6,16.7,6.36019499702228e-09
-62.5,16.7,3.52012459418215e-09
-62.4,16.7,1.89866365528435e-09
-62.3,16.7,9.98473245037346e-10
-70.9,16.6,1.48189951273784e-05
-70.8,16.6,1.43342701882915e-05
-70.7,16.6,1.37635667759659e-05
-70.6,16.6,1.32591860070836e-05
-70.5,16.6,1.2957071168171e-05
-70.4,16.6,1.29454842108408e-05
-70.3,16.6,1.32507582834514e-05
-70.2,16.6,1.38427593433399e-05
-70.1,16.6,1.46533905579938e-05
-70,16.6,1.55982423004646e-05
-69.9,16.6,1.6595165451584e-05
-69.8,16.6,1.7579260390935e-05
-69.7,16.6,1.85163967990053e-05
-69.6,16.6,1.94161046053562e-05
-69.5,16.6,2.03422075839471e-05
-69.4,16.6,2.1418144364822e-05
-69.3,16.6,2.28230763974632e-05
-69.2,16.6,2.47732624972931e-05
-69.1,16.6,2.7483153673781e-05
-69,16.6,3.11105494237155e-05
-68.9,16.6,3.57145646879021e-05
-68.8,16.6,4.12725948121711e-05
-68.7,16.6,4.77632907080233e-05
-68.6,16.6,5.52143629252502e-05
-68.5,16.6,6.35479272216392e-05
-68.4,16.6,7.21990721791622e-05
-68.3,16.6,7.97983419117678e-05
-68.2,16.6,8.4352090461146e-05
-68.1,16.6,8.40424913689915e-05
-68,16.6,7.82167210636415e-05
-67.9,16.6,6.78868662251111e-05
-67.8,16.6,5.53736215509794e-05
-67.7,16.6,4.3315341325665e-05
-67.6,16.6,3.3650907241523e-05
-67.5,16.6,2.71171171942075e-05
-67.4,16.6,2.33925327585371e-05
-67.3,16.6,2.16164954373468e-05
-67.2,16.6,2.08959141187546e-05
-67.1,16.6,2.0577123644915e-05
-67,16.6,2.02869802649199e-05
-66.9,16.6,1.98589120881744e-05
-66.8,16.6,1.92453058343991e-05
-66.7,16.6,1.84589590347835e-05
-66.6,16.6,1.75449916253159e-05
-66.5,16.6,1.65708884183406e-05
-66.4,16.6,1.56224784533208e-05
-66.3,16.6,1.4797360738344e-05
-66.2,16.6,1.41951697145885e-05
-66.1,16.6,1.39201567658912e-05
-66,16.6,1.41256916461587e-05
-65.9,16.6,1.51042865738179e-05
-65.8,16.6,1.73255964197003e-05
-65.7,16.6,2.12096027948454e-05
-65.6,16.6,2.6527063591682e-05
-65.5,16.6,3.1875963966512e-05
-65.4,16.6,3.51657620850595e-05
-65.3,16.6,3.51333569943188e-05
-65.2,16.6,3.2253288418585e-05
-65.1,16.6,2.79775584370391e-05
-65,16.6,2.35095330281428e-05
-64.9,16.6,1.94440323021172e-05
-64.8,16.6,1.59987928168562e-05
-64.7,16.6,1.31870656972448e-05
-64.6,16.6,1.08872968400178e-05
-64.5,16.6,8.93597184105423e-06
-64.4,16.6,7.21510614144643e-06
-64.3,16.6,5.68015156143653e-06
-64.2,16.6,4.33786445196617e-06
-64.1,16.6,3.21018226250978e-06
-64,16.6,2.30783814494437e-06
-63.9,16.6,1.62023384955912e-06
-63.8,16.6,1.1183301427213e-06
-63.7,16.6,7.63852323463663e-07
-63.6,16.6,5.18617226347763e-07
-63.5,16.6,3.50478361079295e-07
-63.4,16.6,2.35329888559113e-07
-63.3,16.6,1.56397929220624e-07
-63.2,16.6,1.02418245627614e-07
-63.1,16.6,6.58193802298218e-08
-63,16.6,4.13813938899721e-08
-62.9,16.6,2.5398799999629e-08
-62.8,16.6,1.51994200372831e-08
-62.7,16.6,8.86270303084211e-09
-62.6,16.6,5.0342759280822e-09
-62.5,16.6,2.78595290351626e-09
-62.4,16.6,1.50246722545535e-09
-62.3,16.6,7.90022260841592e-10
-62.2,16.6,4.05289355578384e-10
-70.9,16.5,9.05694512163514e-06
-70.8,16.5,8.86678786393278e-06
-70.7,16.5,8.67593963935686e-06
-70.6,16.5,8.57298726670706e-06
-70.5,16.5,8.63690507600644e-06
-70.4,16.5,8.9200215988861e-06
-70.3,16.5,9.43819173726427e-06
-70.2,16.5,1.01704084548636e-05
-70.1,16.5,1.10663764579414e-05
-70,16.5,1.20585752964331e-05
-69.9,16.5,1.30756824954623e-05
-69.8,16.5,1.4055676315388e-05
-69.7,16.5,1.49578520804546e-05
-69.6,16.5,1.5772810871981e-05
-69.5,16.5,1.65288304995717e-05
-69.4,16.5,1.72926446569629e-05
-69.3,16.5,1.81625571744199e-05
-69.2,16.5,1.92517280016356e-05
-69.1,16.5,2.06605533846034e-05
-69,16.5,2.24430271965248e-05
-68.9,16.5,2.4584918537449e-05
-68.8,16.5,2.70213308309573e-05
-68.7,16.5,2.97024359319625e-05
-68.6,16.5,3.26577810280183e-05
-68.5,16.5,3.59602312900637e-05
-68.4,16.5,3.95399752066546e-05
-68.3,16.5,4.29581306512083e-05
-68.2,16.5,4.53716643241884e-05
-68.1,16.5,4.58333491866319e-05
-68,16.5,4.37995982075521e-05
-67.9,16.5,3.9506769891738e-05
-67.8,16.5,3.39336277606693e-05
-67.7,16.5,2.83595652127173e-05
-67.6,16.5,2.38107132211936e-05
-67.5,16.5,2.07295145683772e-05
-67.4,16.5,1.89976197195471e-05
-67.3,16.5,1.81907128169058e-05
-67.2,16.5,1.78498242759107e-05
-67.1,16.5,1.76345545886808e-05
-67,16.5,1.73517166346993e-05
-66.9,16.5,1.69193375867623e-05
-66.8,16.5,1.63209600678074e-05
-66.7,16.5,1.55740262580538e-05
-66.6,16.5,1.47136945434864e-05
-66.5,16.5,1.37859992661125e-05
-66.4,16.5,1.28445169996544e-05
-66.3,16.5,1.19466637027878e-05
-66.2,16.5,1.11485955794152e-05
-66.1,16.5,1.0502618996807e-05
-66,16.5,1.00655443524326e-05
-65.9,16.5,9.92081873554502e-06
-65.8,16.5,1.01921971304831e-05
-65.7,16.5,1.09955911440691e-05
-65.6,16.5,1.22948902362327e-05
-65.5,16.5,1.37554945174142e-05
-65.4,16.5,1.48151563359158e-05
-65.3,16.5,1.50210640852343e-05
-65.2,16.5,1.43107470230817e-05
-65.1,16.5,1.29557523870546e-05
-65,16.5,1.13209493492588e-05
-64.9,16.5,9.70116503292828e-06
-64.8,16.5,8.26535754658707e-06
-64.7,16.5,7.05319973409411e-06
-64.6,16.5,6.01620734665923e-06
-64.5,16.5,5.08403941182685e-06
-64.4,16.5,4.21320587707897e-06
-64.3,16.5,3.3985825028491e-06
-64.2,16.5,2.65940971335332e-06
-64.1,16.5,2.01937859650754e-06
-64,16.5,1.49275674672142e-06
-63.9,16.5,1.07961946918231e-06
-63.8,16.5,7.68127135947681e-07
-63.7,16.5,5.40033177800664e-07
-63.6,16.5,3.76061234916278e-07
-63.5,16.5,2.59350561332024e-07
-63.4,16.5,1.7674966901643e-07
-63.3,16.5,1.18646068738801e-07
-63.2,16.5,7.81798205528614e-08
-63.1,16.5,5.04221493377186e-08
-63,16.5,3.17612106504016e-08
-62.9,16.5,1.95121420947029e-08
-62.8,16.5,1.16812448310522e-08
-62.7,16.5,6.81217858456788e-09
-62.6,16.5,3.86961779686601e-09
-62.5,16.5,2.14144063664276e-09
-62.4,16.5,1.15491260628602e-09
-62.3,16.5,6.07322036833222e-10
-62.2,16.5,3.11612194200296e-10
-62.1,16.5,1.5614305052935e-10
-62,16.5,7.64956049546789e-11
-70.9,16.4,5.48520895638975e-06
-70.8,16.4,5.47378393630696e-06
-70.7,16.4,5.50349871903852e-06
-70.6,16.4,5.62558763699631e-06
-70.5,16.4,5.8841190574274e-06
-70.4,16.4,6.30676225892096e-06
-70.3,16.4,6.89882455573007e-06
-70.2,16.4,7.64197701538657e-06
-70.1,16.4,8.49757567473931e-06
-70,16.4,9.41341898144654e-06
-69.9,16.4,1.03324820792746e-05
-69.8,16.4,1.12023540690397e-05
-69.7,16.4,1.19842690666426e-05
-69.6,16.4,1.26605160813092e-05
-69.5,16.4,1.32387860481729e-05
-69.4,16.4,1.37519731814002e-05
-69.3,16.4,1.42522458634957e-05
-69.2,16.4,1.47988571874174e-05
-69.1,16.4,1.5440573724711e-05
-69,16.4,1.61969439768272e-05
-68.9,16.4,1.70483782538373e-05
-68.8,16.4,1.7948752540088e-05
-68.7,16.4,1.88652204690469e-05
-68.6,16.4,1.98223970630392e-05
-68.5,16.4,2.09013164923678e-05
-68.4,16.4,2.21583170142392e-05
-68.3,16.4,2.34997685813024e-05
-68.2,16.4,2.46200690794538e-05
-68.1,16.4,2.50959023234602e-05
-68,16.4,2.4612598958914e-05
-67.9,16.4,2.31735720024144e-05
-67.8,16.4,2.11337547344414e-05
-67.7,16.4,1.90256394364816e-05
-67.6,16.4,1.73021040210056e-05
-67.5,16.4,1.6166038957595e-05
-67.4,16.4,1.5565458681492e-05
-67.3,16.4,1.53051484122642e-05
-67.2,16.4,1.51725274774756e-05
-67.1,16.4,1.50108065911666e-05
-67,16.4,1.4733927984705e-05
-66.9,16.4,1.4310528481238e-05
-66.8,16.4,1.37425952027064e-05
-66.7,16.4,1.30501138092448e-05
-66.6,16.4,1.22625456153692e-05
-66.5,16.4,1.14145175087582e-05
-66.4,16.4,1.05432902631378e-05
-66.3,16.4,9.6864860127801e-06
-66.2,16.4,8.87954615574998e-06
-66.1,16.4,8.15380381047026e-06
-66,16.4,7.53733794841983e-06
-65.9,16.4,7.05952892807049e-06
-65.8,16.4,6.75427473256577e-06
-65.7,16.4,6.64957212045777e-06
-65.6,16.4,6.73520743419166e-06
-65.5,16.4,6.92700697960688e-06
-65.4,16.4,7.07386171100583e-06
-65.3,16.4,7.02751596174524e-06
-65.2,16.4,6.72272768903141e-06
-65.1,16.4,6.19927670778943e-06
-65,16.4,5.56147415750073e-06
-64.9,16.4,4.91720732760455e-06
-64.8,16.4,4.33231305307497e-06
-64.7,16.4,3.81822565143426e-06
-64.6,16.4,3.35129221629496e-06
-64.5,16.4,2.90318570824217e-06
-64.4,16.4,2.46092119580748e-06
-64.3,16.4,2.0299208062955e-06
-64.2,16.4,1.62626374285963e-06
-64.1,16.4,1.26680883367567e-06
-64,16.4,9.62488628801957e-07
-63.9,16.4,7.16137971567684e-07
-63.8,16.4,5.23799642681485e-07
-63.7,16.4,3.77594525837269e-07
-63.6,16.4,2.68499577530291e-07
-63.5,16.4,1.88169058883186e-07
-63.4,16.4,1.29706114125994e-07
-63.3,16.4,8.77191322409266e-08
-63.2,16.4,5.80642763755711e-08
-63.1,16.4,3.75452518081201e-08
-63,16.4,2.36821458938828e-08
-62.9,16.4,1.45585380019039e-08
-62.8,16.4,8.71836176935341e-09
-62.7,16.4,5.08506246646776e-09
-62.6,16.4,2.88884954131728e-09
-62.5,16.4,1.59889855870285e-09
-62.4,16.4,8.62485830705214e-10
-62.3,16.4,4.53684225032988e-10
-62.2,16.4,2.32882754236262e-10
-62.1,16.4,1.16762504097313e-10
-62,16.4,5.72478302468949e-11
-61.9,16.4,2.74876411817672e-11
-70.9,16.3,3.31153256380097e-06
-70.8,16.3,3.39257253189508e-06
-70.7,16.3,3.52900224260352e-06
-70.6,16.3,3.75048928571675e-06
-70.5,16.3,4.08095036222575e-06
-70.4,16.3,4.53348751513453e-06
-70.3,16.3,5.10693951523199e-06
-70.2,16.3,5.78486858136948e-06
-70.1,16.3,6.53717032863985e-06
-70,16.3,7.32395737593752e-06
-69.9,16.3,8.10106808647646e-06
-69.8,16.3,8.82643633224689e-06
-69.7,16.3,9.46647286833398e-06
-69.6,16.3,1.00014653547326e-05
-69.5,16.3,1.04288652203978e-05
-69.4,16.3,1.07633655532625e-05
-69.3,16.3,1.10330399451197e-05
-69.2,16.3,1.12715705953243e-05
-69.1,16.3,1.150779439789e-05
-69,16.3,1.17555825506213e-05
-68.9,16.3,1.20092599158358e-05
-68.8,16.3,1.22505736371093e-05
-68.7,16.3,1.24687946901594e-05
-68.6,16.3,1.26838879986823e-05
-68.5,16.3,1.295093955301e-05
-68.4,16.3,1.33281864806005e-05
-68.3,16.3,1.3819123703905e-05
-68.2,16.3,1.43324248276515e-05
-68.1,16.3,1.47051725646344e-05
-68,16.3,1.47900899506921e-05
-67.9,16.3,1.45495211772703e-05
-67.8,16.3,1.40842698414582e-05
-67.7,16.3,1.35743214408801e-05
-67.6,16.3,1.31777364497635e-05
-67.5,16.3,1.29595130541191e-05
-67.4,16.3,1.28867679630909e-05
-67.3,16.3,1.28724959404174e-05
-67.2,16.3,1.28262862025286e-05
-67.1,16.3,1.26840961504204e-05
-67,16.3,1.24143423130431e-05
-66.9,16.3,1.20111640218799e-05
-66.8,16.3,1.14852410471464e-05
-66.7,16.3,1.08567938943925e-05
-66.6,16.3,1.01511936032294e-05
-66.5,16.3,9.39623622867928e-06
-66.4,16.3,8.62023272205986e-06
-66.3,16.3,7.85042790836238e-06
-66.2,16.3,7.1115645769817e-06
-66.1,16.3,6.42475593310046e-06
-66,16.3,5.80714282505922e-06
-65.9,16.3,5.27254095009568e-06
-65.8,16.3,4.83193448002793e-06
-65.7,16.3,4.49111436314815e-06
-65.6,16.3,4.24377365347588e-06
-65.5,16.3,4.06396019540229e-06
-65.4,16.3,3.90754206859813e-06
-65.3,16.3,3.72823692544188e-06
-65.2,16.3,3.49943777791887e-06
-65.1,16.3,3.22505612147741e-06
-65,16.3,2.93147845365315e-06
-64.9,16.3,2.64787897661482e-06
-64.8,16.3,2.38937024422156e-06
-64.7,16.3,2.15306436092613e-06
-64.6,16.3,1.92614425915691e-06
-64.5,16.3,1.69722414863546e-06
-64.4,16.3,1.46313790359968e-06
-64.3,16.3,1.22915652924165e-06
-64.2,16.3,1.00512472351509e-06
-64.1,16.3,8.00910480851932e-07
-64,16.3,6.23321769069024e-07
-63.9,16.3,4.75079770860733e-07
-63.8,16.3,3.55387169399201e-07
-63.7,16.3,2.61232618365564e-07
-63.6,16.3,1.88683601081359e-07
-63.5,16.3,1.33776242543934e-07
-63.4,16.3,9.29531256655182e-08
-63.3,16.3,6.31866362554634e-08
-63.2,16.3,4.1953961109901e-08
-63.1,16.3,2.71746991994964e-08
-63,16.3,1.71562661172391e-08
-62.9,16.3,1.05516003880456e-08
-62.8,16.3,6.32038807419053e-09
-62.7,16.3,3.68710297721112e-09
-62.6,16.3,2.09509313735434e-09
-62.5,16.3,1.15990332863861e-09
-62.4,16.3,6.25929702900613e-10
-62.3,16.3,3.29431607339437e-10
-62.2,16.3,1.69226172995087e-10
-62.1,16.3,8.49277556747023e-11
-62,16.3,4.16905170096792e-11
-61.9,16.3,2.00485692709482e-11
-61.8,16.3,9.46204653668934e-12
-70.9,16.2,2.00556852512478e-06
-70.8,16.2,2.12243040255123e-06
-70.7,16.2,2.29380962365126e-06
-70.6,16.2,2.5370438487904e-06
-70.5,16.2,2.86492286886883e-06
-70.4,16.2,3.28283411759432e-06
-70.3,16.2,3.78676967135252e-06
-70.2,16.2,4.36266134815741e-06
-70.1,16.2,4.98723915172952e-06
-70,16.2,5.63034068993866e-06
-69.9,16.2,6.25839508412901e-06
-69.8,16.2,6.83865740172313e-06
-69.7,16.2,7.34363542441562e-06
-69.6,16.2,7.75500844690603e-06
-69.5,16.2,8.06623219278982e-06
-69.4,16.2,8.28306047600934e-06
-69.3,16.2,8.42150450344121e-06
-69.2,16.2,8.50333932050744e-06
-69.1,16.2,8.55009820300738e-06
-69,16.2,8.57742875120823e-06
-68.9,16.2,8.59242741432453e-06
-68.8,16.2,8.59642320915871e-06
-68.7,16.2,8.59351593282006e-06
-68.6,16.2,8.60061296059698e-06
-68.5,16.2,8.65031793315026e-06
-68.4,16.2,8.77932016012115e-06
-68.3,16.2,9.00508009783966e-06
-68.2,16.2,9.30662270750462e-06
-68.1,16.2,9.62780172838436e-06
-68,16.2,9.90622492388953e-06
-67.9,16.2,1.01087167306015e-05
-67.8,16.2,1.02462615702589e-05
-67.7,16.2,1.03576294076691e-05
-67.6,16.2,1.04765318147959e-05
-67.5,16.2,1.06077789757673e-05
-67.4,16.2,1.07260089945671e-05
-67.3,16.2,1.07912426203734e-05
-67.2,16.2,1.07667467535037e-05
-67.1,16.2,1.06293786534016e-05
-67,16.2,1.03714237101725e-05
-66.9,16.2,9.9977348896908e-06
-66.8,16.2,9.52183408691486e-06
-66.7,16.2,8.96263929992417e-06
-66.6,16.2,8.34202967948551e-06
-66.5,16.2,7.68299570912407e-06
-66.4,16.2,7.00816207598629e-06
-66.3,16.2,6.33858764831248e-06
-66.2,16.2,5.69281213430545e-06
-66.1,16.2,5.08616779615563e-06
-66,16.2,4.53042137201239e-06
-65.9,16.2,4.03375757864489e-06
-65.8,16.2,3.60085619497256e-06
-65.7,16.2,3.23252993489586e-06
-65.6,16.2,2.92464721191791e-06
-65.5,16.2,2.66719965925978e-06
-65.4,16.2,2.44545668391282e-06
-65.3,16.2,2.24428858771468e-06
-65.2,16.2,2.05374176107849e-06
-65.1,16.2,1.87184013408084e-06
-65,16.2,1.70226131723783e-06
-64.9,16.2,1.54871773482675e-06
-64.8,16.2,1.41044462595119e-06
-64.7,16.2,1.28182547485857e-06
-64.6,16.2,1.15557776335117e-06
-64.5,16.2,1.02659026627642e-06
-64.4,16.2,8.93954158553205e-07
-64.3,16.2,7.60633995290835e-07
-64.2,16.2,6.31679286375913e-07
-64.1,16.2,5.12212584841989e-07
-64,16.2,4.06028033022278e-07
-63.9,16.2,3.15056576321368e-07
-63.8,16.2,2.39526492136277e-07
-63.7,16.2,1.78471080116407e-07
-63.6,16.2,1.30271937299954e-07
-63.5,16.2,9.30681428012022e-08
-63.4,16.2,6.49994275180524e-08
-63.3,16.2,4.43267892427929e-08
-63.2,16.2,2.9487139280317e-08
-63.1,16.2,1.91194712544215e-08
-63,16.2,1.20774213264527e-08
-62.9,16.2,7.43028674094979e-09
-62.8,16.2,4.45175201557095e-09
-62.7,16.2,2.59764478497466e-09
-62.6,16.2,1.47652296235927e-09
-62.5,16.2,8.17816834677092e-10
-62.4,16.2,4.41600003385782e-10
-62.3,16.2,2.32609088582887e-10
-62.2,16.2,1.19617249620921e-10
-62.1,16.2,6.01129796386271e-11
-62,16.2,2.95595782489675e-11
-61.9,16.2,1.42449267538083e-11
-61.8,16.2,6.74021240949547e-12
-70.9,16.1,1.22486567285579e-06
-70.8,16.1,1.34449225800943e-06
-70.7,16.1,1.51092617537804e-06
-70.6,16.1,1.73446899764268e-06
-70.5,16.1,2.02196051747083e-06
-70.4,16.1,2.37510318423748e-06
-70.3,16.1,2.78927497660048e-06
-70.2,16.1,3.25310377923412e-06
-70.1,16.1,3.748956999829e-06
-70,16.1,4.25436380197606e-06
-69.9,16.1,4.7442577690816e-06
-69.8,16.1,5.1938076524158e-06
-69.7,16.1,5.58148478406445e-06
-69.6,16.1,5.89190074873386e-06
-69.5,16.1,6.11787142408174e-06
-69.4,16.1,6.26118748189697e-06
-69.3,16.1,6.33176368598724e-06
-69.2,16.1,6.34522175571221e-06
-69.1,16.1,6.31947175251558e-06
-69,16.1,6.2713445827592e-06
-68.9,16.1,6.21457669313381e-06
-68.8,16.1,6.16018705271575e-06
-68.7,16.1,6.11926014148331e-06
-68.6,16.1,6.10643681506275e-06
-68.5,16.1,6.14094927075814e-06
-68.4,16.1,6.24252033248164e-06
-68.3,16.1,6.42283191276774e-06
-68.2,16.1,6.67771998940454e-06
-68.1,16.1,6.98651335464162e-06
-68,16.1,7.32036632125738e-06
-67.9,16.1,7.65407498296106e-06
-67.8,16.1,7.97268699587734e-06
-67.7,16.1,8.26882400927824e-06
-67.6,16.1,8.53465280573716e-06
-67.5,16.1,8.75605929454032e-06
-67.4,16.1,8.91318749837358e-06
-67.3,16.1,8.98568185429433e-06
-67.2,16.1,8.95829515696781e-06
-67.1,16.1,8.82393682233761e-06
-67,16.1,8.58390953270781e-06
-66.9,16.1,8.24652824848536e-06
-66.8,16.1,7.82526999385157e-06
-66.7,16.1,7.33700593392846e-06
-66.6,16.1,6.80043858544018e-06
-66.5,16.1,6.23473411387385e-06
-66.4,16.1,5.65835211483679e-06
-66.3,16.1,5.0880997912638e-06
-66.2,16.1,4.53843274625567e-06
-66.1,16.1,4.02100434015467e-06
-66,16.1,3.54444896475673e-06
-65.9,16.1,3.11436755844033e-06
-65.8,16.1,2.73344923396504e-06
-65.7,16.1,2.40163351598893e-06
-65.6,16.1,2.11627957084912e-06
-65.5,16.1,1.87250271507483e-06
-65.4,16.1,1.66398245248979e-06
-65.3,16.1,1.48431609533167e-06
-65.2,16.1,1.32839516262411e-06
-65.1,16.1,1.1929231858169e-06
-65,16.1,1.07566698833413e-06
-64.9,16.1,9.74051573174913e-07
-64.8,16.1,8.84269117257713e-07
-64.7,16.1,8.01601371700144e-07
-64.6,16.1,7.21655217329612e-07
-64.5,16.1,6.41619078503958e-07
-64.4,16.1,5.60824586146454e-07
-64.3,16.1,4.80471643494713e-07
-64.2,16.1,4.02828862584619e-07
-64.1,16.1,3.30347520178061e-07
-64,16.1,2.65007096382844e-07
-63.9,16.1,2.08007369402974e-07
-63.8,16.1,1.59756482265348e-07
-63.7,16.1,1.20028000165078e-07
-63.6,16.1,8.81661502265452e-08
-63.5,16.1,6.32672440178348e-08
-63.4,16.1,4.43148322988598e-08
-63.3,16.1,3.02743202852443e-08
-63.2,16.1,2.01594130652454e-08
-63.1,16.1,1.30785222328915e-08
-63,16.1,8.2640383474117e-09
-62.9,16.1,5.08538323785308e-09
-62.8,16.1,3.04760092853512e-09
-62.7,16.1,1.77891229859312e-09
-62.6,16.1,1.01163220686084e-09
-62.5,16.1,5.60691646953535e-10
-62.4,16.1,3.03024781923667e-10
-62.3,16.1,1.59797965371426e-10
-62.2,16.1,8.22943057615004e-11
-62.1,16.1,4.14319808793917e-11
-62,16.1,2.0419418592251e-11
-61.9,16.1,9.86724190172487e-12
-61.8,16.1,4.68420617951151e-12
-70.9,16,7.5641364826005e-07
-70.8,16,8.62223088691377e-07
-70.7,16,1.00512963593243e-06
-70.6,16,1.19138457569238e-06
-70.5,16,1.42470346221599e-06
-70.4,16,1.70523747725059e-06
-70.3,16,2.02883478198874e-06
-70.2,16,2.38675983338877e-06
-70.1,16,2.76598448710788e-06
-70,16,3.15009148811138e-06
-69.9,16,3.52074804134624e-06
-69.8,16,3.85961877356346e-06
-69.7,16,4.15049639716883e-06
-69.6,16,4.38134441967632e-06
-69.5,16,4.5458929041078e-06
-69.4,16,4.64444221987127e-06
-69.3,16,4.68364621777916e-06
-69.2,16,4.67527314588633e-06
-69.1,16,4.63423591078664e-06
-69,16,4.57644419941756e-06
-68.9,16,4.51713322284468e-06
-68.8,16,4.47016019973431e-06
-68.7,16,4.4482980080078e-06
-68.6,16,4.46391624880422e-06
-68.5,16,4.52897096603124e-06
-68.4,16,4.65341401837e-06
-68.3,16,4.84219874565564e-06
-68.2,16,5.09243855406301e-06
-68.1,16,5.39274142479092e-06
-68,16,5.72550453167325e-06
-67.9,16,6.07080427574856e-06
-67.8,16,6.40942550614429e-06
-67.7,16,6.72364889991444e-06
-67.6,16,6.9965482944252e-06
-67.5,16,7.21160985504007e-06
-67.4,16,7.35369757049007e-06
-67.3,16,7.410925332917e-06
-67.2,16,7.37632562232277e-06
-67.1,16,7.24858653458595e-06
-67,16,7.0318303937901e-06
-66.9,16,6.73478529953422e-06
-66.8,16,6.36969231512483e-06
-66.7,16,5.95114186094173e-06
-66.6,16,5.49492793412065e-06
-66.5,16,5.01697742008561e-06
-66.4,16,4.53241191968056e-06
-66.3,16,4.05479501155122e-06
-66.2,16,3.59559812649184e-06
-66.1,16,3.16388960337505e-06
-66,16,2.76622566892221e-06
-65.9,16,2.40670702812865e-06
-65.8,16,2.08716106880375e-06
-65.7,16,1.80741535587406e-06
-65.6,16,1.56564458566107e-06
-65.5,16,1.35879589134074e-06
-65.4,16,1.18309659716403e-06
-65.3,16,1.03458739845318e-06
-65.2,16,9.09529307269877e-07
-65.1,16,8.04520156286286e-07
-65,16,7.16310565548934e-07
-64.9,16,6.41534652615532e-07
-64.8,16,5.76649583112966e-07
-64.7,16,5.18213624853832e-07
-64.6,16,4.63369117689393e-07
-64.5,16,4.10258650556967e-07
-64.4,16,3.58168131433761e-07
-64.3,16,3.07362608961869e-07
-64.2,16,2.5872337621364e-07
-64.1,16,2.13343037439044e-07
-64,16,1.72201705362078e-07
-63.9,16,1.35978487063089e-07
-63.8,16,1.04990360082191e-07
-63.7,16,7.92176669621183e-08
-63.6,16,5.83721497813382e-08
-63.5,16,4.19766602554117e-08
-63.4,16,2.94410140193301e-08
-63.3,16,2.01281544393788e-08
-63.2,16,1.34084476357395e-08
-63.1,16,8.70065085496023e-09
-63,16,5.49864798478215e-09
-62.9,16,3.38435529413065e-09
-62.8,16,2.02882854866796e-09
-62.7,16,1.18479752603899e-09
-62.6,16,6.74217119528889e-10
-62.5,16,3.74017010392923e-10
-62.4,16,2.02375123424607e-10
-62.3,16,1.06882131799495e-10
-62.2,16,5.51475698188223e-11
-62.1,16,2.78298156401843e-11
-62,16,1.37549928453074e-11
-61.9,16,6.66971957510587e-12
-61.8,16,3.17920242372275e-12
-70.9,15.9,4.72130165291539e-07
-70.8,15.9,5.57915945178548e-07
-70.7,15.9,6.71546373884932e-07
-70.6,15.9,8.16895549293611e-07
-70.5,15.9,9.96041218473292e-07
-70.4,15.9,1.20860888309973e-06
-70.3,15.9,1.45129401120761e-06
-70.2,15.9,1.71767081867145e-06
-70.1,15.9,1.99837028123851e-06
-70,15.9,2.28166794694127e-06
-69.9,15.9,2.5544675661907e-06
-69.8,15.9,2.80360364475528e-06
-69.7,15.9,3.01732046337805e-06
-69.6,15.9,3.18672674570706e-06
-69.5,15.9,3.30698981937142e-06
-69.4,15.9,3.37804099225351e-06
-69.3,15.9,3.40463203166162e-06
-69.2,15.9,3.39571231987981e-06
-69.1,15.9,3.36326103774119e-06
-69,15.9,3.32085385894635e-06
-68.9,15.9,3.28230354489974e-06
-68.8,15.9,3.26064340509024e-06
-68.7,15.9,3.26752812631904e-06
-68.6,15.9,3.31288240354757e-06
-68.5,15.9,3.40446775078026e-06
-68.4,15.9,3.54710051676225e-06
-68.3,15.9,3.74157279381663e-06
-68.2,15.9,3.98372651365209e-06
-68.1,15.9,4.26427699470957e-06
-68,15.9,4.56966618912918e-06
-67.9,15.9,4.88364286112579e-06
-67.8,15.9,5.18891553676329e-06
-67.7,15.9,5.46840853075628e-06
-67.6,15.9,5.706136428943e-06
-67.5,15.9,5.88799422068176e-06
-67.4,15.9,6.00263247423462e-06
-67.3,15.9,6.04229577434171e-06
-67.2,15.9,6.00337642522542e-06
-67.1,15.9,5.88653561558893e-06
-67,15.9,5.69641076007597e-06
-66.9,15.9,5.44101994555656e-06
-66.8,15.9,5.13098009788639e-06
-66.7,15.9,4.77862949845236e-06
-66.6,15.9,4.39712703909838e-06
-66.5,15.9,3.99959453158672e-06
-66.4,15.9,3.59836371924947e-06
-66.3,15.9,3.2043780671329e-06
-66.2,15.9,2.82677953585688e-06
-66.1,15.9,2.47268609335067e-06
-66,15.9,2.14714295631709e-06
-65.9,15.9,1.85321549436263e-06
-65.8,15.9,1.5921870985251e-06
-65.7,15.9,1.36382903544864e-06
-65.6,15.9,1.16671585949348e-06
-65.5,15.9,9.98563103496356e-07
-65.4,15.9,8.56559249859332e-07
-65.3,15.9,7.37652992643919e-07
-65.2,15.9,6.38752617720715e-07
-65.1,15.9,5.56816211112668e-07
-65,15.9,4.88861591437716e-07
-64.9,15.9,4.31971298867669e-07
-64.8,15.9,3.83366701465549e-07
-64.7,15.9,3.40568121697146e-07
-64.6,15.9,3.01587223873383e-07
-64.5,15.9,2.65066627459316e-07
-64.4,15.9,2.30305822013695e-07
-64.3,15.9,1.97166274328633e-07
-64.2,15.9,1.65895294698418e-07
-64.1,15.9,1.36927014895135e-07
-64,15.9,1.10710309104601e-07
-63.9,15.9,8.75905532522617e-08
-63.8,15.9,6.77490418248593e-08
-63.7,15.9,5.11893293048586e-08
-63.6,15.9,3.77550433461682e-08
-63.5,15.9,2.7165306121997e-08
-63.4,15.9,1.90574686991246e-08
-63.3,15.9,1.30299100700146e-08
-63.2,15.9,8.67977094272656e-09
-63.1,15.9,5.63223608701749e-09
-63,15.9,3.55977085712634e-09
-62.9,15.9,2.19149219559465e-09
-62.8,15.9,1.31427540583158e-09
-62.7,15.9,7.67993721200991e-10
-62.6,15.9,4.37418952262981e-10
-62.5,15.9,2.4294242716086e-10
-62.4,15.9,1.31654037716224e-10
-62.3,15.9,6.96662426883928e-11
-62.2,15.9,3.60318609473769e-11
-62.1,15.9,1.82367128519041e-11
-62,15.9,9.04557106473939e-12
-61.9,15.9,4.40467409105233e-12
-61.8,15.9,2.1099195051363e-12
-70.9,15.8,2.96908106892937e-07
-70.8,15.8,3.62328429735245e-07
-70.7,15.8,4.478111613282e-07
-70.6,15.8,5.55797649933608e-07
-70.5,15.8,6.87492650105786e-07
-70.4,15.8,8.42436255782739e-07
-70.3,15.8,1.01818777717391e-06
-70.2,15.8,1.21019386051703e-06
-70.1,15.8,1.41189997894857e-06
-70,15.8,1.61513865027196e-06
-69.9,15.8,1.81079109016212e-06
-69.8,15.8,1.98967495926779e-06
-69.7,15.8,2.14356498023645e-06
-69.6,15.8,2.26621353711485e-06
-69.5,15.8,2.35421527773666e-06
-69.4,15.8,2.40756423881526e-06
-69.3,15.8,2.42979190942026e-06
-69.2,15.8,2.42764880129759e-06
-69.1,15.8,2.41038552660275e-06
-69,15.8,2.38877378384459e-06
-68.9,15.8,2.37405060083863e-06
-68.8,15.8,2.37695010929808e-06
-68.7,15.8,2.40691182042673e-06
-68.6,15.8,2.47145831141796e-06
-68.5,15.8,2.57567081281927e-06
-68.4,15.8,2.72170105025064e-06
-68.3,15.8,2.90834339047153e-06
-68.2,15.8,3.13079678638127e-06
-68.1,15.8,3.38078224524987e-06
-68,15.8,3.6470966585736e-06
-67.9,15.8,3.91652450038597e-06
-67.8,15.8,4.17491430225338e-06
-67.7,15.8,4.40823643325656e-06
-67.6,15.8,4.60353310748702e-06
-67.5,15.8,4.7497451000691e-06
-67.4,15.8,4.83839987402242e-06
-67.3,15.8,4.86411181916116e-06
-67.2,15.8,4.82483801797147e-06
-67.1,15.8,4.72186531824207e-06
-67,15.8,4.55954756022439e-06
-66.9,15.8,4.34483974705093e-06
-66.8,15.8,4.08668646169597e-06
-66.7,15.8,3.79532443790081e-06
-66.6,15.8,3.48155996696513e-06
-66.5,15.8,3.15608040627806e-06
-66.4,15.8,2.82885293025087e-06
-66.3,15.8,2.50865165272012e-06
-66.2,15.8,2.2027372895496e-06
-66.1,15.8,1.91669422126558e-06
-66,15.8,1.65441175366313e-06
-65.9,15.8,1.41818315339933e-06
-65.8,15.8,1.20888980482501e-06
-65.7,15.8,1.02623811201588e-06
-65.6,15.8,8.69020642328051e-07
-65.5,15.8,7.35377020139129e-07
-65.4,15.8,6.23032704190251e-07
-65.3,15.8,5.29496745962688e-07
-65.2,15.8,4.52206807142714e-07
-65.1,15.8,3.88623310431976e-07
-65,15.8,3.36290719998739e-07
-64.9,15.8,2.92892750006713e-07
-64.8,15.8,2.56321552113948e-07
-64.7,15.8,2.2476101239704e-07
-64.6,15.8,1.96764155270694e-07
-64.5,15.8,1.71297473748782e-07
-64.4,15.8,1.47733995514165e-07
-64.3,15.8,1.25794750598404e-07
-64.2,15.8,1.0545443288632e-07
-64.1,15.8,8.68346142963117e-08
-64,15.8,7.01060975693698e-08
-63.9,15.8,5.54143809960327e-08
-63.8,15.8,4.28333713728057e-08
-63.7,15.8,3.23456699274019e-08
-63.6,15.8,2.38440019468541e-08
-63.5,15.8,1.7147086599284e-08
-63.4,15.8,1.20234053288869e-08
-63.3,15.8,8.21718945725863e-09
-63.2,15.8,5.4722009232288e-09
-63.1,15.8,3.55039071536972e-09
-63,15.8,2.24410627935222e-09
-62.9,15.8,1.38192725020662e-09
-62.8,15.8,8.29213244981686e-10
-62.7,15.8,4.84949882981102e-10
-62.6,15.8,2.76526770803853e-10
-62.5,15.8,1.53816841468315e-10
-62.4,15.8,8.3517854651755e-11
-62.3,15.8,4.4301933128134e-11
-62.2,15.8,2.29817205753369e-11
-62.1,15.8,1.1673734649307e-11
-62,15.8,5.81525402139243e-12
-61.9,15.8,2.84604968583222e-12
-61.8,15.8,1.37129165549409e-12
-70.9,15.7,1.87224650301071e-07
-70.8,15.7,2.34789055472932e-07
-70.7,15.7,2.96335031750678e-07
-70.6,15.7,3.73416322410601e-07
-70.5,15.7,4.66756812886721e-07
-70.4,15.7,5.75969142446959e-07
-70.3,15.7,6.99344601776601e-07
-70.2,15.7,8.33763063522936e-07
-70.1,15.7,9.74764435764762e-07
-70,15.7,1.1168066645364e-06
-69.9,15.7,1.25371054427372e-06
-69.8,15.7,1.37926122071675e-06
-69.7,15.7,1.48790477547604e-06
-69.6,15.7,1.57545163377872e-06
-69.5,15.7,1.63968345258357e-06
-69.4,15.7,1.68076275259308e-06
-69.3,15.7,1.70136834351927e-06
-69.2,15.7,1.70652294804173e-06
-69.1,15.7,1.70313391201969e-06
-69,15.7,1.69931899662964e-06
-68.9,15.7,1.70362096749578e-06
-68.8,15.7,1.72421680317448e-06
-68.7,15.7,1.76820171468745e-06
-68.6,15.7,1.84098949955643e-06
-68.5,15.7,1.94583980224366e-06
-68.4,15.7,2.08351491929987e-06
-68.3,15.7,2.25208375542597e-06
-68.2,15.7,2.44691114881957e-06
-68.1,15.7,2.66087282916354e-06
-68,15.7,2.88480694168203e-06
-67.9,15.7,3.10816390279481e-06
-67.8,15.7,3.31977598210177e-06
-67.7,15.7,3.50865751364673e-06
-67.6,15.7,3.66476197389813e-06
-67.5,15.7,3.77964294808401e-06
-67.4,15.7,3.84697867514989e-06
-67.3,15.7,3.86292727856928e-06
-67.2,15.7,3.82629070736506e-06
-67.1,15.7,3.73848211927991e-06
-67,15.7,3.60330956859052e-06
-66.9,15.7,3.4266040605939e-06
-66.8,15.7,3.21573115407274e-06
-66.7,15.7,2.97903271008856e-06
-66.6,15.7,2.72524895109703e-06
-66.5,15.7,2.46296995612308e-06
-66.4,15.7,2.20015964226093e-06
-66.3,15.7,1.94378463312747e-06
-66.2,15.7,1.6995665484054e-06
-66.1,15.7,1.47186116625716e-06
-66,15.7,1.2636539377747e-06
-65.9,15.7,1.07665066600256e-06
-65.8,15.7,9.11436243289964e-07
-65.7,15.7,7.67673306839088e-07
-65.6,15.7,6.44315336501875e-07
-65.5,15.7,5.39813310309453e-07
-65.4,15.7,4.52300287419497e-07
-65.3,15.7,3.79744018513406e-07
-65.2,15.7,3.2006424895843e-07
-65.1,15.7,2.71218401615937e-07
-65,15.7,2.31264881334707e-07
-64.9,15.7,1.98414689320198e-07
-64.8,15.7,1.71078213054326e-07
-64.7,15.7,1.47906908143634e-07
-64.6,15.7,1.27823309951986e-07
-64.5,15.7,1.10031011347576e-07
-64.4,15.7,9.39995943345888e-08
-64.3,15.7,7.94257663063741e-08
-64.2,15.7,6.61778405204925e-08
-64.1,15.7,5.42338497974466e-08
-64,15.7,4.36234004174131e-08
-63.9,15.7,3.43807320852927e-08
-63.8,15.7,2.65128096982804e-08
-63.7,15.7,1.99828777404667e-08
-63.6,15.7,1.47074194906737e-08
-63.5,15.7,1.05630236433867e-08
-63.4,15.7,7.39914677516209e-09
-63.3,15.7,5.05297678856967e-09
-63.2,15.7,3.36334508137208e-09
-63.1,15.7,2.18167787718647e-09
-63,15.7,1.3790769896276e-09
-62.9,15.7,8.49560184329436e-10
-62.8,15.7,5.10132001790427e-10
-62.7,15.7,2.98660245882648e-10
-62.6,15.7,1.70551627846573e-10
-62.5,15.7,9.50507809758677e-11
-62.4,15.7,5.17349859468251e-11
-62.3,15.7,2.75251442100889e-11
-62.2,15.7,1.43308180842875e-11
-62.1,15.7,7.31122546063229e-12
-62,15.7,3.66081955014085e-12
-61.9,15.7,1.80233874896816e-12
-61.8,15.7,8.74308177866e-13
-70.9,15.6,1.17764949606924e-07
-70.8,15.6,1.50995072361432e-07
-70.7,15.6,1.93690536657507e-07
-70.6,15.6,2.46842768306963e-07
-70.5,15.6,3.10899397137204e-07
-70.4,15.6,3.85580409866802e-07
-70.3,15.6,4.69739892826795e-07
-70.2,15.6,5.61306075224955e-07
-70.1,15.6,6.57328119024217e-07
-70,15.6,7.5414738741761e-07
-69.9,15.6,8.47694297602386e-07
-69.8,15.6,9.33891286712963e-07
-69.7,15.6,1.0091211762463e-06
-69.6,15.6,1.0707024890144e-06
-69.5,15.6,1.1173033958018e-06
-69.4,15.6,1.14922747453648e-06
-69.3,15.6,1.16851894331616e-06
-69.2,15.6,1.17886109147749e-06
-69.1,15.6,1.18527442117998e-06
-69,15.6,1.19365288681981e-06
-68.9,15.6,1.21019939182484e-06
-68.8,15.6,1.24082987836013e-06
-68.7,15.6,1.29060880936615e-06
-68.6,15.6,1.36326311728673e-06
-68.5,15.6,1.46080507855412e-06
-68.4,15.6,1.58328351493618e-06
-68.3,15.6,1.72867823280101e-06
-68.2,15.6,1.8929501317153e-06
-68.1,15.6,2.07025247944201e-06
-68,15.6,2.25329429651452e-06
-67.9,15.6,2.4338276988061e-06
-67.8,15.6,2.60321469716835e-06
-67.7,15.6,2.75302122877439e-06
-67.6,15.6,2.87558753226128e-06
-67.5,15.6,2.96453060945008e-06
-67.4,15.6,3.01514285678713e-06
-67.3,15.6,3.02466007590388e-06
-67.2,15.6,2.99238259827563e-06
-67.1,15.6,2.91964528447468e-06
-67,15.6,2.80964475932969e-06
-66.9,15.6,2.66714413211554e-06
-66.8,15.6,2.4980854512359e-06
-66.7,15.6,2.30914720607461e-06
-66.6,15.6,2.10728741466073e-06
-66.5,15.6,1.89931170741631e-06
-66.4,15.6,1.69150043270909e-06
-66.3,15.6,1.48931992506539e-06
-66.2,15.6,1.29723197000485e-06
-66.1,15.6,1.11860375561324e-06
-66,15.6,9.55709870846771e-07
-65.9,15.6,8.09809641430494e-07
-65.8,15.6,6.81278238172379e-07
-65.7,15.6,5.69768774462456e-07
-65.6,15.6,4.7438450367466e-07
-65.5,15.6,3.93844225254561e-07
-65.4,15.6,3.26629058269175e-07
-65.3,15.6,2.71104054711327e-07
-65.2,15.6,2.25613142041175e-07
-65.1,15.6,1.88550012266778e-07
-65,15.6,1.58410079861706e-07
-64.9,15.6,1.3382894759747e-07
-64.8,15.6,1.13611078648379e-07
-64.7,15.6,9.67496135893389e-08
-64.6,15.6,8.24359975578022e-08
-64.5,15.6,7.00574366971407e-08
-64.4,15.6,5.91813689908524e-08
-64.3,15.6,4.95283848982291e-08
-64.2,15.6,4.09372629381982e-08
-64.1,15.6,3.33271062988088e-08
-64,15.6,2.66616273785981e-08
-63.9,15.6,2.09195970078742e-08
-63.8,15.6,1.60738193443856e-08
-63.7,15.6,1.20792201199081e-08
-63.6,15.6,8.86913259923314e-09
-63.5,15.6,6.35785010651731e-09
-63.4,15.6,4.44705423545186e-09
-63.3,15.6,3.03377888562066e-09
-63.2,15.6,2.01800667424023e-09
-63.1,15.6,1.30864375994144e-09
-63,15.6,8.27303135167103e-10
-62.9,15.6,5.09901286964266e-10
-62.8,15.6,3.06457164760034e-10
-62.7,15.6,1.79660567231777e-10
-62.6,15.6,1.02785108120963e-10
-62.5,15.6,5.74198698348088e-11
-62.4,15.6,3.13460271819966e-11
-62.3,15.6,1.67381689178048e-11
-62.2,15.6,8.75281643175964e-12
-62.1,15.6,4.48860238776639e-12
-62,15.6,2.26104439708955e-12
-61.9,15.6,1.12085443517198e-12
-61.8,15.6,5.47920133387817e-13
-70.9,15.5,7.35324608923384e-08
-70.8,15.5,9.59497885173704e-08
-70.7,15.5,1.24607069465912e-07
-70.6,15.5,1.6013457996002e-07
-70.5,15.5,2.02814496480484e-07
-70.4,15.5,2.52462611794232e-07
-70.3,15.5,3.08339127951156e-07
-70.2,15.5,3.69110147348545e-07
-70.1,15.5,4.3287887378006e-07
-70,15.5,4.97298562541149e-07
-69.9,15.5,5.59768263428482e-07
-69.8,15.5,6.17698737782826e-07
-69.7,15.5,6.68821864055162e-07
-69.6,15.5,7.1150518695556e-07
-69.5,15.5,7.45026805735361e-07
-69.4,15.5,7.697666418037e-07
-69.3,15.5,7.87279048822083e-07
-69.2,15.5,8.00227719719965e-07
-69.1,15.5,8.1218404182405e-07
-69,15.5,8.27310248220642e-07
-68.9,15.5,8.49964500201307e-07
-68.8,15.5,8.84273274227506e-07
-68.7,15.5,9.33716421121223e-07
-68.6,15.5,1.00076391302309e-06
-68.5,15.5,1.08659397849567e-06
-68.4,15.5,1.1909130991131e-06
-68.3,15.5,1.31189048634571e-06
-68.2,15.5,1.44621253144665e-06
-68.1,15.5,1.58925488712435e-06
-68,15.5,1.73536062680187e-06
-67.9,15.5,1.87820324766515e-06
-67.8,15.5,2.0112051330136e-06
-67.7,15.5,2.1279772183584e-06
-67.6,15.5,2.22274454063471e-06
-67.5,15.5,2.2907245145772e-06
-67.4,15.5,2.32842933721869e-06
-67.3,15.5,2.33387037383108e-06
-67.2,15.5,2.30665050256099e-06
-67.1,15.5,2.2479398543425e-06
-67,15.5,2.16034050291706e-06
-66.9,15.5,2.04765545254943e-06
-66.8,15.5,1.91458561066671e-06
-66.7,15.5,1.76638425569447e-06
-66.6,15.5,1.60850103659843e-06
-66.5,15.5,1.44624645275459e-06
-66.4,15.5,1.28450328467586e-06
-66.3,15.5,1.12750429867688e-06
-66.2,15.5,9.78686810651758e-07
-66.1,15.5,8.40625616008405e-07
-66,15.5,7.15037598902785e-07
-65.9,15.5,6.02845036553755e-07
-65.8,15.5,5.04280855056748e-07
-65.7,15.5,4.19018041525045e-07
-65.6,15.5,3.4630677101685e-07
-65.5,15.5,2.85105911536806e-07
-65.4,15.5,2.34199623099733e-07
-65.3,15.5,1.92294002959863e-07
-65.2,15.5,1.58092518926726e-07
-65.1,15.5,1.30351836310263e-07
-65,15.5,1.07921271003637e-07
-64.9,15.5,8.97694288545822e-08
-64.8,15.5,7.50008846827534e-08
-64.7,15.5,6.28645665843402e-08
-64.6,15.5,5.27544806606139e-08
-64.5,15.5,4.42029906409871e-08
-64.4,15.5,3.68671529306725e-08
-64.3,15.5,3.05093624806011e-08
-64.2,15.5,2.4974385407051e-08
-64.1,15.5,2.01653730331132e-08
-64,15.5,1.60214705359714e-08
-63.9,15.5,1.24991536239115e-08
-63.8,15.5,9.55860230780612e-09
-63.7,15.5,7.15547416807858e-09
-63.6,15.5,5.23758428246508e-09
-63.5,15.5,3.74538942178284e-09
-63.4,15.5,2.61488259545099e-09
-63.3,15.5,1.78152149437981e-09
-63.2,15.5,1.18406793622383e-09
-63.1,15.5,7.67597254083976e-10
-63,15.5,4.8533663574543e-10
-62.9,15.5,2.99324582223494e-10
-62.8,15.5,1.80104141323732e-10
-62.7,15.5,1.0576394067863e-10
-62.6,15.5,6.06453766387195e-11
-62.5,15.5,3.39771353138598e-11
-62.4,15.5,1.8615060337869e-11
-62.3,15.5,9.98331784787431e-12
-62.2,15.5,5.24750898689883e-12
-62.1,15.5,2.70725042813883e-12
-62,15.5,1.37315843549509e-12
-61.9,15.5,6.86006566261155e-13
-61.8,15.5,3.38222987421327e-13
-70.9,15.4,4.53925064594784e-08
-70.8,15.4,6.00420808174433e-08
-70.7,15.4,7.87028706535666e-08
-70.6,15.4,1.0177216497845e-07
-70.5,15.4,1.29429679189801e-07
-70.4,15.4,1.61563065476082e-07
-70.3,15.4,1.97711824986476e-07
-70.2,15.4,2.37043619762051e-07
-70.1,15.4,2.78375359057264e-07
-70,15.4,3.20246947803402e-07
-69.9,15.4,3.61048453930287e-07
-69.8,15.4,3.99192573008203e-07
-69.7,15.4,4.33315136862637e-07
-69.6,15.4,4.62478859350551e-07
-69.5,15.4,4.86351315465009e-07
-69.4,15.4,5.05328594871936e-07
-69.3,15.4,5.20581572411792e-07
-69.2,15.4,5.34011627400736e-07
-69.1,15.4,5.48115211272298e-07
-69,15.4,5.65769503242981e-07
-68.9,15.4,5.8996201424918e-07
-68.8,15.4,6.23493536173484e-07
-68.7,15.4,6.68685591777225e-07
-68.6,15.4,7.27121096420827e-07
-68.5,15.4,7.99441719880128e-07
-68.4,15.4,8.8521897815742e-07
-68.3,15.4,9.82909424264917e-07
-68.2,15.4,1.08989777970421e-06
-68.1,15.4,1.2026253778938e-06
-68,15.4,1.3167948579012e-06
-67.9,15.4,1.42763598022766e-06
-67.8,15.4,1.53021234974571e-06
-67.7,15.4,1.61974533240305e-06
-67.6,15.4,1.69192990441978e-06
-67.5,15.4,1.74321767040822e-06
-67.4,15.4,1.77104478486611e-06
-67.3,15.4,1.77398691333698e-06
-67.2,15.4,1.75182948475751e-06
-67.1,15.4,1.70554891999077e-06
-67,15.4,1.63720861062949e-06
-66.9,15.4,1.54978128091726e-06
-66.8,15.4,1.44691602363481e-06
-66.7,15.4,1.33267288826833e-06
-66.6,15.4,1.21124982357707e-06
-66.5,15.4,1.08672583890996e-06
-66.4,15.4,9.62840680234488e-07
-66.3,15.4,8.42825725050365e-07
-66.2,15.4,7.29294050358521e-07
-66.1,15.4,6.24190689903686e-07
-66,15.4,5.28797889436661e-07
-65.9,15.4,4.43785421819111e-07
-65.8,15.4,3.69293180298554e-07
-65.7,15.4,3.05032436284357e-07
-65.6,15.4,2.50393114352945e-07
-65.5,15.4,2.04546742499489e-07
-65.4,15.4,1.66537790896622e-07
-65.3,15.4,1.35359322837739e-07
-65.2,15.4,1.10011743302462e-07
-65.1,15.4,8.95455897137081e-08
-65,15.4,7.30905931413122e-08
-64.9,15.4,5.98736673405394e-08
-64.8,15.4,4.92282560222292e-08
-64.7,15.4,4.05968996664679e-08
-64.6,15.4,3.35282989756807e-08
-64.5,15.4,2.76697869002878e-08
-64.4,15.4,2.27560551487137e-08
-64.3,15.4,1.85951465179108e-08
-64.2,15.4,1.5052966133288e-08
-64.1,15.4,1.20377190045031e-08
-64,15.4,9.48563883381487e-09
-63.9,15.4,7.34910790461725e-09
-63.8,15.4,5.58783215441369e-09
-63.7,15.4,4.16322977358132e-09
-63.6,15.4,3.03572710246007e-09
-63.5,15.4,2.16432084585996e-09
-63.4,15.4,1.50760624819331e-09
-63.3,15.4,1.02548459762075e-09
-63.2,15.4,6.80909317874937e-10
-63.1,15.4,4.41246387471101e-10
-63,15.4,2.7904968524619e-10
-62.9,15.4,1.72237888388201e-10
-62.8,15.4,1.03782110520333e-10
-62.7,15.4,6.10698085619746e-11
-62.6,15.4,3.5113341986161e-11
-62.5,15.4,1.97407452028176e-11
-62.4,15.4,1.08613443562609e-11
-62.3,15.4,5.85462288381154e-12
-62.2,15.4,3.09572713346546e-12
-62.1,15.4,1.60809807138082e-12
-62,15.4,8.21980921570222e-13
-61.9,15.4,4.14171480778237e-13
-61.8,15.4,2.06093355384714e-13
-70.9,15.3,2.76138940198165e-08
-70.8,15.3,3.69078078681018e-08
-70.7,15.3,4.8717909114991e-08
-70.6,15.3,6.32916862225262e-08
-70.5,15.3,8.07439863588158e-08
-70.4,15.3,1.01011279293984e-07
-70.3,15.3,1.23817439510685e-07
-70.2,15.3,1.48659899652163e-07
-70.1,15.3,1.74824018126761e-07
-70,15.3,2.01430666052992e-07
-69.9,15.3,2.27517512308539e-07
-69.8,15.3,2.52148842919404e-07
-69.7,15.3,2.7454294434634e-07
-69.6,15.3,2.9420127042691e-07
-69.5,15.3,3.11020915561967e-07
-69.4,15.3,3.25372125073944e-07
-69.3,15.3,3.38125930879482e-07
-69.2,15.3,3.50623092193737e-07
-69.1,15.3,3.64583327290451e-07
-69,15.3,3.81961937424877e-07
-68.9,15.3,4.04767896648211e-07
-68.8,15.3,4.34862183579679e-07
-68.7,15.3,4.73757029363027e-07
-68.6,15.3,5.22435975182126e-07
-68.5,15.3,5.81211790872122e-07
-68.4,15.3,6.49635202784511e-07
-68.3,15.3,7.26462697754147e-07
-68.2,15.3,8.09686833414577e-07
-68.1,15.3,8.96627694165445e-07
-68,15.3,9.84079509168777e-07
-67.9,15.3,1.06850216396411e-06
-67.8,15.3,1.1462436467006e-06
-67.7,15.3,1.21377667713159e-06
-67.6,15.3,1.26793116408725e-06
-67.5,15.3,1.30610396744234e-06
-67.4,15.3,1.32642886818294e-06
-67.3,15.3,1.32789272054103e-06
-67.2,15.3,1.31038834052033e-06
-67.1,15.3,1.27470041622807e-06
-67,15.3,1.22242702217106e-06
-66.9,15.3,1.15584543822849e-06
-66.8,15.3,1.07773613343253e-06
-66.7,15.3,9.91182300427103e-07
-66.6,15.3,8.99363777446027e-07
-66.5,15.3,8.05363442749573e-07
-66.4,15.3,7.12001412587457e-07
-66.3,15.3,6.21708101201194e-07
-66.2,15.3,5.3644208111878e-07
-66.1,15.3,4.57653452760723e-07
-66,15.3,3.86288779803692e-07
-65.9,15.3,3.22830102527421e-07
-65.8,15.3,2.67358416808232e-07
-65.7,15.3,2.19631367847133e-07
-65.6,15.3,1.79165594641296e-07
-65.5,15.3,1.45315841320252e-07
-65.4,15.3,1.17345199482799e-07
-65.3,15.3,9.44832278513282e-08
-65.2,15.3,7.59708423409903e-08
-65.1,15.3,6.10925252634421e-08
-65,15.3,4.91974483154617e-08
-64.9,15.3,3.97115569482457e-08
-64.8,15.3,3.21426494775362e-08
-64.7,15.3,2.60801909447865e-08
-64.6,15.3,2.11912221554804e-08
-64.5,15.3,1.72134047389618e-08
-64.4,15.3,1.39460537262979e-08
-64.3,15.3,1.12399440667172e-08
-64.2,15.3,8.98667864076749e-09
-64.1,15.3,7.10839799745946e-09
-64,15.3,5.54853760964819e-09
-63.9,15.3,4.2641741058797e-09
-63.8,15.3,3.22026396143915e-09
-63.7,15.3,2.38581097373074e-09
-63.6,15.3,1.73175664275624e-09
-63.5,15.3,1.23021553923317e-09
-63.4,15.3,8.54599514752264e-10
-63.3,15.3,5.8018849397706e-10
-63.2,15.3,3.84789151185657e-10
-63.1,15.3,2.49242688319612e-10
-63,15.3,1.5766589791867e-10
-62.9,15.3,9.74107730345845e-11
-62.8,15.3,5.87943961171762e-11
-62.7,15.3,3.46816254806825e-11
-62.6,15.3,2.00052559626395e-11
-62.5,15.3,1.12925439885296e-11
-62.4,15.3,6.24371218141548e-12
-62.3,15.3,3.38515062563116e-12
-62.2,15.3,1.8020065227575e-12
-62.1,15.3,9.43210407478722e-13
-62,15.3,4.86207868329197e-13
-61.9,15.3,2.47238767978571e-13
-61.8,15.3,1.24225730511701e-13
-70.9,15.2,1.65132400236544e-08
-70.8,15.2,2.22460624941055e-08
-70.7,15.2,2.95197744200489e-08
-70.6,15.2,3.84864283177314e-08
-70.5,15.2,4.92193262965117e-08
-70.4,15.2,6.16857196615351e-08
-70.3,15.2,7.57266261503122e-08
-70.2,15.2,9.10492291366907e-08
-70.1,15.2,1.07236700058097e-07
-70,15.2,1.23778526163027e-07
-69.9,15.2,1.40121615348685e-07
-69.8,15.2,1.55738942486179e-07
-69.7,15.2,1.70208885991517e-07
-69.6,15.2,1.83295396735358e-07
-69.5,15.2,1.95017431538533e-07
-69.4,15.2,2.05696158431678e-07
-69.3,15.2,2.15970452831178e-07
-69.2,15.2,2.26774909604179e-07
-69.1,15.2,2.39279395762029e-07
-69,15.2,2.54794238467054e-07
-68.9,15.2,2.74649629523109e-07
-68.8,15.2,3.00061046936216e-07
-68.7,15.2,3.31994076364925e-07
-68.6,15.2,3.71041944312982e-07
-68.5,15.2,4.17327618529245e-07
-68.4,15.2,4.7043989780997e-07
-68.3,15.2,5.29409904206179e-07
-68.2,15.2,5.92731106700104e-07
-68.1,15.2,6.58422635801898e-07
-68,15.2,7.24132317589488e-07
-67.9,15.2,7.87272687186826e-07
-67.8,15.2,8.45180403034948e-07
-67.7,15.2,8.95287196614588e-07
-67.6,15.2,9.35289015154049e-07
-67.5,15.2,9.63299600247356e-07
-67.4,15.2,9.77975586600569e-07
-67.3,15.2,9.78602374879883e-07
-67.2,15.2,9.65133430018167e-07
-67.1,15.2,9.38179982964319e-07
-67,15.2,8.98952893421062e-07
-66.9,15.2,8.49163074867658e-07
-66.8,15.2,7.90890788203077e-07
-66.7,15.2,7.26436767216186e-07
-66.6,15.2,6.58169223048714e-07
-66.5,15.2,5.88380200496252e-07
-66.4,15.2,5.19162688168731e-07
-66.3,15.2,4.5231668809963e-07
-66.2,15.2,3.89288635297559e-07
-66.1,15.2,3.3114467581804e-07
-66,15.2,2.7857486929815e-07
-65.9,15.2,2.31922765035724e-07
-65.8,15.2,1.91233230394076e-07
-65.7,15.2,1.56310927976235e-07
-65.6,15.2,1.2678232298221e-07
-65.5,15.2,1.02155313544746e-07
-65.4,15.2,8.18722097544524e-08
-65.3,15.2,6.53535316195699e-08
-65.2,15.2,5.20316881760613e-08
-65.1,15.2,4.13748557857253e-08
-65,15.2,3.29022057320939e-08
-64.9,15.2,2.61920439938146e-08
-64.8,15.2,2.08844957478383e-08
-64.7,15.2,1.66802104537462e-08
-64.6,15.2,1.33363029715928e-08
-64.5,15.2,1.0660481320249e-08
-64.4,15.2,8.50410091855591e-09
-64.3,15.2,6.75474383193153e-09
-64.2,15.2,5.32883222175223e-09
-64.1,15.2,4.16471505918533e-09
-64,15.2,3.21658576930486e-09
-63.9,15.2,2.44948002201778e-09
-63.8,15.2,1.83547029209734e-09
-63.7,15.2,1.3510348769784e-09
-63.6,15.2,9.75457800835668e-10
-63.5,15.2,6.90033143307853e-10
-63.4,15.2,4.77813360307158e-10
-63.3,15.2,3.23654244170385e-10
-63.2,15.2,2.14357189427113e-10
-63.1,15.2,1.38775013464975e-10
-63,15.2,8.78136288485035e-11
-62.9,15.2,5.43157461562973e-11
-62.8,15.2,3.28482214195091e-11
-62.7,15.2,1.94313418550249e-11
-62.6,15.2,1.12500790531268e-11
-62.5,15.2,6.37973887551201e-12
-62.4,15.2,3.54693599164344e-12
-62.3,15.2,1.93548205444835e-12
-62.2,15.2,1.03791045246466e-12
-62.1,15.2,5.47734884982216e-13
-62,15.2,2.848796965053e-13
-61.9,15.2,1.46245656999926e-13
-61.8,15.2,7.42095960102616e-14
-70.9,15.1,9.68920266296493e-09
-70.8,15.1,1.31312606008378e-08
-70.7,15.1,1.74948174567718e-08
-70.6,15.1,2.28719130629338e-08
-70.5,15.1,2.93091453905426e-08
-70.4,15.1,3.67918693879059e-08
-70.3,15.1,4.52327349202821e-08
-70.2,15.1,5.44678548691705e-08
-70.1,15.1,6.42635153263651e-08
-70,15.1,7.43352715675885e-08
-69.9,15.1,8.43795663654037e-08
-69.8,15.1,9.41158738185153e-08
-69.7,15.1,1.03335166590728e-07
-69.6,15.1,1.11948659708001e-07
-69.5,15.1,1.20029715763249e-07
-69.4,15.1,1.27841801978661e-07
-69.3,15.1,1.35846567509557e-07
-69.2,15.1,1.4468832450498e-07
-69.1,15.1,1.55154123868068e-07
-69,15.1,1.68111739245424e-07
-68.9,15.1,1.8443071119637e-07
-68.8,15.1,2.04893746886182e-07
-68.7,15.1,2.30106975134553e-07
-68.6,15.1,2.60417769814262e-07
-68.5,15.1,2.95848183621828e-07
-68.4,15.1,3.36050676524814e-07
-68.3,15.1,3.8029099098638e-07
-68.2,15.1,4.27460894921544e-07
-68.1,15.1,4.76121208859399e-07
-68,15.1,5.24573152017748e-07
-67.9,15.1,5.70953685309566e-07
-67.8,15.1,6.1334833724715e-07
-67.7,15.1,6.49913159427244e-07
-67.6,15.1,6.78996194859442e-07
-67.5,15.1,6.9924837649902e-07
-67.4,15.1,7.09714274290574e-07
-67.3,15.1,7.09894641249377e-07
-67.2,15.1,6.9977519311415e-07
-67.1,15.1,6.79819256546055e-07
-67,15.1,6.50925468836778e-07
-66.9,15.1,6.14355159584118e-07
-66.8,15.1,5.71636939799284e-07
-66.7,15.1,5.24457989571609e-07
-66.6,15.1,4.745523354126e-07
-66.5,15.1,4.23595984882039e-07
-66.4,15.1,3.73117263324199e-07
-66.3,15.1,3.24428352317667e-07
-66.2,15.1,2.78581236306678e-07
-66.1,15.1,2.36348427568329e-07
-66,15.1,1.98226328597601e-07
-65.9,15.1,1.64457183861622e-07
-65.8,15.1,1.35064426422531e-07
-65.7,15.1,1.09895865883879e-07
-65.6,15.1,8.86695036038183e-08
-65.5,15.1,7.10176259631538e-08
-65.4,15.1,5.65259996673765e-08
-65.3,15.1,4.47662550970561e-08
-65.2,15.1,3.53207075661779e-08
-65.1,15.1,2.7799800985794e-08
-65,15.1,2.18529987229404e-08
-64.9,15.1,1.71742897623491e-08
-64.8,15.1,1.3503570535373e-08
-64.7,15.1,1.06250781040538e-08
-64.6,15.1,8.36386944315083e-09
-64.5,15.1,6.58113336054861e-09
-64.4,15.1,5.16893231335789e-09
-64.3,15.1,4.04482153220008e-09
-64.2,15.1,3.14668182259789e-09
-64.1,15.1,2.42801733406309e-09
-64,15.1,1.85389522487717e-09
-63.9,15.1,1.39763027867659e-09
-63.8,15.1,1.03824223427741e-09
-63.7,15.1,7.58642337198126e-10
-63.6,15.1,5.44447478044374e-10
-63.5,15.1,3.83283378278484e-10
-63.4,15.1,2.64426385561864e-10
-63.3,15.1,1.78644708471159e-10
-63.2,15.1,1.18127853182674e-10
-63.1,15.1,7.64288146362152e-11
-63,15.1,4.83787525305771e-11
-62.9,15.1,2.99623109958231e-11
-62.8,15.1,1.81604766980091e-11
-62.7,15.1,1.07769295395652e-11
-62.6,15.1,6.26525243152768e-12
-62.5,15.1,3.57101286392135e-12
-62.4,15.1,1.99736580097514e-12
-62.3,15.1,1.0975023038234e-12
-62.2,15.1,5.93139530474673e-13
-62.1,15.1,3.15697775229091e-13
-62,15.1,1.65700845521513e-13
-61.9,15.1,8.58776531443952e-14
-61.8,15.1,4.40006578692217e-14
-70.9,15,5.57051769804392e-09
-70.8,15,7.58384619016937e-09
-70.7,15,1.01354911171898e-08
-70.6,15,1.32803307165176e-08
-70.5,15,1.70478250082939e-08
-70.4,15,2.14331747070614e-08
-70.3,15,2.63910900907016e-08
-70.2,15,3.18341046140006e-08
-70.1,15,3.76371407804137e-08
-70,15,4.36494001588481e-08
-69.9,15,4.97136341031527e-08
-69.8,15,5.5691580837662e-08
-69.7,15,6.14930359751998e-08
-69.6,15,6.71049119364974e-08
-69.5,15,7.26159836622475e-08
-69.4,15,7.82329924120832e-08
-69.3,15,8.42844507070391e-08
-69.2,15,9.12097890043944e-08
-69.1,15,9.95332160997435e-08
-69,15,1.09823559866364e-07
-68.9,15,1.22643125163945e-07
-68.8,15,1.38490008066781e-07
-68.7,15,1.57739183718394e-07
-68.6,15,1.80587984447491e-07
-68.5,15,2.07011337283182e-07
-68.4,15,2.36731420166135e-07
-68.3,15,2.69205323438176e-07
-68.2,15,3.03632956373957e-07
-68.1,15,3.38985889740376e-07
-68,15,3.74056142418335e-07
-67.9,15,4.0752218760181e-07
-67.8,15,4.38027791360306e-07
-67.7,15,4.64267862092848e-07
-67.6,15,4.85074467913189e-07
-67.5,15,4.99495749661325e-07
-67.4,15,5.06860754162272e-07
-67.3,15,5.06824285066707e-07
-67.2,15,4.99387655152151e-07
-67.1,15,4.84893545487421e-07
-67,15,4.63995757338601e-07
-66.9,15,4.37607150870197e-07
-66.8,15,4.06831169653267e-07
-66.7,15,3.72883778251819e-07
-66.6,15,3.37013222094455e-07
-66.5,15,3.00424714972382e-07
-66.4,15,2.64216062073955e-07
-66.3,15,2.29328537229616e-07
-66.2,15,1.96515323167833e-07
-66.1,15,1.66327784682124e-07
-66,15,1.39118040865175e-07
-65.9,15,1.15054932675818e-07
-65.8,15,9.41496567714059e-08
-65.7,15,7.62870735473034e-08
-65.6,15,6.12589326561441e-08
-65.5,15,4.87958699647015e-08
-65.4,15,3.85958628802309e-08
-65.3,15,3.03477319953378e-08
-65.2,15,2.37491146473978e-08
-65.1,15,1.85190175221767e-08
-65,15,1.44055331399486e-08
-64.9,15,1.1189573738384e-08
-64.8,15,8.68556363147224e-09
-64.7,15,6.73998536657973e-09
-64.6,15,5.22854966904829e-09
-64.5,15,4.05260229146321e-09
-64.4,15,3.13522735418734e-09
-64.3,15,2.41737580237461e-09
-64.2,15,1.85424465413527e-09
-64.1,15,1.41205409919328e-09
-64,15,1.06530790502335e-09
-63.9,15,7.94571513178795e-10
-63.8,15,5.8475843110484e-10
-63.7,15,4.23879252939867e-10
-63.6,15,3.02181104934262e-10
-63.5,15,2.1159075190864e-10
-63.4,15,1.45372665575127e-10
-63.3,15,9.79224315523817e-11
-63.2,15,6.46324515310443e-11
-63.1,15,4.17866071399914e-11
-63,15,2.64593363609014e-11
-62.9,15,1.64095782127931e-11
-62.8,15,9.96997787998981e-12
-62.7,15,5.93674181209802e-12
-62.6,15,3.46666593971492e-12
-62.5,15,1.98658718789918e-12
-62.4,15,1.11820042540079e-12
-62.3,15,6.18850163443799e-13
-62.2,15,3.37117826833455e-13
-62.1,15,1.80969592945731e-13
-62,15,9.58413487684745e-14
-61.9,15,5.01294023250076e-14
-61.8,15,2.59203423358573e-14
