-70.9,18.4,0.000433243356936844
-70.8,18.4,0.000409633525860033
-70.7,18.4,0.000366608008614633
-70.2,18.4,0.000268246203278629
-70.1,18.4,0.0002965029865853
-70.9,18.3,0.000686576518714829
-70.8,18.3,0.000695931683755573
-70.7,18.3,0.000672964464145617
-70.6,18.3,0.000609956130983184
-70.5,18.3,0.000504108409866772
-70.4,18.3,0.000414020298074409
-70.3,18.3,0.000381449915511053
-70.2,18.3,0.000392498050668994
-70.1,18.3,0.000424286587438664
-70,18.3,0.000463247835695648
-69.9,18.3,0.000501305501462854
-69.8,18.3,0.000540319121706722
-69.7,18.3,0.000595777583753508
-69.6,18.3,0.000687249661902969
-69.5,18.3,0.000819368761846761
-69.4,18.3,0.000964697088180809
-69.3,18.3,0.00105773477887707
-69.2,18.3,0.00106852329732289
-69.1,18.3,0.00194061469096938
-69,18.3,0.00911871017328433
-68.9,18.3,0.0198088947698091
-68.8,18.3,0.012595420720075
-68.7,18.3,0.00904454622952936
-68.6,18.3,0.00351183142657053
-68.5,18.3,0.00182929233294927
-70.9,18.2,0.0010737843781328
-70.8,18.2,0.00122438290027515
-70.7,18.2,0.00138924115360051
-70.6,18.2,0.00137111860437758
-70.5,18.2,0.00101361500268516
-70.4,18.2,0.000690755972739539
-70.3,18.2,0.000557663467439382
-70.2,18.2,0.000538629975168485
-70.1,18.2,0.000560290775573467
-70,18.2,0.000594828449084035
-69.9,18.2,0.000631938272884881
-69.8,18.2,0.000672282776774043
-69.7,18.2,0.000730880629353625
-69.6,18.2,0.00082647340689583
-69.5,18.2,0.000959815521100966
-69.4,18.2,0.00109703519219733
-69.3,18.2,0.00116985163516763
-69.2,18.2,0.00116343567421908
-69.1,18.2,0.00185185633829303
-69,18.2,0.00448142592238626
-68.9,18.2,0.00674300949142854
-68.8,18.2,0.0117669950049755
-68.7,18.2,0.0184077362353863
-68.6,18.2,0.017707987901114
-68.5,18.2,0.0237301063857999
-68.4,18.2,0.0178758638588437
-68.3,18.2,0.0071232409038992
-68.2,18.2,0.0159640785826709
-68.1,18.2,0.0100915433702565
-68,18.2,0.00826358971522111
-67.9,18.2,0.00427476399814659
-67.8,18.2,0.00208513598952571
-67.7,18.2,0.00246754043723099
-67.6,18.2,0.00222818658058854
-67.5,18.2,0.00139678655590575
-67.4,18.2,0.000685277577434191
-67.3,18.2,0.00030962497138382
-67.2,18.2,0.000168058352716736
-67.1,18.2,0.000134911007586031
-67,18.2,0.00012980734148785
-66.9,18.2,0.00012448968464167
-66.8,18.2,0.000115012849461497
-66.7,18.2,0.000102705653081897
-66.6,18.2,8.93818242380802e-05
-66.5,18.2,7.64987108241854e-05
-66.4,18.2,6.4957030521537e-05
-66.3,18.2,5.51235890483757e-05
-66.2,18.2,4.69803710628377e-05
-66.1,18.2,4.03131088804369e-05
-66,18.2,3.48776970830232e-05
-65.9,18.2,3.05157349036428e-05
-65.8,18.2,2.72052291046844e-05
-65.7,18.2,2.50286159216775e-05
-65.6,18.2,2.40480391517526e-05
-65.5,18.2,2.41265293854387e-05
-65.4,18.2,2.48028904151875e-05
-65.3,18.2,2.53430502999143e-05
-65.2,18.2,2.49963362869913e-05
-65.1,18.2,2.33296828016492e-05
-65,18.2,2.04272567512275e-05
-64.9,18.2,1.6817716803331e-05
-64.8,18.2,1.31795405797962e-05
-70.9,18.1,0.00150661680927247
-70.8,18.1,0.00197683997790124
-70.7,18.1,0.00292547272251976
-70.6,18.1,0.00330321110588356
-70.5,18.1,0.00197152032626818
-70.4,18.1,0.00103704186722807
-70.3,18.1,0.000748850772566439
-70.2,18.1,0.000683373735784002
-70.1,18.1,0.000678731552026213
-70,18.1,0.000691805042479629
-69.9,18.1,0.000712019780520734
-69.8,18.1,0.000737848279675612
-69.7,18.1,0.000779092498704423
-69.6,18.1,0.000848149114308908
-69.5,18.1,0.000940495900334923
-69.4,18.1,0.00102302380994734
-69.3,18.1,0.00104344494607271
-69.2,18.1,0.000995546164745987
-69.1,18.1,0.00122877531025982
-69,18.1,0.00380154560703159
-68.9,18.1,0.0139871918533881
-68.8,18.1,0.0151313950174624
-68.7,18.1,0.010955395083048
-68.6,18.1,0.0197737003293305
-68.5,18.1,0.0360938287035003
-68.4,18.1,0.0309576263481854
-68.3,18.1,0.0138353056255554
-68.2,18.1,0.0176010785099175
-68.1,18.1,0.0135222892839995
-68,18.1,0.00616853687057922
-67.9,18.1,0.00291703753863223
-67.8,18.1,0.00238282550077862
-67.7,18.1,0.00287173901352826
-67.6,18.1,0.00228252160556253
-67.5,18.1,0.00129785510320965
-67.4,18.1,0.000628971374715203
-67.3,18.1,0.000298447893001137
-67.2,18.1,0.000176460958370444
-67.1,18.1,0.000149742736626836
-67,18.1,0.000146600151939875
-66.9,18.1,0.00014174869333191
-66.8,18.1,0.000131794192053871
-66.7,18.1,0.000118243254349938
-66.6,18.1,0.000103147668930306
-66.5,18.1,8.82489684488157e-05
-66.4,18.1,7.47150655043913e-05
-66.3,18.1,6.31170330292106e-05
-66.2,18.1,5.35604467416981e-05
-66.1,18.1,4.5883658373943e-05
-66,18.1,3.98584556352384e-05
-65.9,18.1,3.5357663488498e-05
-65.8,18.1,3.2452946491427e-05
-65.7,18.1,3.13822246451987e-05
-65.6,18.1,3.23392968880181e-05
-65.5,18.1,3.5138108854721e-05
-65.4,18.1,3.89479461966377e-05
-65.3,18.1,4.23458607793692e-05
-65.2,18.1,4.37792260185631e-05
-65.1,18.1,4.22403110790864e-05
-65,18.1,3.77506643281131e-05
-64.9,18.1,3.13268211003707e-05
-64.8,18.1,2.44346734924981e-05
-64.7,18.1,1.82947190619173e-05
-64.6,18.1,1.34741700635533e-05
-64.5,18.1,9.93118186542452e-06
-64.4,18.1,7.33171902561481e-06
-64.3,18.1,5.3476196041224e-06
-64.2,18.1,3.7829581373753e-06
-70.9,18,0.00170901382862819
-70.8,18,0.00239136093468423
-70.7,18,0.00391098721176605
-70.6,18,0.00457201352480297
-70.5,18,0.00250912571114631
-70.4,18,0.00121898005917281
-70.3,18,0.000886388523444907
-70.2,18,0.000795089823004
-70.1,18,0.000755968482338375
-70,18,0.000733619337640473
-69.9,18,0.000723081700634123
-69.8,18,0.000721785084032098
-69.7,18,0.000732553642317491
-69.6,18,0.000759503572917494
-69.5,18,0.000794744623341107
-69.4,18,0.000812748450455936
-69.3,18,0.000787470114901612
-69.2,18,0.000753777528703072
-69.1,18,0.000888995153235935
-69,18,0.00235468166218026
-68.9,18,0.00876955454304497
-68.8,18,0.00794895468622492
-68.7,18,0.015603558702084
-68.6,18,0.0214404730159153
-68.5,18,0.0333760342315569
-68.4,18,0.0219446324977236
-68.3,18,0.0181687113623622
-68.2,18,0.00757993515110659
-68.1,18,0.00500275528599168
-68,18,0.00347317970586454
-67.9,18,0.00185476789138731
-67.8,18,0.00159195667314212
-67.7,18,0.00169994055091841
-67.6,18,0.00122222638298762
-67.5,18,0.000667998109048488
-67.4,18,0.000352046421671123
-67.3,18,0.000208160214161804
-67.2,18,0.00015962853095817
-67.1,18,0.000153389594537025
-67,18,0.000154704267033928
-66.9,18,0.000151245374823499
-66.8,18,0.000141870016176451
-66.7,18,0.000128267454804929
-66.6,18,0.000112584803247664
-66.5,18,9.67502220938488e-05
-66.4,18,8.21660136636265e-05
-66.3,18,6.96285563310546e-05
-66.2,18,5.94157104541373e-05
-66.1,18,5.14670123667481e-05
-66,18,4.56059813886041e-05
-65.9,18,4.17708713645712e-05
-65.8,18,4.01833746914045e-05
-65.7,18,4.13294193887593e-05
-65.6,18,4.56495403145167e-05
-65.5,18,5.29890789262945e-05
-65.4,18,6.20877232946174e-05
-65.3,18,7.05319155681317e-05
-65.2,18,7.54390204194496e-05
-65.1,18,7.46688513654793e-05
-65,18,6.78898728261515e-05
-64.9,18,5.67788208949752e-05
-64.8,18,4.41510735386587e-05
-64.7,18,3.25846180553874e-05
-64.6,18,2.3451084009784e-05
-64.5,18,1.68469485901582e-05
-64.4,18,1.21702593911509e-05
-64.3,18,8.74605580087702e-06
-64.2,18,6.132330529824e-06
-64.1,18,4.12158873105482e-06
-64,18,2.6240854406692e-06
-70.9,17.9,0.0015129065575694
-70.8,17.9,0.00196078661471058
-70.7,17.9,0.00257498667845609
-70.6,17.9,0.00265691167857147
-70.5,17.9,0.00173578294964163
-70.4,17.9,0.00113495786248461
-70.3,17.9,0.000940241453445308
-70.2,17.9,0.000852655684913177
-70.1,17.9,0.000781320695519646
-70,17.9,0.000719999899654591
-69.9,17.9,0.000673818202253974
-69.8,17.9,0.000641774373078682
-69.7,17.9,0.000621666550222518
-69.6,17.9,0.000611138455970314
-69.5,17.9,0.000601675482129525
-69.4,17.9,0.000577178144110039
-69.3,17.9,0.000531744049947557
-69.2,17.9,0.000542750329573865
-69.1,17.9,0.000878993507540462
-69,17.9,0.00164644611147987
-68.9,17.9,0.00277790957798795
-68.8,17.9,0.00403343846030037
-68.7,17.9,0.00381982330987205
-68.6,17.9,0.00913650804421766
-68.5,17.9,0.0150539388975674
-68.4,17.9,0.00710154374240094
-68.3,17.9,0.00825225166058952
-68.2,17.9,0.0144207797852943
-68.1,17.9,0.00274921528755051
-68,17.9,0.00214769757914982
-67.9,17.9,0.00114707554150843
-67.8,17.9,0.000819982501075134
-67.7,17.9,0.000693555934980862
-67.6,17.9,0.000458030811534098
-67.5,17.9,0.000259789232014625
-67.4,17.9,0.000168903997692282
-67.3,17.9,0.000141216091096629
-67.2,17.9,0.000140628135715849
-67.1,17.9,0.000148190266531739
-67,17.9,0.00015298964893022
-66.9,17.9,0.00015135308234402
-66.8,17.9,0.00014350394667421
-66.7,17.9,0.000131077219635709
-66.6,17.9,0.000116146196918196
-66.5,17.9,0.000100700652005084
-66.4,17.9,8.63173951652107e-05
-66.3,17.9,7.40215089330991e-05
-66.2,17.9,6.43048792768441e-05
-66.1,17.9,5.72577399022845e-05
-66,17.9,5.27980990047096e-05
-65.9,17.9,5.09642776006742e-05
-65.8,17.9,5.21383193809867e-05
-65.7,17.9,5.70267585791071e-05
-65.6,17.9,6.63155013430539e-05
-65.5,17.9,8.00023131764768e-05
-65.4,17.9,9.65594396928549e-05
-65.3,17.9,0.000112490318967892
-65.2,17.9,0.000123038681969217
-65.1,17.9,0.000124127298183125
-65,17.9,0.000114488639499699
-64.9,17.9,9.64983017368007e-05
-64.8,17.9,7.49792852899764e-05
-64.7,17.9,5.47498418930894e-05
-64.6,17.9,3.86344419492316e-05
-64.5,17.9,2.70854154325056e-05
-64.4,17.9,1.91244891489549e-05
-64.3,17.9,1.35098688674717e-05
-64.2,17.9,9.36794461306883e-06
-64.1,17.9,6.25365491305729e-06
-64,17.9,3.96392109230607e-06
-63.9,17.9,2.36658094270684e-06
-70.9,17.8,0.00113997913700196
-70.8,17.8,0.00131463273908196
-70.7,17.8,0.00142883686498322
-70.6,17.8,0.00135947321155072
-70.5,17.8,0.00115439763830513
-70.4,17.8,0.00101040300745798
-70.3,17.8,0.000931442633084531
-70.2,17.8,0.000852186554206111
-70.1,17.8,0.000758388191909753
-70,17.8,0.000666528937127733
-69.9,17.8,0.000590522834009277
-69.8,17.8,0.000532964588257226
-69.7,17.8,0.000490160654164444
-69.6,17.8,0.000456536099295336
-69.5,17.8,0.000424350890920791
-69.4,17.8,0.000384353387909886
-69.3,17.8,0.000337349675254191
-69.2,17.8,0.00035489060436855
-69.1,17.8,0.0007188691070562
-69,17.8,0.00162140031242331
-68.9,17.8,0.00333820758169561
-68.8,17.8,0.00649926657199684
-68.7,17.8,0.00455411432248051
-68.6,17.8,0.00739280906305818
-68.5,17.8,0.0242141863458903
-68.4,17.8,0.00767136086488458
-68.3,17.8,0.0027552752780596
-68.2,17.8,0.0020181824567965
-68.1,17.8,0.00126445020929946
-68,17.8,0.00104332528427955
-67.9,17.8,0.000718122629280951
-67.8,17.8,0.000494384629643442
-67.7,17.8,0.000329295012766181
-67.6,17.8,0.000199058685979256
-67.5,17.8,0.000125802455556224
-67.4,17.8,0.000105495229118306
-67.3,17.8,0.000111130421953114
-67.2,17.8,0.000123992582296397
-67.1,17.8,0.000135609798379685
-67,17.8,0.000142137454218314
-66.9,17.8,0.000142351477832735
-66.8,17.8,0.0001366404073298
-66.7,17.8,0.000126362424593586
-66.6,17.8,0.000113372996308008
-66.5,17.8,9.96028283337179e-05
-66.4,17.8,8.67343371330062e-05
-66.3,17.8,7.60136983747243e-05
-66.2,17.8,6.81891697307083e-05
-66.1,17.8,6.35871324747361e-05
-66,17.8,6.23578380766068e-05
-65.9,17.8,6.47768714837767e-05
-65.8,17.8,7.13035655435615e-05
-65.7,17.8,8.23616604290931e-05
-65.6,17.8,9.82473151305948e-05
-65.5,17.8,0.000119041533394915
-65.4,17.8,0.000143627995702627
-65.3,17.8,0.000168103659671062
-65.2,17.8,0.00018572347271456
-65.1,17.8,0.000189634256420745
-65,17.8,0.000176788262331305
-64.9,17.8,0.000150038063082394
-64.8,17.8,0.000116710778147666
-64.7,17.8,8.46963797093162e-05
-64.6,17.8,5.89466808810028e-05
-64.5,17.8,4.05419365315296e-05
-64.4,17.8,2.80638281828665e-05
-64.3,17.8,1.95037660780285e-05
-64.2,17.8,1.33706410823039e-05
-64.1,17.8,8.86039753820342e-06
-64,17.8,5.58973676849269e-06
-63.9,17.8,3.32604451284655e-06
-63.8,17.8,1.85734010711959e-06
-70.9,17.7,0.000855056935771008
-70.8,17.7,0.000904819127635562
-70.7,17.7,0.000933072793682437
-70.6,17.7,0.000931536146373478
-70.5,17.7,0.000918467265984905
-70.4,17.7,0.000905878050947702
-70.3,17.7,0.000871857567414407
-70.2,17.7,0.000799021984865286
-70.1,17.7,0.000697593092690251
-70,17.7,0.000591284573014556
-69.9,17.7,0.000498623803035587
-69.8,17.7,0.000426049750440146
-69.7,17.7,0.000371088086438257
-69.6,17.7,0.000327730318292922
-69.5,17.7,0.000289339135692953
-69.4,17.7,0.00025034665537436
-69.3,17.7,0.00021186524771487
-69.2,17.7,0.000214732909735745
-69.1,17.7,0.000432173809362386
-69,17.7,0.00104669681134505
-68.9,17.7,0.00207787535459305
-68.8,17.7,0.00340599372060319
-68.7,17.7,0.00246732587346453
-68.6,17.7,0.00146843743046859
-68.5,17.7,0.00140973272918921
-68.4,17.7,0.00139708363626073
-68.3,17.7,0.000870652680100714
-68.2,17.7,0.000588371385085202
-68.1,17.7,0.000598490492182103
-68,17.7,0.000625106287605796
-67.9,17.7,0.000515763047832788
-67.8,17.7,0.000347167869079644
-67.7,17.7,0.000203491048456578
-67.6,17.7,0.000118280588897975
-67.5,17.7,8.43218937470103e-05
-67.4,17.7,8.14868447184302e-05
-67.3,17.7,9.2085487654747e-05
-67.2,17.7,0.000105723483947629
-67.1,17.7,0.000117327502446584
-67,17.7,0.000124487264132489
-66.9,17.7,0.00012628160538442
-66.8,17.7,0.000122871810399138
-66.7,17.7,0.000115259403924777
-66.6,17.7,0.000104997119741896
-66.5,17.7,9.38664413925003e-05
-66.4,17.7,8.35930553006676e-05
-66.3,17.7,7.56325387022247e-05
-66.2,17.7,7.10533006683877e-05
-66.1,17.7,7.06270278937773e-05
-66,17.7,7.5179051677682e-05
-65.9,17.7,8.57268529106511e-05
-65.8,17.7,0.000102630619619251
-65.7,17.7,0.00012443809034547
-65.6,17.7,0.000148771515020471
-65.5,17.7,0.000174952830447672
-65.4,17.7,0.000203851245527678
-65.3,17.7,0.000233550702001779
-65.2,17.7,0.000256469171349795
-65.1,17.7,0.000262595690738512
-65,17.7,0.000246192973150458
-64.9,17.7,0.000209995683629477
-64.8,17.7,0.000163745603976146
-64.7,17.7,0.00011862924745041
-64.6,17.7,8.20062532034585e-05
-64.5,17.7,5.57600221056691e-05
-64.4,17.7,3.80727045167163e-05
-64.3,17.7,2.61235518611321e-05
-64.2,17.7,1.77315272554127e-05
-64.1,17.7,1.16691976155787e-05
-64,17.7,7.327799321137e-06
-63.9,17.7,4.34637260311452e-06
-63.8,17.7,2.42108657819365e-06
-63.7,17.7,1.26282128176984e-06
-63.6,17.7,6.16006871384266e-07
-70.9,17.6,0.000683164445409628
-70.8,17.6,0.000699410678117137
-70.7,17.6,0.000716261690637808
-70.6,17.6,0.000740779086213117
-70.5,17.6,0.000769654867660951
-70.4,17.6,0.000785413615429702
-70.3,17.6,0.000766094123429183
-70.2,17.6,0.000703480160194124
-70.1,17.6,0.000609229326595891
-70,17.6,0.000505460391160495
-69.9,17.6,0.000411290933354308
-69.8,17.6,0.000335622351573889
-69.7,17.6,0.00027813312946493
-69.6,17.6,0.000233997278795
-69.5,17.6,0.000197836165034235
-69.4,17.6,0.000165933551755279
-69.3,17.6,0.000138936590335568
-69.2,17.6,0.000137811637234796
-69.1,17.6,0.000274417375987076
-69,17.6,0.000830321472184551
-68.9,17.6,0.00255952230901048
-68.8,17.6,0.00762123439723874
-68.7,17.6,0.00195330920922864
-68.6,17.6,0.000987718530144445
-68.5,17.6,0.000939043702453913
-68.4,17.6,0.000820633469703066
-68.3,17.6,0.000544909167509093
-68.2,17.6,0.000377107439336048
-68.1,17.6,0.000378090128212608
-68,17.6,0.000389390988676921
-67.9,17.6,0.000329338822806765
-67.8,17.6,0.000224268988627418
-67.7,17.6,0.000132305727037204
-67.6,17.6,8.06396881229732e-05
-67.5,17.6,6.29529206245597e-05
-67.4,17.6,6.44452724228876e-05
-67.3,17.6,7.42151126755964e-05
-67.2,17.6,8.59800648766094e-05
-67.1,17.6,9.6317744365983e-05
-67,17.6,0.000103361921706295
-66.9,17.6,0.000106231563294386
-66.8,17.6,0.00010486582922117
-66.7,17.6,9.99286814272246e-05
-66.6,17.6,9.26480951040338e-05
-66.5,17.6,8.4605131176772e-05
-66.4,17.6,7.75154191163305e-05
-66.3,17.6,7.30241820458226e-05
-66.2,17.6,7.2612004513772e-05
-66.1,17.6,7.78878785733755e-05
-66,17.6,9.12644293806343e-05
-65.9,17.6,0.000115634180389967
-65.8,17.6,0.000151160069793742
-65.7,17.6,0.000191592671913267
-65.6,17.6,0.000227216224914372
-65.5,17.6,0.00025420528871007
-65.4,17.6,0.000277689658171451
-65.3,17.6,0.000302378680513725
-65.2,17.6,0.00032313543994422
-65.1,17.6,0.000327610105534641
-65,17.6,0.000306785134360971
-64.9,17.6,0.000262270791391933
-64.8,17.6,0.000205156130193864
-64.7,17.6,0.000149006063106048
-64.6,17.6,0.000103049105159906
-64.5,17.6,6.98702245140395e-05
-64.4,17.6,4.74229106206462e-05
-64.3,17.6,3.22958510693156e-05
-64.2,17.6,2.1765718947128e-05
-64.1,17.6,1.42434637730189e-05
-64,17.6,8.90803892134302e-06
-63.9,17.6,5.26858524884431e-06
-63.8,17.6,2.92851792998191e-06
-63.7,17.6,1.52463627816529e-06
-63.6,17.6,7.42236078811625e-07
-63.5,17.6,3.37751665187985e-07
-70.9,17.5,0.000556035886185352
-70.8,17.5,0.000562885885658914
-70.7,17.5,0.00057418006289053
-70.6,17.5,0.000596269160580519
-70.5,17.5,0.000623935932858864
-70.4,17.5,0.000640688461793845
-70.3,17.5,0.000628487071986448
-70.2,17.5,0.000579878804651638
-70.1,17.5,0.000502635823586898
-70,17.5,0.000414078373474362
-69.9,17.5,0.000330923976693946
-69.8,17.5,0.000262468306578638
-69.7,17.5,0.00021008424765042
-69.6,17.5,0.000170639854615612
-69.5,17.5,0.0001401839514445
-69.4,17.5,0.000116200377788589
-69.3,17.5,9.89914565456379e-05
-69.2,17.5,9.77141385268438e-05
-69.1,17.5,0.000174613858264617
-69,17.5,0.000563741396274697
-68.9,17.5,0.00167717535491166
-68.8,17.5,0.0026973379193584
-68.7,17.5,0.00108558252874821
-68.6,17.5,0.000701210769480406
-68.5,17.5,0.000668097529024333
-68.4,17.5,0.00056928866286133
-68.3,17.5,0.000432972394339836
-68.2,17.5,0.000342766822812139
-68.1,17.5,0.000304264822325185
-68,17.5,0.00026883458210481
-67.9,17.5,0.000211887619178106
-67.8,17.5,0.000144157326458347
-67.7,17.5,8.94379954165786e-05
-67.6,17.5,5.89057182432141e-05
-67.5,17.5,4.86254559994377e-05
-67.4,17.5,5.0430976778973e-05
-67.3,17.5,5.79495682300982e-05
-67.2,17.5,6.71784000785517e-05
-67.1,17.5,7.57009152227281e-05
-67,17.5,8.20413122649853e-05
-66.9,17.5,8.53856170693714e-05
-66.8,17.5,8.5529757333151e-05
-66.7,17.5,8.2865353908457e-05
-66.6,17.5,7.83197848647181e-05
-66.5,17.5,7.32518109386967e-05
-66.4,17.5,6.93116192484195e-05
-66.3,17.5,6.82835302940299e-05
-66.2,17.5,7.21197908158263e-05
-66.1,17.5,8.36795348668828e-05
-66,17.5,0.00010803749184265
-65.9,17.5,0.000151486877840831
-65.8,17.5,0.000214424557498024
-65.7,17.5,0.000283037845096561
-65.6,17.5,0.000334722459034327
-65.5,17.5,0.000358313348181578
-65.4,17.5,0.000364098844742161
-65.3,17.5,0.000368468143173908
-65.2,17.5,0.000374055655749662
-65.1,17.5,0.000369176861583168
-65,17.5,0.000342025150841838
-64.9,17.5,0.000291867252712162
-64.8,17.5,0.000229046918003451
-64.7,17.5,0.000167386043191191
-64.6,17.5,0.000116574186231138
-64.5,17.5,7.94638927384574e-05
-64.4,17.5,5.403058073237e-05
-64.3,17.5,3.67323203311593e-05
-64.2,17.5,2.46667228735244e-05
-64.1,17.5,1.60807413165627e-05
-64,17.5,1.00256212436337e-05
-63.9,17.5,5.91569823913706e-06
-63.8,17.5,3.28241947970119e-06
-63.7,17.5,1.7063475572427e-06
-63.6,17.5,8.2945607064597e-07
-63.5,17.5,3.76766583942145e-07
-63.4,17.5,1.59970680995794e-07
-70.9,17.4,0.000440635668119535
-70.8,17.4,0.000441512965447095
-70.7,17.4,0.00044563394072372
-70.6,17.4,0.000458225731826656
-70.5,17.4,0.000476153295131371
-70.4,17.4,0.000487881583957449
-70.3,17.4,0.000479946368051573
-70.2,17.4,0.000445578801165051
-70.1,17.4,0.000388880888845634
-70,17.4,0.000321767363800437
-69.9,17.4,0.00025691654804431
-69.8,17.4,0.000202272285675905
-69.7,17.4,0.000159915394513135
-69.6,17.4,0.000128203130092625
-69.5,17.4,0.000104606479541956
-69.4,17.4,8.76535379183788e-05
-69.3,17.4,7.78128858408219e-05
-69.2,17.4,7.86408237135514e-05
-69.1,17.4,0.000106584245688179
-69,17.4,0.000219290298634861
-68.9,17.4,0.000398810656794749
-68.8,17.4,0.000462757639035666
-68.7,17.4,0.000489951874986145
-68.6,17.4,0.000586694539150882
-68.5,17.4,0.000633476091781359
-68.4,17.4,0.000585964393722658
-68.3,17.4,0.000490704046744845
-68.2,17.4,0.00039968720790361
-68.1,17.4,0.00032398788942577
-68,17.4,0.000252706447333804
-67.9,17.4,0.000182456745542943
-67.8,17.4,0.000120675054960515
-67.7,17.4,7.60685718969538e-05
-67.6,17.4,5.07369324746167e-05
-67.5,17.4,4.0662950656816e-05
-67.4,17.4,4.01936197351528e-05
-67.3,17.4,4.47374126957964e-05
-67.2,17.4,5.12240262536019e-05
-67.1,17.4,5.77110612196596e-05
-67,17.4,6.29617729510438e-05
-66.9,17.4,6.62397645240979e-05
-66.8,17.4,6.72688864658962e-05
-66.7,17.4,6.62454260738314e-05
-66.6,17.4,6.38421682936509e-05
-66.5,17.4,6.1186924870899e-05
-66.4,17.4,5.9795509926964e-05
-66.3,17.4,6.14822906978516e-05
-66.2,17.4,6.8575910143173e-05
-66.1,17.4,8.52101655636102e-05
-66,17.4,0.000119468980637314
-65.9,17.4,0.000181975789103512
-65.8,17.4,0.000274744464937325
-65.7,17.4,0.000377003824402306
-65.6,17.4,0.00045119456445809
-65.5,17.4,0.000473999200052267
-65.4,17.4,0.000456753818580978
-65.3,17.4,0.0004282641078538
-65.2,17.4,0.000404460280464348
-65.1,17.4,0.000380279128580932
-65,17.4,0.000343772800783615
-64.9,17.4,0.000290977078724008
-64.8,17.4,0.000228836758836933
-64.7,17.4,0.000168707396071735
-64.6,17.4,0.000118944909927374
-64.5,17.4,8.2056151586408e-05
-64.4,17.4,5.625605923206e-05
-64.3,17.4,3.83768556107318e-05
-64.2,17.4,2.5767894027584e-05
-64.1,17.4,1.67699469353254e-05
-64,17.4,1.04349742343976e-05
-63.9,17.4,6.14706039914468e-06
-63.8,17.4,3.40629593101529e-06
-63.7,17.4,1.76874692041508e-06
-63.6,17.4,8.5882629626561e-07
-63.5,17.4,3.8960201974137e-07
-63.4,17.4,1.65141891217855e-07
-63.3,17.4,6.54777109164764e-08
-63.2,17.4,2.43449833364752e-08
-70.9,17.3,0.000334804610245688
-70.8,17.3,0.000331350602158931
-70.7,17.3,0.000329355737274395
-70.6,17.3,0.000333030289603159
-70.5,17.3,0.000341197954629226
-70.4,17.3,0.000346870893074515
-70.3,17.3,0.00034109377292759
-70.2,17.3,0.000318600623619112
-70.1,17.3,0.0002810496555609
-70,17.3,0.000235632393518133
-69.9,17.3,0.000190711077507666
-69.8,17.3,0.000152007162824255
-69.7,17.3,0.000121472319242359
-69.6,17.3,9.84577921444698e-05
-69.5,17.3,8.16065028661365e-05
-69.4,17.3,7.0316952166841e-05
-69.3,17.3,6.54847629629161e-05
-69.2,17.3,6.98350700058736e-05
-69.1,17.3,8.90074455562581e-05
-69,17.3,0.000134432869191969
-68.9,17.3,0.000216972751494151
-68.8,17.3,0.000341661721100309
-68.7,17.3,0.000520121607663295
-68.6,17.3,0.00070837333611386
-68.5,17.3,0.000801766636794468
-68.4,17.3,0.000746906884912668
-68.3,17.3,0.000606397414083523
-68.2,17.3,0.000470589003852206
-68.1,17.3,0.000365202194259217
-68,17.3,0.000275517007706049
-67.9,17.3,0.000194486461623101
-67.8,17.3,0.000127414893758024
-67.7,17.3,7.9673376597763e-05
-67.6,17.3,5.11227595780261e-05
-67.5,17.3,3.75018222912137e-05
-67.4,17.3,3.35619065462153e-05
-67.3,17.3,3.49957855052251e-05
-67.2,17.3,3.88818158827966e-05
-67.1,17.3,4.3391800445374e-05
-67,17.3,4.73973658194377e-05
-66.9,17.3,5.02282264293394e-05
-66.8,17.3,5.15847737550005e-05
-66.7,17.3,5.15357052854355e-05
-66.6,17.3,5.05479547457895e-05
-66.5,17.3,4.95144393402873e-05
-66.4,17.3,4.97393269611584e-05
-66.3,17.3,5.29053581287636e-05
-66.2,17.3,6.14166053733776e-05
-66.1,17.3,8.00579803306838e-05
-66,17.3,0.000118848845077345
-65.9,17.3,0.000192003037148462
-65.8,17.3,0.000304982826448623
-65.7,17.3,0.000435648184763913
-65.6,17.3,0.000536655191037597
-65.5,17.3,0.000570145794327251
-65.4,17.3,0.000538804462699153
-65.3,17.3,0.000476754097115648
-65.2,17.3,0.00041559627224324
-65.1,17.3,0.000364339313978815
-65,17.3,0.000315705206782678
-64.9,17.3,0.000262616046252732
-64.8,17.3,0.000206400120000285
-64.7,17.3,0.000153678067596242
-64.6,17.3,0.000110051790558898
-64.5,17.3,7.71705984347073e-05
-64.4,17.3,5.35833136991884e-05
-64.3,17.3,3.68217272882781e-05
-64.2,17.3,2.4794088827841e-05
-64.1,17.3,1.61415570086526e-05
-64,17.3,1.00375059904726e-05
-63.9,17.3,5.90788751316579e-06
-63.8,17.3,3.27109504202301e-06
-63.7,17.3,1.69723041619489e-06
-63.6,17.3,8.23438480697887e-07
-63.5,17.3,3.73200347941547e-07
-63.4,17.3,1.58002952908774e-07
-63.3,17.3,6.25468977596017e-08
-63.2,17.3,2.32018514263724e-08
-63.1,17.3,8.09997440754006e-09
-70.9,17.2,0.000243730658034085
-70.8,17.2,0.000237917564736839
-70.7,17.2,0.000232254827120744
-70.6,17.2,0.00022990466005491
-70.5,17.2,0.000230896126969864
-70.4,17.2,0.000231612511819746
-70.3,17.2,0.000226825213283641
-70.2,17.2,0.000213012297520656
-70.1,17.2,0.000190515544385154
-70,17.2,0.00016306872585997
-69.9,17.2,0.000135430012281302
-69.8,17.2,0.000111098705382917
-69.7,17.2,9.14773701009235e-05
-69.6,17.2,7.64247486334145e-05
-69.5,17.2,6.5364005439177e-05
-69.4,17.2,5.82557561879312e-05
-69.3,17.2,5.62219101901119e-05
-69.2,17.2,6.20689630350884e-05
-69.1,17.2,8.15189781001655e-05
-69,17.2,0.000125832627263207
-68.9,17.2,0.000214335705400109
-68.8,17.2,0.000371384650486196
-68.7,17.2,0.000601472429143858
-68.6,17.2,0.000835730862646718
-68.5,17.2,0.000937753837576408
-68.4,17.2,0.000845334949965913
-68.3,17.2,0.000655430233217221
-68.2,17.2,0.000491047205240413
-68.1,17.2,0.000378048940009214
-68,17.2,0.000288179484997934
-67.9,17.2,0.000206691321078753
-67.8,17.2,0.000137460982168338
-67.7,17.2,8.63441617317319e-05
-67.6,17.2,5.39476124008529e-05
-67.5,17.2,3.66430319907895e-05
-67.4,17.2,2.95036224695473e-05
-67.3,17.2,2.82717516888554e-05
-67.2,17.2,2.99772677947237e-05
-67.1,17.2,3.27754344957188e-05
-67,17.2,3.55790126228825e-05
-66.9,17.2,3.77702892141013e-05
-66.8,17.2,3.90547064025738e-05
-66.7,17.2,3.9424222460113e-05
-66.6,17.2,3.91837165619974e-05
-66.5,17.2,3.8995548411815e-05
-66.4,17.2,3.98913078704933e-05
-66.3,17.2,4.32655531753903e-05
-66.2,17.2,5.1219988900019e-05
-66.1,17.2,6.81990888182723e-05
-66,17.2,0.000104054714041364
-65.9,17.2,0.000174077488209639
-65.8,17.2,0.000287708756771235
-65.7,17.2,0.000428720890847022
-65.6,17.2,0.000550800611141799
-65.5,17.2,0.000605296708328635
-65.4,17.2,0.000577915869551547
-65.3,17.2,0.000496482627247209
-65.2,17.2,0.000404205726892138
-65.1,17.2,0.000327549735193568
-65,17.2,0.000268055200979468
-64.9,17.2,0.00021700388008132
-64.8,17.2,0.00016977260656935
-64.7,17.2,0.000127599665806718
-64.6,17.2,9.29224028582045e-05
-64.5,17.2,6.6361272986264e-05
-64.4,17.2,4.67776228740468e-05
-64.3,17.2,3.24620451276817e-05
-64.2,17.2,2.19713797736251e-05
-64.1,17.2,1.43350265263258e-05
-64,17.2,8.91999502653737e-06
-63.9,17.2,5.25011829981991e-06
-63.8,17.2,2.90608310027251e-06
-63.7,17.2,1.50721144206211e-06
-63.6,17.2,7.30866377918636e-07
-63.5,17.2,3.31033672133461e-07
-63.4,17.2,1.40039747052139e-07
-63.3,17.2,5.5379474301973e-08
-63.2,17.2,2.05148343488729e-08
-63.1,17.2,7.14793080047287e-09
-63,17.2,2.36047560955117e-09
-70.9,17.1,0.000170702410072346
-70.8,17.1,0.000164334557727941
-70.7,17.1,0.000157448625563161
-70.6,17.1,0.000152255538911203
-70.5,17.1,0.00014932369720045
-70.4,17.1,0.000147146734443657
-70.3,17.1,0.000143079862364811
-70.2,17.1,0.000135067680984976
-70.1,17.1,0.000122904411964867
-70,17.1,0.000108180443118768
-69.9,17.1,9.31784130483546e-05
-69.8,17.1,7.96935268255214e-05
-69.7,17.1,6.85267027403538e-05
-69.6,17.1,5.97056924410248e-05
-69.5,17.1,5.30565573925509e-05
-69.4,17.1,4.87742556105028e-05
-69.3,17.1,4.78795765084713e-05
-69.2,17.1,5.28040876271602e-05
-69.1,17.1,6.8883954569496e-05
-69,17.1,0.000107441459117991
-68.9,17.1,0.000189022709833477
-68.8,17.1,0.000339845357150859
-68.7,17.1,0.000562767484481282
-68.6,17.1,0.000782846395676794
-68.5,17.1,0.000864753805566479
-68.4,17.1,0.000761749099556884
-68.3,17.1,0.000581369697205155
-68.2,17.1,0.000438527403553983
-68.1,17.1,0.000346742167953935
-68,17.1,0.000272823694695446
-67.9,17.1,0.000201652884779706
-67.8,17.1,0.000137757653114843
-67.7,17.1,8.81645721943236e-05
-67.6,17.1,5.49743525211953e-05
-67.5,17.1,3.58747651278901e-05
-67.4,17.1,2.67530697097674e-05
-67.3,17.1,2.36925279771788e-05
-67.2,17.1,2.38080676532591e-05
-67.1,17.1,2.52779018874245e-05
-67,17.1,2.70561793412594e-05
-66.9,17.1,2.85768524046957e-05
-66.8,17.1,2.95677816132713e-05
-66.7,17.1,2.99801393111401e-05
-66.6,17.1,2.99961939058732e-05
-66.5,17.1,3.00683581773918e-05
-66.4,17.1,3.09370389527677e-05
-66.3,17.1,3.3625696210577e-05
-66.2,17.1,3.96851075500501e-05
-66.1,17.1,5.2452901006679e-05
-66,17.1,7.96935500246587e-05
-65.9,17.1,0.000134644081958948
-65.8,17.1,0.00022866762371781
-65.7,17.1,0.0003547762193194
-65.6,17.1,0.000477629643972338
-65.5,17.1,0.000548174335956906
-65.4,17.1,0.000537394764577084
-65.3,17.1,0.000459372781352706
-65.2,17.1,0.000358432418381864
-65.1,17.1,0.00027217069642318
-65,17.1,0.000210401030442672
-64.9,17.1,0.000165147143757335
-64.8,17.1,0.000128283105686374
-64.7,17.1,9.72140277237943e-05
-64.6,17.1,7.19653430587904e-05
-64.5,17.1,5.23537533035206e-05
-64.4,17.1,3.74975940863289e-05
-64.3,17.1,2.63184455780982e-05
-64.2,17.1,1.79366851620619e-05
-64.1,17.1,1.17467181332276e-05
-64,17.1,7.32303022367984e-06
-63.9,17.1,4.31366121558038e-06
-63.8,17.1,2.38829428502071e-06
-63.7,17.1,1.23856806536954e-06
-63.6,17.1,6.00440656563285e-07
-63.5,17.1,2.7185722962829e-07
-63.4,17.1,1.1495336307786e-07
-63.3,17.1,4.54352032631231e-08
-63.2,17.1,1.68212493123267e-08
-63.1,17.1,5.85718399656917e-09
-63,17.1,1.93283266531605e-09
-62.9,17.1,6.12894935579101e-10
-62.8,17.1,1.91217586405667e-10
-70.9,17,0.000115650694470552
-70.8,17,0.000109961252727891
-70.7,17,0.000103589921447639
-70.6,17,9.79935752619028e-05
-70.5,17,9.38489973579901e-05
-70.4,17,9.07476343302619e-05
-70.3,17,8.75559421774397e-05
-70.2,17,8.3211677792028e-05
-70.1,17,7.73796435326492e-05
-70,17,7.05361295788001e-05
-69.9,17,6.354369716363e-05
-69.8,17,5.71318951314861e-05
-69.7,17,5.16417731794708e-05
-69.6,17,4.70988198710725e-05
-69.5,17,4.34722029544417e-05
-69.4,17,4.09675160112695e-05
-69.3,17,4.03030803473138e-05
-69.2,17,4.31402118444922e-05
-69.1,17,5.3225713646983e-05
-69,17,7.87714887779872e-05
-68.9,17,0.000135059562817583
-68.8,17,0.000241616671454364
-68.7,17,0.000399505570505676
-68.6,17,0.000552339558571172
-68.5,17,0.000605718149985181
-68.4,17,0.000535588695000687
-68.3,17,0.000421652799175774
-68.2,17,0.000336927619450982
-68.1,17,0.000282172822215936
-68,17,0.000231954875610192
-67.9,17,0.000177639253023717
-67.8,17,0.000125270248578359
-67.7,17,8.23606284817511e-05
-67.6,17,5.21516885710399e-05
-67.5,17,3.37701762972334e-05
-67.4,17,2.42547901179267e-05
-67.3,17,2.03650402791274e-05
-67.2,17,1.95364588430637e-05
-67.1,17,2.0095965633295e-05
-67,17,2.10884481104221e-05
-66.9,17,2.20151032087336e-05
-66.8,17,2.2639812792511e-05
-66.7,17,2.28987173554149e-05
-66.6,17,2.28883283456056e-05
-66.5,17,2.28896691072339e-05
-66.4,17,2.33819048416394e-05
-66.3,17,2.50308247160733e-05
-66.2,17,2.88099859755751e-05
-66.1,17,3.6757756812749e-05
-66,17,5.37776561261255e-05
-65.9,17,8.89941337168058e-05
-65.8,17,0.000152283960774693
-65.7,17,0.000243539159916539
-65.6,17,0.000341863072046767
-65.5,17,0.000409093139747588
-65.4,17,0.000413710450101165
-65.3,17,0.000357675066946154
-65.2,17,0.000275265386592355
-65.1,17,0.000201966592193016
-65,17,0.000150449209131846
-64.9,17,0.000115430951944045
-64.8,17,8.92089528345128e-05
-64.7,17,6.81561618410025e-05
-64.6,17,5.12583270132929e-05
-64.5,17,3.79725716629276e-05
-64.4,17,2.76441712787056e-05
-64.3,17,1.96438857376073e-05
-64.2,17,1.34991581291778e-05
-64.1,17,8.88552780488229e-06
-64,17,5.5553194561036e-06
-63.9,17,3.27732478773047e-06
-63.8,17,1.81577234422034e-06
-63.7,17,9.41871291185559e-07
-63.6,17,4.56597069040971e-07
-63.5,17,2.06704331759818e-07
-63.4,17,8.73927269786769e-08
-63.3,17,3.45409357785251e-08
-63.2,17,1.27905547854522e-08
-63.1,17,4.45660470131353e-09
-63,17,1.4727971667193e-09
-62.9,17,4.68336955534458e-10
-62.8,17,1.46830307090237e-10
-62.7,17,4.70301330963665e-11
-70.9,16.9,7.61662243171507e-05
-70.8,16.9,7.1738234284326e-05
-70.7,16.9,6.67435679358931e-05
-70.6,16.9,6.21000896062998e-05
-70.5,16.9,5.8384143236564e-05
-70.4,16.9,5.56375351468034e-05
-70.3,16.9,5.34712942847692e-05
-70.2,16.9,5.13898246880672e-05
-70.1,16.9,4.90999661843831e-05
-70,16.9,4.66079241701663e-05
-69.9,16.9,4.40989442781307e-05
-69.8,16.9,4.17504115353846e-05
-69.7,16.9,3.96272661621544e-05
-69.6,16.9,3.77029380311578e-05
-69.5,16.9,3.59632500800556e-05
-69.4,16.9,3.4536251940416e-05
-69.3,16.9,3.38258070087604e-05
-69.2,16.9,3.47292882989278e-05
-69.1,16.9,3.92216889478896e-05
-69,16.9,5.1589919437817e-05
-68.9,16.9,7.97940574378352e-05
-68.8,16.9,0.00013390314666012
-68.7,16.9,0.000214297726639603
-68.6,16.9,0.000292783165180265
-68.5,16.9,0.000324432653216224
-68.4,16.9,0.000300335043617529
-68.3,16.9,0.000258505002411821
-68.2,16.9,0.000228700497645842
-68.1,16.9,0.000206163217210074
-68,16.9,0.000177617944182593
-67.9,16.9,0.00014109798471472
-67.8,16.9,0.000102922172777414
-67.7,16.9,6.98547172151934e-05
-67.6,16.9,4.54509621078002e-05
-67.5,16.9,2.99195184993212e-05
-67.4,16.9,2.14486156152916e-05
-67.3,16.9,1.76446715623647e-05
-67.2,16.9,1.64535969293328e-05
-67.1,16.9,1.64824775496143e-05
-67,16.9,1.69313774962493e-05
-66.9,16.9,1.73918320251854e-05
-66.8,16.9,1.76748759397008e-05
-66.7,16.9,1.77198275854633e-05
-66.6,16.9,1.75705279707558e-05
-66.5,16.9,1.7385221224622e-05
-66.4,16.9,1.74438159714808e-05
-66.3,16.9,1.8133595009703e-05
-66.2,16.9,1.99839169105093e-05
-66.1,16.9,2.40143739977704e-05
-66,16.9,3.26919876802212e-05
-65.9,16.9,5.09570641961001e-05
-65.8,16.9,8.51221732904343e-05
-65.7,16.9,0.000137450138975495
-65.6,16.9,0.000198507159395902
-65.5,16.9,0.000245717739944104
-65.4,16.9,0.000256226838261527
-65.3,16.9,0.0002266578515061
-65.2,16.9,0.000176675246063401
-65.1,16.9,0.000129882009818027
-65,16.9,9.62504362504534e-05
-64.9,16.9,7.35141862340097e-05
-64.8,16.9,5.6941514860305e-05
-64.7,16.9,4.39574273239261e-05
-64.6,16.9,3.36033337499181e-05
-64.5,16.9,2.53552169561973e-05
-64.4,16.9,1.87715592236883e-05
-64.3,16.9,1.35169448006814e-05
-64.2,16.9,9.37601395447238e-06
-64.1,16.9,6.20902788827931e-06
-64,16.9,3.89610374784271e-06
-63.9,16.9,2.3031627184452e-06
-63.8,16.9,1.27737971165423e-06
-63.7,16.9,6.62918068554252e-07
-63.6,16.9,3.21434869839419e-07
-63.5,16.9,1.45536363990413e-07
-63.4,16.9,6.15466401689575e-08
-63.3,16.9,2.43388125988314e-08
-63.2,16.9,9.02281824936244e-09
-63.1,16.9,3.15061818132011e-09
-63,16.9,1.04533383697252e-09
-62.9,16.9,3.3471307563693e-10
-62.8,16.9,1.06120581980521e-10
-62.7,16.9,3.45413983982294e-11
-62.6,16.9,1.19803216267688e-11
-70.9,16.8,4.89271483376151e-05
-70.8,16.8,4.58429763229232e-05
-70.7,16.8,4.23971360508392e-05
-70.6,16.8,3.91495175523437e-05
-70.5,16.8,3.65167273899472e-05
-70.4,16.8,3.4658643004159e-05
-70.3,16.8,3.34889772639901e-05
-70.2,16.8,3.27909729600483e-05
-70.1,16.8,3.2351949098598e-05
-70,16.8,3.20341917613794e-05
-69.9,16.8,3.17650336961672e-05
-69.8,16.8,3.14903270738645e-05
-69.7,16.8,3.11445727806922e-05
-69.6,16.8,3.06594739731438e-05
-69.5,16.8,3.00019985818191e-05
-69.4,16.8,2.92239282855406e-05
-69.3,16.8,2.85126616644896e-05
-69.2,16.8,2.82672022667545e-05
-69.1,16.8,2.93002373600893e-05
-69,16.8,3.32752604798044e-05
-68.9,16.8,4.31811715675357e-05
-68.8,16.8,6.27507820782336e-05
-68.7,16.8,9.24561342414232e-05
-68.6,16.8,0.000123452327492705
-68.5,16.8,0.000141750633490158
-68.4,16.8,0.000144670685148619
-68.3,16.8,0.000142695728935155
-68.2,16.8,0.00014169490581732
-68.1,16.8,0.000136875706978471
-68,16.8,0.000123107381079368
-67.9,16.8,0.000101346200815407
-67.8,16.8,7.65634586857574e-05
-67.7,16.8,5.38786392005151e-05
-67.6,16.8,3.63968665762354e-05
-67.5,16.8,2.48522604416076e-05
-67.4,16.8,1.83199145433247e-05
-67.3,16.8,1.52214804284888e-05
-67.2,16.8,1.40841879954905e-05
-67.1,16.8,1.38709162991385e-05
-67,16.8,1.39802391061617e-05
-66.9,16.8,1.41095838215104e-05
-66.8,16.8,1.41226811231257e-05
-66.7,16.8,1.39729948011321e-05
-66.6,16.8,1.36778480088497e-05
-66.5,16.8,1.33193003031452e-05
-66.4,16.8,1.30467414640027e-05
-66.3,16.8,1.30651526127553e-05
-66.2,16.8,1.36321984751585e-05
-66.1,16.8,1.51754600257148e-05
-66,16.8,1.86850120377808e-05
-65.9,16.8,2.62499358727035e-05
-65.8,16.8,4.08843879836047e-05
-65.7,16.8,6.44226108320063e-05
-65.6,16.8,9.36887249818089e-05
-65.5,16.8,0.000118609402660617
-65.4,16.8,0.000127388780491525
-65.3,16.8,0.000116585354950924
-65.2,16.8,9.43303864857996e-05
-65.1,16.8,7.18666380094849e-05
-65,16.8,5.467317270909e-05
-64.9,16.8,4.2412843902531e-05
-64.8,16.8,3.32486884226765e-05
-64.7,16.8,2.60503463128952e-05
-64.6,16.8,2.02869139541946e-05
-64.5,16.8,1.56108679835249e-05
-64.4,16.8,1.17635950862469e-05
-64.3,16.8,8.59016576294663e-06
-64.2,16.8,6.01865032576152e-06
-64.1,16.8,4.01218571940345e-06
-64,16.8,2.52787870283528e-06
-63.9,16.8,1.49785194658978e-06
-63.8,16.8,8.31801977269501e-07
-63.7,16.8,4.31977884404195e-07
-63.6,16.8,2.09551407224709e-07
-63.5,16.8,9.49231785941714e-08
-63.4,16.8,4.01718627062586e-08
-63.3,16.8,1.59067142256808e-08
-63.2,16.8,5.91065867461075e-09
-63.1,16.8,2.07245071417718e-09
-63,16.8,6.92563126945536e-10
-62.9,16.8,2.24435629135695e-10
-62.8,16.8,7.25006508090292e-11
-62.7,16.8,2.42106723365483e-11
-62.6,16.8,8.64280826879069e-12
-62.5,16.8,3.3390472318559e-12
-62.4,16.8,1.37539630641532e-12
-70.9,16.7,3.0716560538316e-05
-70.8,16.7,2.87791049247801e-05
-70.7,16.7,2.66674070109294e-05
-70.6,16.7,2.47151204131987e-05
-70.5,16.7,2.31939138919715e-05
-70.4,16.7,2.22498820537425e-05
-70.3,16.7,2.1890065701001e-05
-70.2,16.7,2.20176915318879e-05
-70.1,16.7,2.24876362539538e-05
-70,16.7,2.31498284460448e-05
-69.9,16.7,2.38673759818697e-05
-69.8,16.7,2.45179785169183e-05
-69.7,16.7,2.49942004206759e-05
-69.6,16.7,2.52111720891156e-05
-69.5,16.7,2.51211457169944e-05
-69.4,16.7,2.47303783409904e-05
-69.3,16.7,2.41143105658378e-05
-69.2,16.7,2.34349689129905e-05
-69.1,16.7,2.29874444270658e-05
-69,16.7,2.33109980346658e-05
-68.9,16.7,2.53196796935203e-05
-68.8,16.7,3.01899750459887e-05
-68.7,16.7,3.84983632684436e-05
-68.6,16.7,4.8913404581339e-05
-68.5,16.7,5.88949740741406e-05
-68.4,16.7,6.76126731323395e-05
-68.3,16.7,7.57656475956572e-05
-68.2,16.7,8.21207266141097e-05
-68.1,16.7,8.34449181540032e-05
-68,16.7,7.78230341357122e-05
-67.9,16.7,6.63195484124055e-05
-67.8,16.7,5.20032951295185e-05
-67.7,16.7,3.8180142705908e-05
-67.6,16.7,2.71082072705037e-05
-67.5,16.7,1.95740478814689e-05
-67.4,16.7,1.51946458011284e-05
-67.3,16.7,1.30383830122899e-05
-67.2,16.7,1.21635861810776e-05
-67.1,16.7,1.18852143828453e-05
-67,16.7,1.18027234579267e-05
-66.9,16.7,1.17174218897705e-05
-66.8,16.7,1.15431008409909e-05
-66.7,16.7,1.12512413823948e-05
-66.6,16.7,1.08497712438647e-05
-66.5,16.7,1.03802401515353e-05
-66.4,16.7,9.91802358639997e-06
-66.3,16.7,9.565027028576e-06
-66.2,16.7,9.43972455283969e-06
-66.1,16.7,9.70290686491231e-06
-66,16.7,1.06820461457824e-05
-65.9,16.7,1.3079194350052e-05
-65.8,16.7,1.80005791114086e-05
-65.7,16.7,2.63267775368528e-05
-65.6,16.7,3.72987039941605e-05
-65.5,16.7,4.75177355212211e-05
-65.4,16.7,5.24722196124268e-05
-65.3,16.7,5.02319890643425e-05
-65.2,16.7,4.3071060947082e-05
-65.1,16.7,3.4835283645269e-05
-65,16.7,2.77645408173889e-05
-64.9,16.7,2.218050579021e-05
-64.8,16.7,1.77522624986355e-05
-64.7,16.7,1.41961189711539e-05
-64.6,16.7,1.13019052713985e-05
-64.5,16.7,8.88630815523389e-06
-64.4,16.7,6.82170016872977e-06
-64.3,16.7,5.05342983586294e-06
-64.2,16.7,3.57685574497543e-06
-64.1,16.7,2.40045498044237e-06
-64,16.7,1.51868677480048e-06
-63.9,16.7,9.02066638694388e-07
-63.8,16.7,5.01650682907204e-07
-63.7,16.7,2.60752527087822e-07
-63.6,16.7,1.2658458142002e-07
-63.5,16.7,5.73932364499738e-08
-63.4,16.7,2.43237061586572e-08
-63.3,16.7,9.65445175263497e-09
-63.2,16.7,3.60209001543256e-09
-63.1,16.7,1.27178942856436e-09
-63,16.7,4.29966938467463e-10
-62.9,16.7,1.41969490959768e-10
-62.8,16.7,4.71546894366194e-11
-62.7,16.7,1.63223014247317e-11
-62.6,16.7,6.05109247915495e-12
-62.5,16.7,2.41197009780344e-12
-62.4,16.7,1.01416143335199e-12
-62.3,16.7,4.3798789191981e-13
-70.9,16.6,1.88768005240543e-05
-70.8,16.6,1.77918997160219e-05
-70.7,16.6,1.66642002421605e-05
-70.6,16.6,1.56889967732285e-05
-70.5,16.6,1.50310876939167e-05
-70.4,16.6,1.47901343491372e-05
-70.3,16.6,1.49863848089056e-05
-70.2,16.6,1.55689600633145e-05
-70.1,16.6,1.64382404514408e-05
-70,16.6,1.7470277798067e-05
-69.9,16.6,1.85355858543408e-05
-69.8,16.6,1.95116083902167e-05
-69.7,16.6,2.02918242256865e-05
-69.6,16.6,2.0793870698771e-05
-69.5,16.6,2.09670800516077e-05
-69.4,16.6,2.07986668235648e-05
-69.3,16.6,2.03174916703293e-05
-69.2,16.6,1.95956907688433e-05
-69.1,16.6,1.87546254534949e-05
-69,16.6,1.79880032551793e-05
-68.9,16.6,1.76024531701451e-05
-68.8,16.6,1.80328257988752e-05
-68.7,16.6,1.97403954545914e-05
-68.6,16.6,2.29863400386505e-05
-68.5,16.6,2.77326430042139e-05
-68.4,16.6,3.36975428728928e-05
-68.3,16.6,4.00810530240581e-05
-68.2,16.6,4.5265004448724e-05
-68.1,16.6,4.74083712788365e-05
-68,16.6,4.5561022297055e-05
-67.9,16.6,4.01953378008299e-05
-67.8,16.6,3.28688549642645e-05
-67.7,16.6,2.54287088577983e-05
-67.6,16.6,1.92684090327765e-05
-67.5,16.6,1.49767525688359e-05
-67.4,16.6,1.24307835782102e-05
-67.3,16.6,1.11359967479938e-05
-67.2,16.6,1.05567769044055e-05
-67.1,16.6,1.02939159210212e-05
-67,16.6,1.01134410217241e-05
-66.9,16.6,9.90191331833406e-06
-66.8,16.6,9.61348118240637e-06
-66.7,16.6,9.23598997024222e-06
-66.6,16.6,8.77665682707277e-06
-66.5,16.6,8.25879610944412e-06
-66.4,16.6,7.72115440522024e-06
-66.3,16.6,7.21413280748548e-06
-66.2,16.6,6.79299717437328e-06
-66.1,16.6,6.51953207924702e-06
-66,16.6,6.49323627909237e-06
-65.9,16.6,6.91508003327339e-06
-65.8,16.6,8.11749741052766e-06
-65.7,16.6,1.04152078221397e-05
-65.6,16.6,1.37013206893968e-05
-65.5,16.6,1.70895109904551e-05
-65.4,16.6,1.92308297720895e-05
-65.3,16.6,1.93204213604402e-05
-65.2,16.6,1.768934260073e-05
-65.1,16.6,1.52753914444894e-05
-65,16.6,1.28054517422607e-05
-64.9,16.6,1.0588153040226e-05
-64.8,16.6,8.70601478162242e-06
-64.7,16.6,7.14581717811608e-06
-64.6,16.6,5.83700653094476e-06
-64.5,16.6,4.69662011123434e-06
-64.4,16.6,3.67347970534117e-06
-64.3,16.6,2.75932157485518e-06
-64.2,16.6,1.97191635519379e-06
-64.1,16.6,1.33166637692285e-06
-64,16.6,8.45769035187776e-07
-63.9,16.6,5.03545283612328e-07
-63.8,16.6,2.80441503438791e-07
-63.7,16.6,1.45933745860696e-07
-63.6,16.6,7.09278121214284e-08
-63.5,16.6,3.22103254030848e-08
-63.4,16.6,1.36853352332473e-08
-63.3,16.6,5.45421699272624e-09
-63.2,16.6,2.04877495843662e-09
-63.1,16.6,7.31453223374467e-10
-63,16.6,2.51774591711944e-10
-62.9,16.6,8.54638694957259e-11
-62.8,16.6,2.95051564075259e-11
-62.7,16.6,1.06955607102921e-11
-62.6,16.6,4.14617268510573e-12
-62.5,16.6,1.71030343865137e-12
-62.4,16.6,7.3469079112869e-13
-62.3,16.6,3.20951629602568e-13
-62.2,16.6,1.40136281578042e-13
-70.9,16.5,1.13845819246223e-05
-70.8,16.5,1.08694078741712e-05
-70.7,16.5,1.03868625330183e-05
-70.6,16.5,1.00496078733655e-05
-70.5,16.5,9.9523182274834e-06
-70.4,16.5,1.01530717556035e-05
-70.3,16.5,1.06634029772298e-05
-70.2,16.5,1.14490405673249e-05
-70.1,16.5,1.24391415758771e-05
-70,16.5,1.35396152484148e-05
-69.9,16.5,1.46466515250734e-05
-69.8,16.5,1.56585086719364e-05
-69.7,16.5,1.64851707627991e-05
-69.6,16.5,1.70559778057888e-05
-69.5,16.5,1.7325233800039e-05
-69.4,16.5,1.72756823003472e-05
-69.3,16.5,1.69196922263291e-05
-69.2,16.5,1.62983023344871e-05
-69.1,16.5,1.5480082191153e-05
-69,16.5,1.45650029726308e-05
-68.9,16.5,1.36985041001979e-05
-68.8,16.5,1.30913875674281e-05
-68.7,16.5,1.30221543198181e-05
-68.6,16.5,1.37867261687496e-05
-68.5,16.5,1.55809241623765e-05
-68.4,16.5,1.83335820301e-05
-68.3,16.5,2.15573416098728e-05
-68.2,16.5,2.43813647443567e-05
-68.1,16.5,2.58740751246704e-05
-68,16.5,2.54877392395873e-05
-67.9,16.5,2.33214180127398e-05
-67.8,16.5,2.0044959762908e-05
-67.7,16.5,1.65553124811949e-05
-67.6,16.5,1.358529208149e-05
-67.5,16.5,1.14794231249294e-05
-67.4,16.5,1.02081582880632e-05
-67.3,16.5,9.53350351340855e-06
-67.2,16.5,9.18464148485799e-06
-67.1,16.5,8.95722984400229e-06
-67,16.5,8.73276770056112e-06
-66.9,16.5,8.45675800719023e-06
-66.8,16.5,8.11099050289914e-06
-66.7,16.5,7.69518033256194e-06
-66.6,16.5,7.21865331924023e-06
-66.5,16.5,6.69783279805397e-06
-66.4,16.5,6.15540455296618e-06
-66.3,16.5,5.61847800593742e-06
-66.2,16.5,5.11530016717656e-06
-66.1,16.5,4.67373627865546e-06
-66,16.5,4.3278640751984e-06
-65.9,16.5,4.13491120100882e-06
-65.8,16.5,4.18716754659553e-06
-65.7,16.5,4.58173581662471e-06
-65.6,16.5,5.32334205985597e-06
-65.5,16.5,6.22184997023602e-06
-65.4,16.5,6.93214065050689e-06
-65.3,16.5,7.17060526266498e-06
-65.2,16.5,6.89433542228167e-06
-65.1,16.5,6.25974875050893e-06
-65,16.5,5.46874135355195e-06
-64.9,16.5,4.67563176728831e-06
-64.8,16.5,3.96478671177974e-06
-64.7,16.5,3.35363023084679e-06
-64.6,16.5,2.81595177040902e-06
-64.5,16.5,2.31813920451082e-06
-64.4,16.5,1.84483240478788e-06
-64.3,16.5,1.40286557740734e-06
-64.2,16.5,1.01084349547753e-06
-64.1,16.5,6.86264787923761e-07
-64,16.5,4.37309422251579e-07
-63.9,16.5,2.60915652272663e-07
-63.8,16.5,1.45540007546737e-07
-63.7,16.5,7.58481642461614e-08
-63.6,16.5,3.69335442424121e-08
-63.5,16.5,1.68188237031475e-08
-63.4,16.5,7.17667147358513e-09
-63.3,16.5,2.87990252857959e-09
-63.2,16.5,1.09374142015081e-09
-63.1,16.5,3.97378865284151e-10
-63,16.5,1.4053049806159e-10
-62.9,16.5,4.9606327722614e-11
-62.8,16.5,1.80115194293613e-11
-62.7,16.5,6.89593434237547e-12
-62.6,16.5,2.80452241534483e-12
-62.5,16.5,1.19685630839161e-12
-62.4,16.5,5.24596452651756e-13
-62.3,16.5,2.31606224893001e-13
-62.2,16.5,1.01658074888952e-13
-62.1,16.5,4.40381442038743e-14
-62,16.5,1.87608321471763e-14
-70.9,16.4,6.76802195267483e-06
-70.8,16.4,6.597331226324e-06
-70.7,16.4,6.49291956139273e-06
-70.6,16.4,6.51909142131665e-06
-70.5,16.4,6.72797879046351e-06
-70.4,16.4,7.14955115461843e-06
-70.3,16.4,7.78558597586422e-06
-70.2,16.4,8.60889170378792e-06
-70.1,16.4,9.56737182812737e-06
-70,16.4,1.05913454913759e-05
-69.9,16.4,1.1602288218821e-05
-69.8,16.4,1.25215680949372e-05
-69.7,16.4,1.32783033567678e-05
-69.6,16.4,1.38158377509365e-05
-69.5,16.4,1.40965212631033e-05
-69.4,16.4,1.41046044926268e-05
-69.3,16.4,1.3847154524943e-05
-69.2,16.4,1.3353095984863e-05
-69.1,16.4,1.26711436527977e-05
-69,16.4,1.18687045863624e-05
-68.9,16.4,1.10346053632413e-05
-68.8,16.4,1.0285966832355e-05
-68.7,16.4,9.77175187098702e-06
-68.6,16.4,9.65600597281907e-06
-68.5,16.4,1.00645277939094e-05
-68.4,16.4,1.10011643862675e-05
-68.3,16.4,1.22784017100645e-05
-68.2,16.4,1.35291360180968e-05
-68.1,16.4,1.43311444721905e-05
-68,16.4,1.43926933777072e-05
-67.9,16.4,1.36893489970775e-05
-67.8,16.4,1.24637858601624e-05
-67.7,16.4,1.10899559899759e-05
-67.6,16.4,9.89283124783078e-06
-67.5,16.4,9.03295447753911e-06
-67.4,16.4,8.50192920075039e-06
-67.3,16.4,8.19405023328435e-06
-67.2,16.4,7.98719963707896e-06
-67.1,16.4,7.78996944723458e-06
-67,16.4,7.55156461199377e-06
-66.9,16.4,7.25200486246706e-06
-66.8,16.4,6.88913156360408e-06
-66.7,16.4,6.46968843973525e-06
-66.6,16.4,6.00494419296692e-06
-66.5,16.4,5.50900012513066e-06
-66.4,16.4,4.99800116655246e-06
-66.3,16.4,4.48914515556263e-06
-66.2,16.4,3.9992357398163e-06
-66.1,16.4,3.5436782944113e-06
-66,16.4,3.1377405729999e-06
-65.9,16.4,2.80085518832247e-06
-65.8,16.4,2.5602934450559e-06
-65.7,16.4,2.4451889714927e-06
-65.6,16.4,2.46437354438078e-06
-65.5,16.4,2.57969960483823e-06
-65.4,16.4,2.70603299222454e-06
-65.3,16.4,2.75264761427659e-06
-65.2,16.4,2.67312332850303e-06
-65.1,16.4,2.48018994875267e-06
-65,16.4,2.22346409421321e-06
-64.9,16.4,1.9560684173751e-06
-64.8,16.4,1.71003466145524e-06
-64.7,16.4,1.48977103154499e-06
-64.6,16.4,1.28285921090985e-06
-64.5,16.4,1.07669831515266e-06
-64.4,16.4,8.68737232524524e-07
-64.3,16.4,6.66790395626738e-07
-64.2,16.4,4.83385611123315e-07
-64.1,16.4,3.29450088850328e-07
-64,16.4,2.10472467585502e-07
-63.9,16.4,1.2581424496017e-07
-63.8,16.4,7.0305816877927e-08
-63.7,16.4,3.67202896002144e-08
-63.6,16.4,1.79365052867828e-08
-63.5,16.4,8.20666754973582e-09
-63.4,16.4,3.52756230636978e-09
-63.3,16.4,1.43180916331414e-09
-63.2,16.4,5.53499307450915e-10
-63.1,16.4,2.06599907113943e-10
-63,16.4,7.59888352289752e-11
-62.9,16.4,2.82653082710137e-11
-62.8,16.4,1.09063860321789e-11
-62.7,16.4,4.42877065418488e-12
-62.6,16.4,1.88692851037019e-12
-62.5,16.4,8.30219510478022e-13
-62.4,16.4,3.70252523887866e-13
-62.3,16.4,1.64941686550053e-13
-62.2,16.4,7.27324507858129e-14
-62.1,16.4,3.15906538097241e-14
-62,16.4,1.34834582940451e-14
-61.9,16.4,5.64972938998252e-15
-70.9,16.3,3.99222924477664e-06
-70.8,16.3,4.00697378762273e-06
-70.7,16.3,4.0956034046946e-06
-70.6,16.3,4.29465509612454e-06
-70.5,16.3,4.63193401665816e-06
-70.4,16.3,5.12107052329106e-06
-70.3,16.3,5.75803488709438e-06
-70.2,16.3,6.52035332073718e-06
-70.1,16.3,7.36906075531306e-06
-70,16.3,8.25284271781932e-06
-69.9,16.3,9.11353902797067e-06
-69.8,16.3,9.89218027001898e-06
-69.7,16.3,1.05348621805504e-05
-69.6,16.3,1.09979120795817e-05
-69.5,16.3,1.12519257715356e-05
-69.4,16.3,1.12843644193216e-05
-69.3,16.3,1.11005197128623e-05
-69.2,16.3,1.072282737237e-05
-69.1,16.3,1.01888356612966e-05
-69,16.3,9.54867349493056e-06
-68.9,16.3,8.86329274764937e-06
-68.8,16.3,8.20415363090426e-06
-68.7,16.3,7.65244271375127e-06
-68.6,16.3,7.29216557900485e-06
-68.5,16.3,7.19059174701466e-06
-68.4,16.3,7.36663587662794e-06
-68.3,16.3,7.7619862642965e-06
-68.2,16.3,8.23971384571123e-06
-68.1,16.3,8.62612876810839e-06
-68,16.3,8.78297480545396e-06
-67.9,16.3,8.66924243386519e-06
-67.8,16.3,8.35183223513806e-06
-67.7,16.3,7.95808101135514e-06
-67.6,16.3,7.60428325012483e-06
-67.5,16.3,7.34671718078798e-06
-67.4,16.3,7.1771907014891e-06
-67.3,16.3,7.05057770977094e-06
-67.2,16.3,6.91712752874848e-06
-67.1,16.3,6.74149195005777e-06
-67,16.3,6.50665860144133e-06
-66.9,16.3,6.20974659045113e-06
-66.8,16.3,5.8563573806593e-06
-66.7,16.3,5.45648374960294e-06
-66.6,16.3,5.02223086518026e-06
-66.5,16.3,4.56665389654555e-06
-66.4,16.3,4.10304438541551e-06
-66.3,16.3,3.64426771748098e-06
-66.2,16.3,3.20205364709212e-06
-66.1,16.3,2.78648907228281e-06
-66,16.3,2.40621465058633e-06
-65.9,16.3,2.06954041706828e-06
-65.8,16.3,1.78554808963033e-06
-65.7,16.3,1.56294475966332e-06
-65.6,16.3,1.405024738913e-06
-65.5,16.3,1.30306355678785e-06
-65.4,16.3,1.2348454436143e-06
-65.3,16.3,1.17288099154798e-06
-65.2,16.3,1.09760905920209e-06
-65.1,16.3,1.00522656731241e-06
-65,16.3,9.0477421692075e-07
-64.9,16.3,8.0812429338108e-07
-64.8,16.3,7.20967665080158e-07
-64.7,16.3,6.40644872278693e-07
-64.6,16.3,5.60477531337608e-07
-64.5,16.3,4.75711563225034e-07
-64.4,16.3,3.86675278329601e-07
-64.3,16.3,2.98184638068855e-07
-64.2,16.3,2.1680971457677e-07
-64.1,16.3,1.48061069861741e-07
-64,16.3,9.47433291189748e-08
-63.9,16.3,5.6733863545979e-08
-63.8,16.3,3.17783481135224e-08
-63.7,16.3,1.66561816497601e-08
-63.6,16.3,8.17970363425279e-09
-63.5,16.3,3.77331606252784e-09
-63.4,16.3,1.64226165858006e-09
-63.3,16.3,6.79252182309855e-10
-63.2,16.3,2.70035601957001e-10
-63.1,16.3,1.04921032133563e-10
-63,16.3,4.07202087184801e-11
-62.9,16.3,1.61532228373008e-11
-62.8,16.3,6.6587222327858e-12
-62.7,16.3,2.86149356158626e-12
-62.6,16.3,1.26959002038529e-12
-62.5,16.3,5.72669224316483e-13
-62.4,16.3,2.58916676526405e-13
-62.3,16.3,1.16176137801524e-13
-62.2,16.3,5.14310723662378e-14
-62.1,16.3,2.23954735095633e-14
-62,16.3,9.57877617658534e-15
-61.9,16.3,4.02197583167342e-15
-61.8,16.3,1.65766691005239e-15
-70.9,16.2,2.355440214846e-06
-70.8,16.2,2.45373862471446e-06
-70.7,16.2,2.61984197029919e-06
-70.6,16.2,2.87459468608381e-06
-70.5,16.2,3.23253293532104e-06
-70.4,16.2,3.69882169832618e-06
-70.3,16.2,4.26722649541069e-06
-70.2,16.2,4.91954528999606e-06
-70.1,16.2,5.62662470370529e-06
-70,16.2,6.35079879848082e-06
-69.9,16.2,7.04939398993497e-06
-69.8,16.2,7.67885222313509e-06
-69.7,16.2,8.19900519177414e-06
-69.6,16.2,8.57705028939347e-06
-69.5,16.2,8.79081927635844e-06
-69.4,16.2,8.83099631635371e-06
-69.3,16.2,8.70204244466667e-06
-69.2,16.2,8.42173112965225e-06
-69.1,16.2,8.01941145135404e-06
-69,16.2,7.53338952241901e-06
-68.9,16.2,7.00805586795705e-06
-68.8,16.2,6.49131109722652e-06
-68.7,16.2,6.0321220335997e-06
-68.6,16.2,5.67678663950642e-06
-68.5,16.2,5.4618301809374e-06
-68.4,16.2,5.40316921400734e-06
-68.3,16.2,5.48564224371965e-06
-68.2,16.2,5.66109855927317e-06
-68.1,16.2,5.86161389476721e-06
-68,16.2,6.02506064513802e-06
-67.9,16.2,6.11929338065192e-06
-67.8,16.2,6.14934598732694e-06
-67.7,16.2,6.14342602027721e-06
-67.6,16.2,6.12898668141929e-06
-67.5,16.2,6.11565389141383e-06
-67.4,16.2,6.09345523221504e-06
-67.3,16.2,6.04231164138436e-06
-67.2,16.2,5.94324763627879e-06
-67.1,16.2,5.78488825854075e-06
-67,16.2,5.56454900648678e-06
-66.9,16.2,5.28635580854736e-06
-66.8,16.2,4.95877379139264e-06
-66.7,16.2,4.59264383857365e-06
-66.6,16.2,4.19986230813464e-06
-66.5,16.2,3.79249901616677e-06
-66.4,16.2,3.38215027833071e-06
-66.3,16.2,2.9794106067978e-06
-66.2,16.2,2.59343628565265e-06
-66.1,16.2,2.23166591511076e-06
-66,16.2,1.89982258737452e-06
-65.9,16.2,1.6022430602893e-06
-65.8,16.2,1.34229008751623e-06
-65.7,16.2,1.12228771341804e-06
-65.6,16.2,9.42557322745953e-07
-65.5,16.2,8.0002298046976e-07
-65.4,16.2,6.87848837872745e-07
-65.3,16.2,5.97265637498515e-07
-65.2,16.2,5.20818464024176e-07
-65.1,16.2,4.54632368273426e-07
-65,16.2,3.97960666466415e-07
-64.9,16.2,3.50679566224127e-07
-64.8,16.2,3.11060912330909e-07
-64.7,16.2,2.75566334190165e-07
-64.6,16.2,2.40432751411322e-07
-64.5,16.2,2.03499038239564e-07
-64.4,16.2,1.64977498415838e-07
-64.3,16.2,1.26950094387321e-07
-64.2,16.2,9.21708872435368e-08
-64.1,16.2,6.29061029999762e-08
-64,16.2,4.02712901745132e-08
-63.9,16.2,2.41584844439482e-08
-63.8,16.2,1.35803622970448e-08
-63.7,16.2,7.16072868359198e-09
-63.6,16.2,3.54962239901141e-09
-63.5,16.2,1.66072848224762e-09
-63.4,16.2,7.38031811773683e-10
-63.3,16.2,3.14595526496719e-10
-63.2,16.2,1.30440280785637e-10
-63.1,16.2,5.35664698496698e-11
-63,16.2,2.22161913181781e-11
-62.9,16.2,9.45127918444974e-12
-62.8,16.2,4.14915555028565e-12
-62.7,16.2,1.87078926044256e-12
-62.6,16.2,8.56660984411396e-13
-62.5,16.2,3.93619689828887e-13
-62.4,16.2,1.79771685666192e-13
-62.3,16.2,8.11112054143316e-14
-62.2,16.2,3.6029010656019e-14
-62.1,16.2,1.57283529348806e-14
-62,16.2,6.74293860252874e-15
-61.9,16.2,2.83824719401119e-15
-61.8,16.2,1.17300084148168e-15
-70.9,16.1,1.4011770708056e-06
-70.8,16.1,1.52379781441237e-06
-70.7,16.1,1.70258035404655e-06
-70.6,16.1,1.94958009143549e-06
-70.5,16.1,2.2723563463947e-06
-70.4,16.1,2.67216612217079e-06
-70.3,16.1,3.14273416240052e-06
-70.2,16.1,3.66985486822132e-06
-70.1,16.1,4.23195077605721e-06
-70,16.1,4.80156847530935e-06
-69.9,16.1,5.34766672022428e-06
-69.8,16.1,5.83845586014587e-06
-69.7,16.1,6.2444825533806e-06
-69.6,16.1,6.54161723291582e-06
-69.5,16.1,6.71359711244824e-06
-69.4,16.1,6.75381157503865e-06
-69.3,16.1,6.66609485562725e-06
-69.2,16.1,6.46441252733213e-06
-69.1,16.1,6.17148582066623e-06
-69,16.1,5.81657301698245e-06
-68.9,16.1,5.4327775857204e-06
-68.8,16.1,5.05429359950222e-06
-68.7,16.1,4.71382465114702e-06
-68.6,16.1,4.44002055517636e-06
-68.5,16.1,4.25445292614545e-06
-68.4,16.1,4.1679473570499e-06
-68.3,16.1,4.17728614406318e-06
-68.2,16.1,4.26463473517756e-06
-68.1,16.1,4.40183127677479e-06
-68,16.1,4.55895461343583e-06
-67.9,16.1,4.71300857111901e-06
-67.8,16.1,4.85164522208727e-06
-67.7,16.1,4.9702354865623e-06
-67.6,16.1,5.0655246349105e-06
-67.5,16.1,5.13101796563809e-06
-67.4,16.1,5.15677806377593e-06
-67.3,16.1,5.13247036985371e-06
-67.2,16.1,5.05077029428805e-06
-67.1,16.1,4.90918066404921e-06
-67,16.1,4.71006341559077e-06
-66.9,16.1,4.45965471035017e-06
-66.8,16.1,4.16682526383663e-06
-66.7,16.1,3.84196373562029e-06
-66.6,16.1,3.49606685561991e-06
-66.5,16.1,3.14001024581715e-06
-66.4,16.1,2.78396582255875e-06
-66.3,16.1,2.4369487939215e-06
-66.2,16.1,2.10649395663132e-06
-66.1,16.1,1.79847618601519e-06
-66,16.1,1.5170966257006e-06
-65.9,16.1,1.26503145968343e-06
-65.8,16.1,1.04366997838499e-06
-65.7,16.1,8.53294613976639e-07
-65.6,16.1,6.93082845695937e-07
-65.5,16.1,5.61001134971676e-07
-65.4,16.1,4.53877400975772e-07
-65.3,16.1,3.67893535790568e-07
-65.2,16.1,2.99352968201675e-07
-65.1,16.1,2.45221080026067e-07
-65,16.1,2.03064290056554e-07
-64.9,16.1,1.7055817528921e-07
-64.8,16.1,1.4512111538025e-07
-64.7,16.1,1.24059257623038e-07
-64.6,16.1,1.05107002599575e-07
-64.5,16.1,8.69330443313842e-08
-64.4,16.1,6.92738936316841e-08
-64.3,16.1,5.26595092297133e-08
-64.2,16.1,3.79273087513603e-08
-64.1,16.1,2.57701285121199e-08
-64,16.1,1.64780360095629e-08
-63.9,16.1,9.90603241749315e-09
-63.8,16.1,5.60095037476009e-09
-63.7,16.1,2.98377698620405e-09
-63.6,16.1,1.5028927826805e-09
-63.5,16.1,7.19809374222197e-10
-63.4,16.1,3.30622679715118e-10
-63.3,16.1,1.47365456160063e-10
-63.2,16.1,6.46852903343262e-11
-63.1,16.1,2.84046619738896e-11
-63,16.1,1.26411398826644e-11
-62.9,16.1,5.73792250890143e-12
-62.8,16.1,2.65218969983588e-12
-62.7,16.1,1.23932018216862e-12
-62.6,16.1,5.80184567853604e-13
-62.5,16.1,2.69980421085834e-13
-62.4,16.1,1.24181555093195e-13
-62.3,16.1,5.62672092970023e-14
-62.2,16.1,2.50681885542171e-14
-62.1,16.1,1.09718681969788e-14
-62,16.1,4.71616618311711e-15
-61.9,16.1,1.99084106357139e-15
-61.8,16.1,8.25423935524815e-16
-70.9,16,8.45337867987426e-07
-70.8,16,9.61752953927089e-07
-70.7,16,1.12174265024739e-06
-70.6,16,1.33243031967148e-06
-70.5,16,1.59779420298396e-06
-70.4,16,1.91754684273056e-06
-70.3,16,2.28634918887868e-06
-70.2,16,2.6935233913405e-06
-70.1,16,3.12336989918764e-06
-70,16,3.55611764603062e-06
-69.9,16,3.96945294815367e-06
-69.8,16,4.34049262149489e-06
-69.7,16,4.64799754569035e-06
-69.6,16,4.87457310646523e-06
-69.5,16,5.00858247637987e-06
-69.4,16,5.04551610771184e-06
-69.3,16,4.98861956792758e-06
-69.2,16,4.8486775171052e-06
-69.1,16,4.64297153586376e-06
-69,16,4.3935542342285e-06
-68.9,16,4.1250862815241e-06
-68.8,16,3.86253474972091e-06
-68.7,16,3.62899738651815e-06
-68.6,16,3.44379243915417e-06
-68.5,16,3.32080896840839e-06
-68.4,16,3.26710477518934e-06
-68.3,16,3.28197990281736e-06
-68.2,16,3.35708402920008e-06
-68.1,16,3.47808128583598e-06
-68,16,3.62768637075085e-06
-67.9,16,3.7889030180211e-06
-67.8,16,3.94700433969872e-06
-67.7,16,4.08968413519202e-06
-67.6,16,4.20615402218303e-06
-67.5,16,4.28651451035122e-06
-67.4,16,4.32210334167925e-06
-67.3,16,4.30651693312624e-06
-67.2,16,4.23655020505304e-06
-67.1,16,4.1125538359829e-06
-67,16,3.93817940150586e-06
-66.9,16,3.71974577733184e-06
-66.8,16,3.46546503937081e-06
-66.7,16,3.1846683425688e-06
-66.6,16,2.88709377859211e-06
-66.5,16,2.58226429799006e-06
-66.4,16,2.27897389601999e-06
-66.3,16,1.98489557527926e-06
-66.2,16,1.70631919487314e-06
-66.1,16,1.4480215386111e-06
-66,16,1.21326416989826e-06
-65.9,16,1.00390316111902e-06
-65.8,16,8.20576373180966e-07
-65.7,16,6.62917000032447e-07
-65.6,16,5.29746838510085e-07
-65.5,16,4.19240827550942e-07
-65.4,16,3.29099738592753e-07
-65.3,16,2.56766346775726e-07
-65.2,16,1.99656187135012e-07
-65.1,16,1.5531522477089e-07
-65,16,1.21448680489215e-07
-64.9,16,9.58725633087731e-08
-64.8,16,7.65067915593203e-08
-64.7,16,6.14788263015101e-08
-64.6,16,4.92927647037117e-08
-64.5,16,3.89533513142929e-08
-64.4,16,2.99640630115533e-08
-64.3,16,2.21990755352743e-08
-64.2,16,1.57131220458386e-08
-64.1,16,1.05686152050266e-08
-64,16,6.73318935354992e-09
-63.9,16,4.05836645224354e-09
-63.8,16,2.31577392960348e-09
-63.7,16,1.25422216295301e-09
-63.6,16,6.47785788639961e-10
-63.5,16,3.213318242383e-10
-63.4,16,1.54561201631726e-10
-63.3,16,7.2924705719448e-11
-63.2,16,3.41556258651937e-11
-63.1,16,1.6038643345137e-11
-63,16,7.59222265589897e-12
-62.9,16,3.62343725053613e-12
-62.8,16,1.7364373870978e-12
-62.7,16,8.30640896057823e-13
-62.6,16,3.94370673016126e-13
-62.5,16,1.85018386991508e-13
-62.4,16,8.55205903075571e-14
-62.3,16,3.8880137830893e-14
-62.2,16,1.73702593100991e-14
-62.1,16,7.62342382081165e-15
-62,16,3.28647428474179e-15
-61.9,16,1.39183425079829e-15
-61.8,16,5.79163223210702e-16
-70.9,15.9,5.18344248770778e-07
-70.8,15.9,6.15679640752447e-07
-70.7,15.9,7.45283300736559e-07
-70.6,15.9,9.11469380014038e-07
-70.5,15.9,1.116392197373e-06
-70.4,15.9,1.359321736772e-06
-70.3,15.9,1.63612022314633e-06
-70.2,15.9,1.93903065907385e-06
-70.1,15.9,2.25686087747643e-06
-70,15.9,2.57560228751055e-06
-69.9,15.9,2.87946595947798e-06
-69.8,15.9,3.15225665248623e-06
-69.7,15.9,3.37894640301993e-06
-69.6,15.9,3.54726359653276e-06
-69.5,15.9,3.64909139442419e-06
-69.4,15.9,3.68147875174094e-06
-69.3,15.9,3.64711036208365e-06
-69.2,15.9,3.55415390823254e-06
-69.1,15.9,3.41549239344126e-06
-69,15.9,3.24743997339456e-06
-68.9,15.9,3.06811411928278e-06
-68.8,15.9,2.89567902047876e-06
-68.7,15.9,2.74667309982384e-06
-68.6,15.9,2.63458636699512e-06
-68.5,15.9,2.56878168829556e-06
-68.4,15.9,2.55380238160095e-06
-68.3,15.9,2.58911533421209e-06
-68.2,15.9,2.66937971981147e-06
-68.1,15.9,2.78530522031539e-06
-68,15.9,2.92499239765576e-06
-67.9,15.9,3.07541668316459e-06
-67.8,15.9,3.22364890936122e-06
-67.7,15.9,3.3576163645911e-06
-67.6,15.9,3.46653155960819e-06
-67.5,15.9,3.5412588319667e-06
-67.4,15.9,3.5747591921741e-06
-67.3,15.9,3.5625339097117e-06
-67.2,15.9,3.50289390739899e-06
-67.1,15.9,3.39694944638495e-06
-67,15.9,3.24833144769893e-06
-66.9,15.9,3.06272417368574e-06
-66.8,15.9,2.84729657436658e-06
-66.7,15.9,2.61010077236007e-06
-66.6,15.9,2.35948806522553e-06
-66.5,15.9,2.10358132060211e-06
-66.4,15.9,1.84983375607422e-06
-66.3,15.9,1.60469457071135e-06
-66.2,15.9,1.37339145652614e-06
-66.1,15.9,1.15982975174774e-06
-66,15.9,9.66598735910889e-07
-65.9,15.9,7.95067390665428e-07
-65.8,15.9,6.45544921420414e-07
-65.7,15.9,5.17476972159994e-07
-65.6,15.9,4.096499527524e-07
-65.5,15.9,3.20384763359313e-07
-65.4,15.9,2.47712667602628e-07
-65.3,15.9,1.89530809333621e-07
-65.2,15.9,1.43729929738358e-07
-65.1,15.9,1.08282843123253e-07
-65,15.9,8.12920274048908e-08
-64.9,15.9,6.10139979319963e-08
-64.8,15.9,4.58865971312639e-08
-64.7,15.9,3.45710013053121e-08
-64.6,15.9,2.59953495813951e-08
-64.5,15.9,1.93740814968021e-08
-64.4,15.9,1.41857462011818e-08
-64.3,15.9,1.01128158985496e-08
-64.2,15.9,6.96420088296004e-09
-64.1,15.9,4.60547539788814e-09
-64,15.9,2.91380892274558e-09
-63.9,15.9,1.76108812866326e-09
-63.8,15.9,1.01752109635922e-09
-63.7,15.9,5.63646504189646e-10
-63.6,15.9,3.00853756262666e-10
-63.5,15.9,1.55810496633539e-10
-63.4,15.9,7.89392623333803e-11
-63.3,15.9,3.94519711497845e-11
-63.2,15.9,1.95863520727729e-11
-63.1,15.9,9.70050539220757e-12
-63,15.9,4.79754950789849e-12
-62.9,15.9,2.3652093366258e-12
-62.8,15.9,1.15858698163092e-12
-62.7,15.9,5.61904479876716e-13
-62.6,15.9,2.6901010410256e-13
-62.5,15.9,1.26854942298726e-13
-62.4,15.9,5.88418214067833e-14
-62.3,15.9,2.68274287519233e-14
-62.2,15.9,1.20182374938816e-14
-62.1,15.9,5.28977408378715e-15
-62,15.9,2.28769943789128e-15
-61.9,15.9,9.72287730470145e-16
-61.8,15.9,4.06177496433393e-16
-70.9,15.8,3.22404757884964e-07
-70.8,15.8,3.97650428653305e-07
-70.7,15.8,4.95940865728371e-07
-70.6,15.8,6.199477870151e-07
-70.5,15.8,7.70885200281775e-07
-70.4,15.8,9.48029697796443e-07
-70.3,15.8,1.14836476103116e-06
-70.2,15.8,1.36642589676303e-06
-70.1,15.8,1.59440966082861e-06
-70,15.8,1.82258214697403e-06
-69.9,15.8,2.03998347111862e-06
-69.8,15.8,2.23537892682768e-06
-69.7,15.8,2.39836204795864e-06
-69.6,15.8,2.52047857450581e-06
-69.5,15.8,2.59622185331278e-06
-69.4,15.8,2.62375559819622e-06
-69.3,15.8,2.60525073043511e-06
-69.2,15.8,2.54677523300392e-06
-69.1,15.8,2.457740577519e-06
-69,15.8,2.34997326403217e-06
-68.9,15.8,2.23653301080419e-06
-68.8,15.8,2.13043020767901e-06
-68.7,15.8,2.04339891141443e-06
-68.6,15.8,1.98485853802157e-06
-68.5,15.8,1.96115579067225e-06
-68.4,15.8,1.97513352502082e-06
-68.3,15.8,2.02604005584927e-06
-68.2,15.8,2.10977212189008e-06
-68.1,15.8,2.21942044622232e-06
-68,15.8,2.346042930152e-06
-67.9,15.8,2.47954201751376e-06
-67.8,15.8,2.60951194375329e-06
-67.7,15.8,2.72597002106332e-06
-67.6,15.8,2.81995879399503e-06
-67.5,15.8,2.8840432221049e-06
-67.4,15.8,2.91270997335018e-06
-67.3,15.8,2.90264073924112e-06
-67.2,15.8,2.85282147148867e-06
-67.1,15.8,2.76447148368502e-06
-67,15.8,2.64080811838111e-06
-66.9,15.8,2.48668409732624e-06
-66.8,15.8,2.30814238214493e-06
-66.7,15.8,2.11193326465588e-06
-66.6,15.8,1.90503528109651e-06
-66.5,15.8,1.69421651481402e-06
-66.4,15.8,1.48566560199659e-06
-66.3,15.8,1.28471248484675e-06
-66.2,15.8,1.09564864275978e-06
-66.1,15.8,9.21646430239173e-07
-66,15.8,7.64768347288731e-07
-65.9,15.8,6.2605028613182e-07
-65.8,15.8,5.05638435563268e-07
-65.7,15.8,4.02957845258185e-07
-65.6,15.8,3.16891847572708e-07
-65.5,15.8,2.45955339347608e-07
-65.4,15.8,1.88450096243582e-07
-65.3,15.8,1.42594981433961e-07
-65.2,15.8,1.06627269624366e-07
-65.1,15.8,7.88744273769614e-08
-65,15.8,5.77998684269455e-08
-64.9,15.8,4.20302328379063e-08
-64.8,15.8,3.03724131187552e-08
-64.7,15.8,2.18245851254167e-08
-64.6,15.8,1.55798288377441e-08
-64.5,15.8,1.10181276798565e-08
-64.4,15.8,7.6845782937119e-09
-64.3,15.8,5.25659005624768e-09
-64.2,15.8,3.50704748189307e-09
-64.1,15.8,2.27129288298375e-09
-64,15.8,1.42322143349993e-09
-63.9,15.8,8.61589820694697e-10
-63.8,15.8,5.04146148335412e-10
-63.7,15.8,2.85786137601796e-10
-63.6,15.8,1.57554258704122e-10
-63.5,15.8,8.48867169036125e-11
-63.4,15.8,4.49251787650271e-11
-63.3,15.8,2.34593532185338e-11
-63.2,15.8,1.21238638244874e-11
-63.1,15.8,6.20900576739546e-12
-63,15.8,3.15008022447643e-12
-62.9,15.8,1.58103781527622e-12
-62.8,15.8,7.8361813194044e-13
-62.7,15.8,3.82882208506106e-13
-62.6,15.8,1.84177327072546e-13
-62.5,15.8,8.71395409599997e-14
-62.4,15.8,4.05289606951186e-14
-62.3,15.8,1.85256844461072e-14
-62.2,15.8,8.32173106523549e-15
-62.1,15.8,3.67374844547525e-15
-62,15.8,1.5941175962728e-15
-61.9,15.8,6.80027139733614e-16
-61.8,15.8,2.85246809960456e-16
-70.9,15.7,2.02376032524912e-07
-70.8,15.7,2.57367931238696e-07
-70.7,15.7,3.2832510116546e-07
-70.6,15.7,4.16928234969278e-07
-70.5,15.7,5.2389066158937e-07
-70.4,15.7,6.48638812288291e-07
-70.3,15.7,7.89070496643955e-07
-70.2,15.7,9.41444222431806e-07
-70.1,15.7,1.10044524513714e-06
-70,15.7,1.25945626039047e-06
-69.9,15.7,1.41103374029257e-06
-69.8,15.7,1.54755824799486e-06
-69.7,15.7,1.66199410443153e-06
-69.6,15.7,1.74866717892114e-06
-69.5,15.7,1.80395570784696e-06
-69.4,15.7,1.82679231229048e-06
-69.3,15.7,1.8188968051957e-06
-69.2,15.7,1.78469598752776e-06
-69.1,15.7,1.73093195352496e-06
-69,15.7,1.66600592418169e-06
-68.9,15.7,1.59914174220185e-06
-68.8,15.7,1.53947528560058e-06
-68.7,15.7,1.49517995808177e-06
-68.6,15.7,1.47272484009271e-06
-68.5,15.7,1.47633558634313e-06
-68.4,15.7,1.50769597281989e-06
-68.3,15.7,1.56589756097704e-06
-68.2,15.7,1.64762047631606e-06
-68.1,15.7,1.74750923059863e-06
-68,15.7,1.85869168029122e-06
-67.9,15.7,1.97337831099784e-06
-67.8,15.7,2.08347877210083e-06
-67.7,15.7,2.18118502872309e-06
-67.6,15.7,2.25948832024526e-06
-67.5,15.7,2.31260931133667e-06
-67.4,15.7,2.33632391896299e-06
-67.3,15.7,2.32816766848528e-06
-67.2,15.7,2.28750667220177e-06
-67.1,15.7,2.2154745765006e-06
-67,15.7,2.1147878844117e-06
-66.9,15.7,1.98946280512463e-06
-66.8,15.7,1.84446378229356e-06
-66.7,15.7,1.68531732692084e-06
-66.6,15.7,1.51772503902533e-06
-66.5,15.7,1.34720683914708e-06
-66.4,15.7,1.17879973157826e-06
-66.3,15.7,1.01682961444838e-06
-66.2,15.7,8.64764807293606e-07
-66.1,15.7,7.25151244724699e-07
-66,15.7,5.99621709500328e-07
-65.9,15.7,4.88965791298961e-07
-65.8,15.7,3.93243854348514e-07
-65.7,15.7,3.11927236933571e-07
-65.6,15.7,2.4404795868124e-07
-65.5,15.7,1.88343898259406e-07
-65.4,15.7,1.43389045379009e-07
-65.3,15.7,1.07702300009705e-07
-65.2,15.7,7.98318719651291e-08
-65.1,15.7,5.84154369665134e-08
-65,15.7,4.22187303009148e-08
-64.9,15.7,3.0156869763614e-08
-64.8,15.7,2.130296527531e-08
-64.7,15.7,1.48875468033998e-08
-64.6,15.7,1.02908295384482e-08
-64.5,15.7,7.02888622571447e-09
-64.4,15.7,4.73491095510768e-09
-64.3,15.7,3.13758042594318e-09
-64.2,15.7,2.03921538157574e-09
-64.1,15.7,1.29635524088047e-09
-64,15.7,8.04408412680422e-10
-63.9,15.7,4.86702663379781e-10
-63.8,15.7,2.87169723426142e-10
-63.7,15.7,1.65438611448159e-10
-63.6,15.7,9.32521881015449e-11
-63.5,15.7,5.15567310090171e-11
-63.4,15.7,2.80259885645567e-11
-63.3,15.7,1.50074021841247e-11
-63.2,15.7,7.92501748821488e-12
-63.1,15.7,4.12834226347343e-12
-63,15.7,2.12073908756332e-12
-62.9,15.7,1.0735772237285e-12
-62.8,15.7,5.35142824915355e-13
-62.7,15.7,2.62476376966595e-13
-62.6,15.7,1.26609390004596e-13
-62.5,15.7,6.00416238261436e-14
-62.4,15.7,2.79884478924952e-14
-62.3,15.7,1.28241910002125e-14
-62.2,15.7,5.77603712681652e-15
-62.1,15.7,2.55757989088425e-15
-62,15.7,1.11351419502887e-15
-61.9,15.7,4.76771156254813e-16
-61.8,15.7,2.00798806697152e-16
-70.9,15.6,1.27359205697489e-07
-70.8,15.6,1.65809253394738e-07
-70.7,15.6,2.15024082922032e-07
-70.6,15.6,2.76068635293554e-07
-70.5,15.6,3.49376940238172e-07
-70.4,15.6,4.34540893248886e-07
-70.3,15.6,5.30148246684398e-07
-70.2,15.6,6.33706156726758e-07
-70.1,15.6,7.4168218096543e-07
-70,15.6,8.49682941281506e-07
-69.9,15.6,9.5277238523995e-07
-69.8,15.6,1.04590904966939e-06
-69.7,15.6,1.12445882402431e-06
-69.6,15.6,1.18472112896893e-06
-69.5,15.6,1.22439662589114e-06
-69.4,15.6,1.24292658876065e-06
-69.3,15.6,1.24164857095192e-06
-69.2,15.6,1.22373792248652e-06
-69.1,15.6,1.19393561433826e-06
-69,15.6,1.1580938940754e-06
-68.9,15.6,1.12259673510432e-06
-68.8,15.6,1.09372742638161e-06
-68.7,15.6,1.07705887799584e-06
-68.6,15.6,1.07693382452797e-06
-68.5,15.6,1.09608492501414e-06
-68.4,15.6,1.13542304046396e-06
-68.3,15.6,1.19400015577158e-06
-68.2,15.6,1.26913484798991e-06
-68.1,15.6,1.35667442941708e-06
-68,15.6,1.4513590251599e-06
-67.9,15.6,1.54724862391273e-06
-67.8,15.6,1.63817439468384e-06
-67.7,15.6,1.71817951474855e-06
-67.6,15.6,1.78192049472181e-06
-67.5,15.6,1.82500546478079e-06
-67.4,15.6,1.84425053319795e-06
-67.3,15.6,1.8378402242917e-06
-67.2,15.6,1.80538437516567e-06
-67.1,15.6,1.74787177915343e-06
-67,15.6,1.66752929225684e-06
-66.9,15.6,1.5676028197262e-06
-66.8,15.6,1.45208261506553e-06
-66.7,15.6,1.32539900627279e-06
-66.6,15.6,1.19211561421018e-06
-66.5,15.6,1.05664525412246e-06
-66.4,15.6,9.23009314512471e-07
-66.3,15.6,7.94655161184875e-07
-66.2,15.6,6.74338933008658e-07
-66.1,15.6,5.64073957276751e-07
-66,15.6,4.65138788241744e-07
-65.9,15.6,3.78134202937193e-07
-65.8,15.6,3.03075714116785e-07
-65.7,15.6,2.39507312224378e-07
-65.6,15.6,1.86622991286915e-07
-65.5,15.6,1.43384723087821e-07
-65.4,15.6,1.08628402559646e-07
-65.3,15.6,8.11523864137384e-08
-65.2,15.6,5.97861739198517e-08
-65.1,15.6,4.34392545066031e-08
-65,15.6,3.11320001352348e-08
-64.9,15.6,2.20116073889709e-08
-64.8,15.6,1.53564771723818e-08
-64.7,15.6,1.05721918552575e-08
-64.6,15.6,7.18169864850394e-09
-64.5,15.6,4.81175712305795e-09
-64.4,15.6,3.1773488794548e-09
-64.3,15.6,2.06555948629098e-09
-64.2,15.6,1.32026800440438e-09
-64.1,15.6,8.28671027701313e-10
-64,15.6,5.10208436793658e-10
-63.9,15.6,3.07962185851142e-10
-63.8,15.6,1.82222145274572e-10
-63.7,15.6,1.05742255525183e-10
-63.6,15.6,6.0226741111336e-11
-63.5,15.6,3.37009507734889e-11
-63.4,15.6,1.85437781060509e-11
-63.3,15.6,1.00403056378303e-11
-63.2,15.6,5.35106556875229e-12
-63.1,15.6,2.80736472384647e-12
-63,15.6,1.44959800597318e-12
-62.9,15.6,7.36483368285785e-13
-62.8,15.6,3.68057014556233e-13
-62.7,15.6,1.80882434547781e-13
-62.6,15.6,8.74046757137794e-14
-62.5,15.6,4.15236029436047e-14
-62.4,15.6,1.93943488425972e-14
-62.3,15.6,8.90632608342082e-15
-62.2,15.6,4.02168199215463e-15
-62.1,15.6,1.78590805988584e-15
-62,15.6,7.80044654638907e-16
-61.9,15.6,3.35168575228907e-16
-61.8,15.6,1.41700329154063e-16
-70.9,15.5,7.98298435648456e-08
-70.8,15.5,1.05730963973225e-07
-70.7,15.5,1.38708409421355e-07
-70.6,15.5,1.79436404572721e-07
-70.5,15.5,2.28185259563628e-07
-70.4,15.5,2.84684029855102e-07
-70.3,15.5,3.4801429606571e-07
-70.2,15.5,4.16559319244732e-07
-70.1,15.5,4.88030091359365e-07
-70,15.5,5.595821531833e-07
-69.9,15.5,6.28024891941672e-07
-69.8,15.5,6.90109947354382e-07
-69.7,15.5,7.42869969982694e-07
-69.6,15.5,7.83966462068587e-07
-69.5,15.5,8.11998779473915e-07
-69.4,15.5,8.26727605805682e-07
-69.3,15.5,8.2917576739549e-07
-69.2,15.5,8.21585768694529e-07
-69.1,15.5,8.0723395174145e-07
-69,15.5,7.90121883151137e-07
-68.9,15.5,7.74582624296263e-07
-68.8,15.5,7.64850026839081e-07
-68.7,15.5,7.64641723280886e-07
-68.6,15.5,7.76801374638336e-07
-68.5,15.5,8.03034781663745e-07
-68.4,15.5,8.43760320370105e-07
-68.3,15.5,8.98079613668511e-07
-68.2,15.5,9.63861637528752e-07
-68.1,15.5,1.03792387192332e-06
-68,15.5,1.1162879759793e-06
-67.9,15.5,1.19448446692794e-06
-67.8,15.5,1.26788037501184e-06
-67.7,15.5,1.33200508926182e-06
-67.6,15.5,1.38285190042078e-06
-67.5,15.5,1.41713563449619e-06
-67.4,15.5,1.43249020928551e-06
-67.3,15.5,1.42759418839821e-06
-67.2,15.5,1.40221765186717e-06
-67.1,15.5,1.35718981005319e-06
-67,15.5,1.29429325194441e-06
-66.9,15.5,1.21609682007241e-06
-66.8,15.5,1.12574408542705e-06
-66.7,15.5,1.02671760649325e-06
-66.6,15.5,9.22600172756014e-07
-66.5,15.5,8.16852947691461e-07
-66.4,15.5,7.12627079382897e-07
-66.3,15.5,6.12620478642342e-07
-66.2,15.5,5.18985806426853e-07
-66.1,15.5,4.33290049441723e-07
-66,15.5,3.5652110015175e-07
-65.9,15.5,2.89133016608736e-07
-65.8,15.5,2.3111939839673e-07
-65.7,15.5,1.82103606607039e-07
-65.6,15.5,1.41435191181775e-07
-65.5,15.5,1.08283531419287e-07
-65.4,15.5,8.17219384369298e-08
-65.3,15.5,6.07979127957226e-08
-65.2,15.5,4.45875633922141e-08
-65.1,15.5,3.22341395086666e-08
-65,15.5,2.29720720076807e-08
-64.9,15.5,1.61388172913397e-08
-64.8,15.5,1.11771822395424e-08
-64.7,15.5,7.63078082287252e-09
-64.6,15.5,5.1349796011638e-09
-64.5,15.5,3.40528050145586e-09
-64.4,15.5,2.2246754025797e-09
-64.3,15.5,1.43113528181685e-09
-64.2,15.5,9.06063858935603e-10
-64.1,15.5,5.64234741114643e-10
-64,15.5,3.45442717162407e-10
-63.9,15.5,2.07858184563253e-10
-63.8,15.5,1.22907616469459e-10
-63.7,15.5,7.14233965577804e-11
-63.6,15.5,4.07984282466953e-11
-63.5,15.5,2.29142930997575e-11
-63.4,15.5,1.2657300321955e-11
-63.3,15.5,6.87741951386371e-12
-63.2,15.5,3.67615335009843e-12
-63.1,15.5,1.93302901515341e-12
-63,15.5,9.99827615962434e-13
-62.9,15.5,5.08637244511748e-13
-62.8,15.5,2.54474998268749e-13
-62.7,15.5,1.25200660517379e-13
-62.6,15.5,6.05732063145048e-14
-62.5,15.5,2.881857778801e-14
-62.4,15.5,1.34835420873814e-14
-62.3,15.5,6.20453879567303e-15
-62.2,15.5,2.80823986206999e-15
-62.1,15.5,1.25034980910394e-15
-62,15.5,5.47723652729669e-16
-61.9,15.5,2.36096287506405e-16
-61.8,15.5,1.00157472665298e-16
-70.9,15.4,4.95575454416378e-08
-70.8,15.4,6.64409137067537e-08
-70.7,15.4,8.78631868615442e-08
-70.6,15.4,1.14248099751898e-07
-70.5,15.4,1.45765951422434e-07
-70.4,15.4,1.82246225480077e-07
-70.3,15.4,2.23109757192882e-07
-70.2,15.4,2.67336224436977e-07
-70.1,15.4,3.13481030049446e-07
-70,15.4,3.59750710498621e-07
-69.9,15.4,4.04138108388043e-07
-69.8,15.4,4.44608723621252e-07
-69.7,15.4,4.79319624022349e-07
-69.6,15.4,5.0684411765826e-07
-69.5,15.4,5.26371009700872e-07
-69.4,15.4,5.37847998689044e-07
-69.3,15.4,5.42044900694552e-07
-69.2,15.4,5.40523047721296e-07
-69.1,15.4,5.3551050276164e-07
-69,15.4,5.29696204499903e-07
-68.9,15.4,5.25967341122016e-07
-68.8,15.4,5.27121270736653e-07
-68.7,15.4,5.35585240742711e-07
-68.6,15.4,5.53174185717922e-07
-68.5,15.4,5.80910103553392e-07
-68.4,15.4,6.18917570087453e-07
-68.3,15.4,6.66400586546918e-07
-68.2,15.4,7.21697575332765e-07
-68.1,15.4,7.82404801271527e-07
-68,15.4,8.45554057983675e-07
-67.9,15.4,9.07827933505007e-07
-67.8,15.4,9.65794942742267e-07
-67.7,15.4,1.01614686159093e-06
-67.6,15.4,1.0559214259149e-06
-67.5,15.4,1.08269506950457e-06
-67.4,15.4,1.09473263519884e-06
-67.3,15.4,1.09108412231451e-06
-67.2,15.4,1.07162255773885e-06
-67.1,15.4,1.03702182352562e-06
-67,15.4,9.8867834535894e-07
-66.9,15.4,9.28585387961368e-07
-66.8,15.4,8.59172708512804e-07
-66.7,15.4,7.83126954255937e-07
-66.6,15.4,7.03209107576119e-07
-66.5,15.4,6.22084390345947e-07
-66.4,15.4,5.42177523073234e-07
-66.3,15.4,4.65562511452854e-07
-66.2,15.4,3.93891771270088e-07
-66.1,15.4,3.28365014074623e-07
-66,15.4,2.69734452603394e-07
-65.9,15.4,2.18339957334241e-07
-65.8,15.4,1.74166026984116e-07
-65.7,15.4,1.3691185423431e-07
-65.6,15.4,1.06066233167626e-07
-65.5,15.4,8.09803091779559e-08
-65.4,15.4,6.09329020374121e-08
-65.3,15.4,4.51850280161477e-08
-65.2,15.4,3.30220456288466e-08
-65.1,15.4,2.37833649189568e-08
-65,15.4,1.68807877935105e-08
-64.9,15.4,1.1807257919019e-08
-64.8,15.4,8.1381248608067e-09
-64.7,15.4,5.52704243504021e-09
-64.6,15.4,3.69842123753597e-09
-64.5,15.4,2.4380361253341e-09
-64.4,15.4,1.58302979512581e-09
-64.3,15.4,1.01220550994052e-09
-64.2,15.4,6.37192245144602e-10
-64.1,15.4,3.94804821644458e-10
-64,15.4,2.40714416009327e-10
-63.9,15.4,1.44393748265818e-10
-63.8,15.4,8.5205752212562e-11
-63.7,15.4,4.94584140999415e-11
-63.6,15.4,2.82397750134609e-11
-63.5,15.4,1.58614569261818e-11
-63.4,15.4,8.76390827555282e-12
-63.3,15.4,4.76354976703859e-12
-63.2,15.4,2.54704649952667e-12
-63.1,15.4,1.33968523495947e-12
-63,15.4,6.93123376474896e-13
-62.9,15.4,3.52730811835421e-13
-62.8,15.4,1.76559132007534e-13
-62.7,15.4,8.69257441562072e-14
-62.6,15.4,4.20945169150157e-14
-62.5,15.4,2.00511292740656e-14
-62.4,15.4,9.39538761325318e-15
-62.3,15.4,4.33099194884972e-15
-62.2,15.4,1.96425463728239e-15
-62.1,15.4,8.76581668885237e-16
-62,15.4,3.84965726376523e-16
-61.9,15.4,1.66395333851897e-16
-61.8,15.4,7.07956084470597e-17
-70.9,15.3,3.03344688378949e-08
-70.8,15.3,4.10138048750576e-08
-70.7,15.3,5.45349804230125e-08
-70.6,15.3,7.11611102243296e-08
-70.5,15.3,9.0999726415415e-08
-70.4,15.3,1.1394854453298e-07
-70.3,15.3,1.39653369164868e-07
-70.2,15.3,1.67488132009101e-07
-70.1,15.3,1.96565989898492e-07
-70,15.3,2.25787293325183e-07
-69.9,15.3,2.53925231874342e-07
-69.8,15.3,2.797437316907e-07
-69.7,15.3,3.0213580750337e-07
-69.6,15.3,3.20265365266455e-07
-69.5,15.3,3.33692640153368e-07
-69.4,15.3,3.42463870315817e-07
-69.3,15.3,3.47149639858703e-07
-69.2,15.3,3.4882303298108e-07
-69.1,15.3,3.4897715022043e-07
-69,15.3,3.49390107372139e-07
-68.9,15.3,3.51952826257738e-07
-68.8,15.3,3.58479544687732e-07
-68.7,15.3,3.70522429562413e-07
-68.6,15.3,3.89210054502663e-07
-68.5,15.3,4.15125455300811e-07
-68.4,15.3,4.48233994583331e-07
-68.3,15.3,4.87865399288632e-07
-68.2,15.3,5.32748940694343e-07
-68.1,15.3,5.81096335726956e-07
-68,15.3,6.30723739989725e-07
-67.9,15.3,6.7920209413141e-07
-67.8,15.3,7.24023869277082e-07
-67.7,15.3,7.62773739551527e-07
-67.6,15.3,7.93290794119255e-07
-67.5,15.3,8.13810608932301e-07
-67.4,15.3,8.23076923946367e-07
-67.3,15.3,8.2041489899584e-07
-67.2,15.3,8.05760937079656e-07
-67.1,15.3,7.79647699007609e-07
-67,15.3,7.43146858779951e-07
-66.9,15.3,6.97775919872189e-07
-66.8,15.3,6.45378550603405e-07
-66.7,15.3,5.87989985934866e-07
-66.6,15.3,5.2769981366956e-07
-66.5,15.3,4.6652384464628e-07
-66.4,15.3,4.06294898566669e-07
-66.3,15.3,3.48579537267151e-07
-66.2,15.3,2.94624477590133e-07
-66.1,15.3,2.45333082740385e-07
-66,15.3,2.0126938587724e-07
-65.9,15.3,1.62684857999921e-07
-65.8,15.3,1.29561767237501e-07
-65.7,15.3,1.01666513589785e-07
-65.6,15.3,7.86066588949153e-08
-65.5,15.3,5.98863131900531e-08
-65.4,15.3,4.4955848737641e-08
-65.3,15.3,3.32533554285784e-08
-65.2,15.3,2.42366250512283e-08
-65.1,15.3,1.74056125376812e-08
-65,15.3,1.23161887005718e-08
-64.9,15.3,8.58654881416629e-09
-64.8,15.3,5.89789877874129e-09
-64.7,15.3,3.99106030299806e-09
-64.6,15.3,2.66048784256279e-09
-64.5,15.3,1.74694258843952e-09
-64.4,15.3,1.12978211827676e-09
-64.3,15.3,7.19542176457524e-10
-64.2,15.3,4.51236787884895e-10
-64.1,15.3,2.7859830841027e-10
-64,15.3,1.69324344285097e-10
-63.9,15.3,1.01291912306256e-10
-63.8,15.3,5.96349832912721e-11
-63.7,15.3,3.45513226873691e-11
-63.6,15.3,1.96988213501834e-11
-63.5,15.3,1.10511740013974e-11
-63.4,15.3,6.10032430411934e-12
-63.3,15.3,3.31328345017572e-12
-63.2,15.3,1.7705602127803e-12
-63.1,15.3,9.30884093961061e-13
-63,15.3,4.81506552267921e-13
-62.9,15.3,2.45032421249617e-13
-62.8,15.3,1.22675634423644e-13
-62.7,15.3,6.04242903835232e-14
-62.6,15.3,2.92816171673869e-14
-62.5,15.3,1.39613395578398e-14
-62.4,15.3,6.54985914039382e-15
-62.3,15.3,3.0237045946469e-15
-62.2,15.3,1.37367387943995e-15
-62.1,15.3,6.14190443368269e-16
-62,15.3,2.70295597972921e-16
-61.9,15.3,1.17094115000246e-16
-61.8,15.3,4.99386137737633e-17
-70.9,15.2,1.82481837591608e-08
-70.8,15.2,2.48154911127085e-08
-70.7,15.2,3.31198895844158e-08
-70.6,15.2,4.33222978305293e-08
-70.5,15.2,5.54903464050232e-08
-70.4,15.2,6.95656000358117e-08
-70.3,15.2,8.53382129442956e-08
-70.2,15.2,1.02435181066469e-07
-70.1,15.2,1.20327699914062e-07
-70,15.2,1.38361211214584e-07
-69.9,15.2,1.55808627441276e-07
-69.8,15.2,1.7194336785129e-07
-69.7,15.2,1.86124891543153e-07
-69.6,15.2,1.97886177582777e-07
-69.5,15.2,2.07010837418553e-07
-69.4,15.2,2.13587766431635e-07
-69.3,15.2,2.18033573773963e-07
-69.2,15.2,2.21077149261734e-07
-69.1,15.2,2.23705921624325e-07
-69,15.2,2.27078696765772e-07
-68.9,15.2,2.32414495083502e-07
-68.8,15.2,2.40869799491527e-07
-68.7,15.2,2.5341770496284e-07
-68.6,15.2,2.70741654645054e-07
-68.5,15.2,2.93154128454504e-07
-68.4,15.2,3.20547392871837e-07
-68.3,15.2,3.52379837129041e-07
-68.2,15.2,3.87698015779909e-07
-68.1,15.2,4.25191606974611e-07
-68,15.2,4.63276200126488e-07
-67.9,15.2,5.00197124643406e-07
-67.8,15.2,5.34146343275746e-07
-67.7,15.2,5.63383699375962e-07
-67.6,15.2,5.8635353155213e-07
-67.5,15.2,6.01787921392917e-07
-67.4,15.2,6.08788716041251e-07
-67.3,15.2,6.06882030308925e-07
-67.2,15.2,5.96041156324638e-07
-67.1,15.2,5.76676543976762e-07
-67,15.2,5.49594494898009e-07
-66.9,15.2,5.15929087160746e-07
-66.8,15.2,4.77054248967643e-07
-66.7,15.2,4.3448451100265e-07
-66.6,15.2,3.8977358541428e-07
-66.5,15.2,3.444194920229e-07
-66.4,15.2,2.99783583882375e-07
-66.3,15.2,2.57028752351612e-07
-66.2,15.2,2.17079639112104e-07
-66.1,15.2,1.80605197526942e-07
-66,15.2,1.48021744039125e-07
-65.9,15.2,1.19512958752779e-07
-65.8,15.2,9.50622642584557e-08
-65.7,15.2,7.44926541719961e-08
-65.6,15.2,5.75092830015511e-08
-65.5,15.2,4.37408243932087e-08
-65.4,15.2,3.27765795535588e-08
-65.3,15.2,2.41973951504885e-08
-65.2,15.2,1.75994792383686e-08
-65.1,15.2,1.26110754397186e-08
-65,15.2,8.90260784724277e-09
-64.9,15.2,6.19132423455494e-09
-64.8,15.2,4.24166059246772e-09
-64.7,15.2,2.86256617505019e-09
-64.6,15.2,1.90291642845359e-09
-64.5,15.2,1.24595317115749e-09
-64.4,15.2,8.03472114322882e-10
-64.3,15.2,5.10261288783948e-10
-64.2,15.2,3.19102363738042e-10
-64.1,15.2,1.96491779167788e-10
-64,15.2,1.19123426949606e-10
-63.9,15.2,7.10970383192662e-11
-63.8,15.2,4.17708530244774e-11
-63.7,15.2,2.41563979729665e-11
-63.6,15.2,1.37499503793249e-11
-63.5,15.2,7.70294309831042e-12
-63.4,15.2,4.24696136242195e-12
-63.3,15.2,2.30434877809161e-12
-63.2,15.2,1.2304146036298e-12
-63.1,15.2,6.46511749120519e-13
-63,15.2,3.3428366751165e-13
-62.9,15.2,1.7008426508534e-13
-62.8,15.2,8.51578251370239e-14
-62.7,15.2,4.19568213469456e-14
-62.6,15.2,2.03427315061834e-14
-62.5,15.2,9.70645006449888e-15
-62.4,15.2,4.55801992367455e-15
-62.3,15.2,2.10659349462818e-15
-62.2,15.2,9.58299956146838e-16
-62.1,15.2,4.2911007693866e-16
-62,15.2,1.89153760458766e-16
-61.9,15.2,8.20869879759882e-17
-61.8,15.2,3.50737062865949e-17
-70.9,15.1,1.0763352556112e-08
-70.8,15.1,1.46946800247349e-08
-70.7,15.1,1.96627164409379e-08
-70.6,15.1,2.57642188439508e-08
-70.5,15.1,3.3041402598713e-08
-70.4,15.1,4.14626782187177e-08
-70.3,15.1,5.09078680323737e-08
-70.2,15.1,6.1161607491864e-08
-70.1,15.1,7.19182400376022e-08
-70,15.1,8.28003520291586e-08
-69.9,15.1,9.33912264766499e-08
-69.8,15.1,1.03279165181705e-07
-69.7,15.1,1.12109239655888e-07
-69.6,15.1,1.1963606546276e-07
-69.5,15.1,1.25770108980686e-07
-69.4,15.1,1.30610143224665e-07
-69.3,15.1,1.34455850804416e-07
-69.2,15.1,1.37797041113267e-07
-69.1,15.1,1.41279086999718e-07
-69,15.1,1.45647438263116e-07
-68.9,15.1,1.51676873063154e-07
-68.8,15.1,1.60093061073951e-07
-68.7,15.1,1.71494799006126e-07
-68.6,15.1,1.86284940192063e-07
-68.5,15.1,2.04616775425732e-07
-68.4,15.1,2.26360751724046e-07
-68.3,15.1,2.51094281921667e-07
-68.2,15.1,2.78115285997778e-07
-68.1,15.1,3.06478197642747e-07
-68,15.1,3.3504954654576e-07
-67.9,15.1,3.62578898086013e-07
-67.8,15.1,3.8777988598618e-07
-67.7,15.1,4.09415319373583e-07
-67.6,15.1,4.26379933987363e-07
-67.5,15.1,4.37774371583053e-07
-67.4,15.1,4.42964497758514e-07
-67.3,15.1,4.4162125307138e-07
-67.2,15.1,4.33737846408973e-07
-67.1,15.1,4.1962312009724e-07
-67,15.1,3.99872132766969e-07
-66.9,15.1,3.75317151252415e-07
-66.8,15.1,3.46964039572064e-07
-66.7,15.1,3.15920245762243e-07
-66.6,15.1,2.83321065917421e-07
-66.5,15.1,2.50260570993216e-07
-66.4,15.1,2.17732593148039e-07
-66.3,15.1,1.86585659384987e-07
-66.2,15.1,1.57493967988493e-07
-66.1,15.1,1.3094468344239e-07
-66,15.1,1.07240210003047e-07
-65.9,15.1,8.65128671922594e-08
-65.8,15.1,6.87486294664874e-08
-65.7,15.1,5.38163238328586e-08
-65.6,15.1,4.14988496120305e-08
-65.5,15.1,3.15234904079777e-08
-65.4,15.1,2.35891011205481e-08
-65.3,15.1,1.73887430620239e-08
-65.2,15.1,1.26270967072858e-08
-65.1,15.1,9.03262341256671e-09
-65,15.1,6.36492839174068e-09
-64.9,15.1,4.41808375389752e-09
-64.8,15.1,3.02081485924842e-09
-64.7,15.1,2.0344651436873e-09
-64.6,15.1,1.34957154330623e-09
-64.5,15.1,8.81742904443732e-10
-64.4,15.1,5.67370612514625e-10
-64.3,15.1,3.59539581239165e-10
-64.2,15.1,2.24365484564476e-10
-64.1,15.1,1.37869493537993e-10
-64,15.1,8.34172759985167e-11
-63.9,15.1,4.96927146568774e-11
-63.8,15.1,2.91442249741508e-11
-63.7,15.1,1.68271686194163e-11
-63.6,15.1,9.56413937123877e-12
-63.5,15.1,5.35102257624527e-12
-63.4,15.1,2.9469027808046e-12
-63.3,15.1,1.59741468633818e-12
-63.2,15.1,8.52275368300229e-13
-63.1,15.1,4.47551799588257e-13
-63,15.1,2.31313998403076e-13
-62.9,15.1,1.176666905896e-13
-62.8,15.1,5.8911453237183e-14
-62.7,15.1,2.90299220715548e-14
-62.6,15.1,1.40799470002897e-14
-62.5,15.1,6.72167937990372e-15
-62.4,15.1,3.15858120879671e-15
-62.3,15.1,1.46104147533802e-15
-62.2,15.1,6.65289307024867e-16
-62.1,15.1,2.98235503524567e-16
-62,15.1,1.31623608730485e-16
-61.9,15.1,5.71952258470832e-17
-61.8,15.1,2.44716744943464e-17
-70.9,15,6.21474606229851e-09
-70.8,15,8.50762624048505e-09
-70.7,15,1.14046506133874e-08
-70.6,15,1.4962967805694e-08
-70.5,15,1.92086876009209e-08
-70.4,15,2.41258880213484e-08
-70.3,15,2.96482785244492e-08
-70.2,15,3.56556905304765e-08
-70.1,15,4.19773317668723e-08
-70,15,4.84030549938823e-08
-69.9,15,5.47027899451947e-08
-69.8,15,6.06529121840309e-08
-69.7,15,6.60669086786794e-08
-69.6,15,7.08265307561698e-08
-69.5,15,7.49089694958785e-08
-69.4,15,7.84056329917952e-08
-69.3,15,8.1528901025656e-08
-69.2,15,8.46046773767031e-08
-69.1,15,8.80504143659517e-08
-69,15,9.23402281891645e-08
-68.9,15,9.79604301276981e-08
-68.8,15,1.05360006610344e-07
-68.7,15,1.14901145507797e-07
-68.6,15,1.26814814548302e-07
-68.5,15,1.41165750731157e-07
-68.4,15,1.5783018534524e-07
-68.3,15,1.76488390643297e-07
-68.2,15,1.96632845205055e-07
-68.1,15,2.17591577688037e-07
-68,15,2.38565115288234e-07
-67.9,15,2.58674456482692e-07
-67.8,15,2.77016627679416e-07
-67.7,15,2.9272370935722e-07
-67.6,15,3.05020793921844e-07
-67.5,15,3.13278244767176e-07
-67.4,15,3.17053935124021e-07
-67.3,15,3.16121890078277e-07
-67.2,15,3.10484908862941e-07
-67.1,15,3.00370209866828e-07
-67,15,2.86208757473418e-07
-66.9,15,2.6860049838595e-07
-66.8,15,2.48269051363634e-07
-66.7,15,2.26010286423946e-07
-66.6,15,2.02639588912788e-07
-66.5,15,1.78942403202595e-07
-66.4,15,1.55631946505999e-07
-66.3,15,1.3331690177961e-07
-66.2,15,1.12480610966693e-07
-66.1,15,9.34719802878715e-08
-66,15,7.65071451474952e-08
-65.9,15,6.16800493757515e-08
-65.8,15,4.89795425511244e-08
-65.7,15,3.83104026207529e-08
-65.6,15,2.95158109509306e-08
-65.5,15,2.23991692400337e-08
-65.4,15,1.67436601046566e-08
-65.3,15,1.23285223508081e-08
-65.2,15,8.94155762747497e-09
-65.1,15,6.38784867068373e-09
-65,15,4.49501700046858e-09
-64.9,15,3.11556960641129e-09
-64.8,15,2.12698856669366e-09
-64.7,15,1.43022589432402e-09
-64.6,15,9.47205392034689e-10
-64.5,15,6.17831600388811e-10
-64.4,15,3.96887259643267e-10
-64.3,15,2.51083637683674e-10
-64.2,15,1.56424857102198e-10
-64.1,15,9.59644148316544e-11
-64,15,5.79711986256666e-11
-63.9,15,3.44819965107495e-11
-63.8,15,2.01944215951064e-11
-63.7,15,1.16442342317625e-11
-63.6,15,6.61018632419031e-12
-63.5,15,3.69423022462464e-12
-63.4,15,2.03248670623948e-12
-63.3,15,1.10081170854115e-12
-63.2,15,5.86908387184603e-13
-63.1,15,3.08029600506997e-13
-63,15,1.59138432256366e-13
-62.9,15,8.09313239005717e-14
-62.8,15,4.05152491431565e-14
-62.7,15,1.99657170154655e-14
-62.6,15,9.6855180117219e-15
-62.5,15,4.62532214365791e-15
-62.4,15,2.17447474731414e-15
-62.3,15,1.00640827815173e-15
-62.2,15,4.58582527146605e-16
-62.1,15,2.05731961592387e-16
-62,15,9.08752394078983e-17
-61.9,15,3.95246626330054e-17
-61.8,15,1.69273560177757e-17
