2.01,-121.82,37.73,-122.04,37.877,2.1034,90.0
546.01,-123.92,40.747,-123.96,40.808,0.66249,90.0
546.02,-123.96,40.808,-124.0,40.837,0.67895,90.0
546.03,-124.0,40.837,-124.07,40.9,0.64388,90.0
546.04,-124.07,40.9,-124.11,40.933,0.67527,90.0
546.05,-124.11,40.933,-124.15,40.984,0.63977,90.0
546.06,-124.15,40.984,-124.23,41.032,0.7647,90.0
546.07,-124.23,41.032,-124.32,41.244,1.3837,90.0
546.08,-124.32,41.244,-124.34,41.297,1.4388,90.0
546.09,-124.34,41.297,-124.39,41.449,1.301,90.0
547.01,-120.74,35.132,-120.8,35.177,0.084274,-180.0
547.02,-120.8,35.177,-120.87,35.213,0.073799,-180.0
547.03,-120.87,35.213,-120.91,35.235,0.094737,-180.0
547.04,-120.91,35.235,-120.94,35.256,0.096169,-180.0
544.01,-118.43,36.191,-118.41,36.281,0.28979,-90.0
544.02,-118.41,36.281,-118.42,36.441,0.3,-90.0
544.03,-118.42,36.441,-118.41,36.547,0.28585,-90.0
544.04,-118.41,36.547,-118.43,36.658,0.27816,-90.0
545.01,-120.25,39.513,-120.23,39.467,2.5192,-180.0
545.02,-120.23,39.467,-120.2,39.419,2.7425,-171.73
545.03,-120.2,39.419,-120.14,39.347,2.7696,-178.32
545.04,-120.14,39.347,-120.1,39.284,2.7532,-175.85
9.01,-121.14,37.108,-121.14,37.034,3.4305,153.5
9.02,-121.14,37.034,-121.01,36.907,3.3285,134.08
9.03,-121.01,36.907,-120.9,36.794,3.2344,132.98
9.04,-120.9,36.794,-120.82,36.625,1.7243,-180.0
11.01,-121.5,36.358,-121.6,36.4,0.38709,137.49
11.02,-121.6,36.4,-121.65,36.439,0.36933,142.81
11.03,-121.65,36.439,-121.74,36.469,0.31625,144.57
11.04,-121.74,36.469,-121.87,36.585,0.23098,144.33
11.05,-121.87,36.585,-122.01,36.814,0.2,150.0
11.06,-122.01,36.814,-122.12,36.921,0.35047,159.71
13.01,-124.34,40.207,-124.41,40.262,15.303,167.55
13.02,-124.41,40.262,-124.7,40.372,13.607,153.13
13.03,-124.7,40.372,-125.35,40.399,17.199,-180.0
13.04,-125.35,40.399,-125.84,40.415,48.134,-180.0
13.05,-125.84,40.415,-126.38,40.412,47.867,-180.0
15.01,-124.18,40.648,-124.28,40.696,0.74446,90.0
15.02,-124.28,40.696,-124.47,40.698,0.96554,90.0
15.03,-124.47,40.698,-124.68,40.828,0.81578,90.0
17.01,-123.99,40.534,-124.1,40.584,4.6085,90.0
17.02,-124.1,40.584,-124.18,40.646,4.4892,90.0
17.03,-124.18,40.646,-124.23,40.764,4.4446,90.0
16.01,-124.23,40.764,-124.35,40.796,1.3727,90.0
16.02,-124.35,40.796,-124.47,40.941,1.0837,90.0
16.03,-124.47,40.941,-124.64,41.004,1.4424,90.0
561.01,-121.93,37.121,-121.99,37.144,0.1822,129.09
561.02,-121.99,37.144,-122.08,37.198,0.2,135.0
561.03,-122.08,37.198,-122.18,37.215,0.14253,97.164
561.04,-122.18,37.215,-122.27,37.273,0.2,135.0
561.05,-122.27,37.273,-122.39,37.307,0.2,135.0
28.01,-115.94,33.001,-115.81,32.938,9.3633,-180.0
28.02,-115.81,32.938,-115.7,32.884,9.4077,-180.0
31.01,-120.37,35.793,-120.3,35.68,3.1682E-10,-180.0
31.02,-120.3,35.68,-120.23,35.502,0.045957,-180.0
31.03,-120.23,35.502,-120.12,35.305,5.7187E-6,-180.0
31.04,-120.12,35.305,-120.08,35.282,2.9366E-10,-180.0
31.05,-120.08,35.282,-119.96,35.148,9.7651E-10,-180.0
30.01,-120.75,34.855,-120.77,34.893,1.4515,-180.0
30.02,-120.77,34.893,-120.8,34.934,1.6192,-180.0
30.03,-120.8,34.934,-120.81,34.975,1.0931,-180.0
30.04,-120.81,34.975,-120.83,35.047,1.3122,-180.0
30.05,-120.83,35.047,-120.87,35.108,1.4441,-180.0
30.06,-120.87,35.108,-120.88,35.143,1.2669,-180.0
30.07,-120.88,35.143,-120.92,35.206,1.5141,-180.0
30.08,-120.92,35.206,-120.97,35.317,1.4175,-180.0
30.09,-120.97,35.317,-121.0,35.355,1.7296,-180.0
30.10,-121.0,35.355,-121.05,35.421,1.5855,-180.0
30.11,-121.05,35.421,-121.06,35.454,1.4627,-180.0
30.12,-121.06,35.454,-121.09,35.502,1.4793,-180.0
30.13,-121.09,35.502,-121.16,35.603,1.5978,-180.0
30.14,-121.16,35.603,-121.19,35.652,1.6326,-180.0
30.15,-121.19,35.652,-121.24,35.7,1.8641,-180.0
30.16,-121.24,35.7,-121.29,35.744,1.9066,-180.0
30.17,-121.29,35.744,-121.32,35.769,2.0527,-180.0
30.18,-121.32,35.769,-121.36,35.792,2.2659,-180.0
30.19,-121.36,35.792,-121.42,35.836,1.9958,-180.0
30.20,-121.42,35.836,-121.45,35.862,2.0509,-180.0
30.21,-121.45,35.862,-121.49,35.895,2.0246,-180.0
30.22,-121.49,35.895,-121.52,35.929,1.539,-180.0
30.23,-121.52,35.929,-121.56,35.968,1.9355,-180.0
30.24,-121.56,35.968,-121.73,36.146,1.6207,-180.0
34.01,-121.9,41.526,-121.94,41.82,0.058232,-180.0
34.02,-121.94,41.82,-121.96,41.945,0.058232,-180.0
34.03,-121.96,41.945,-122.12,42.199,0.20356,-180.0
32.01,-120.3,35.752,-120.56,36.003,28.35,-180.0
38.01,-119.32,38.207,-119.3,38.239,0.5328,-90.0
38.02,-119.3,38.239,-119.3,38.263,0.52381,-90.0
38.03,-119.3,38.263,-119.23,38.335,0.5279,-90.0
37.01,-121.63,41.451,-121.43,41.108,0.19032,-180.0
37.02,-121.43,41.108,-121.44,40.935,1.8395,-0.0
37.03,-121.44,40.935,-121.37,40.617,1.9816,-0.0
37.04,-121.37,40.617,-121.29,40.563,1.83,-0.0
42.01,-118.6,37.242,-118.62,37.251,3.0241,-169.93
42.02,-118.62,37.251,-118.64,37.265,2.462,-134.63
42.03,-118.64,37.265,-118.64,37.279,2.462,-134.63
42.04,-118.64,37.279,-118.64,37.302,2.462,-134.63
42.05,-118.64,37.302,-118.63,37.327,2.462,-134.63
42.06,-118.63,37.327,-118.62,37.345,2.462,-134.63
42.07,-118.62,37.345,-118.61,37.357,2.462,-134.63
42.08,-118.61,37.357,-118.63,37.382,2.462,-134.63
42.09,-118.63,37.382,-118.64,37.398,2.462,-134.63
42.10,-118.64,37.398,-118.65,37.405,2.462,-134.63
42.11,-118.65,37.405,-118.65,37.414,2.462,-134.63
42.12,-118.65,37.414,-118.64,37.446,2.462,-134.63
42.13,-118.64,37.446,-118.64,37.481,2.462,-134.63
42.14,-118.64,37.481,-118.65,37.515,3.2919,-170.27
42.15,-118.65,37.515,-118.67,37.525,3.2919,-170.27
42.16,-118.67,37.525,-118.7,37.54,3.2919,-170.27
42.17,-118.7,37.54,-118.73,37.549,3.2919,-170.27
42.18,-118.73,37.549,-118.74,37.56,3.2919,-170.27
46.01,-116.88,36.54,-117.09,36.698,2.0825,-180.0
46.02,-117.09,36.698,-117.16,36.758,2.2427,-180.0
46.03,-117.16,36.758,-117.3,36.925,2.3451,-180.0
46.04,-117.3,36.925,-117.32,36.957,2.3466,-180.0
46.05,-117.32,36.957,-117.4,37.032,2.2528,-180.0
46.06,-117.4,37.032,-117.5,37.122,2.1709,-180.0
46.07,-117.5,37.122,-117.54,37.176,2.4102,-180.0
46.08,-117.54,37.176,-117.65,37.294,2.2689,-180.0
47.01,-116.88,35.606,-116.64,35.728,2.135,0.0
44.01,-118.17,37.022,-118.17,37.04,0.61109,180.0
44.02,-118.17,37.04,-118.19,37.069,0.63691,180.0
44.03,-118.19,37.069,-118.22,37.172,0.70664,180.0
44.04,-118.22,37.172,-118.26,37.241,0.67556,180.0
44.05,-118.26,37.241,-118.28,37.302,0.65894,180.0
44.06,-118.28,37.302,-118.29,37.333,0.63315,180.0
44.07,-118.29,37.333,-118.31,37.378,0.64208,180.0
44.08,-118.31,37.378,-118.32,37.43,0.64684,180.0
44.09,-118.32,37.43,-118.33,37.485,0.64657,180.0
44.10,-118.33,37.485,-118.34,37.528,0.63152,180.0
44.11,-118.34,37.528,-118.35,37.576,0.6375,180.0
44.12,-118.35,37.576,-118.37,37.668,0.67042,180.0
44.13,-118.37,37.668,-118.38,37.736,0.65115,180.0
44.14,-118.38,37.736,-118.41,37.784,0.64735,180.0
44.15,-118.41,37.784,-118.43,37.831,0.64468,180.0
44.16,-118.43,37.831,-118.41,37.87,0.60946,180.0
44.17,-118.41,37.87,-118.39,37.901,0.58562,180.0
44.18,-118.39,37.901,-118.35,37.943,0.57754,180.0
44.19,-118.35,37.943,-118.34,37.964,0.60409,180.0
45.01,-117.67,37.302,-117.7,37.321,1.9286,-180.0
45.02,-117.7,37.321,-117.76,37.347,1.5486,-180.0
45.03,-117.76,37.347,-117.81,37.367,1.6294,-180.0
45.04,-117.81,37.367,-117.96,37.523,2.2496,-180.0
45.05,-117.96,37.523,-118.03,37.589,6.1215,-180.0
45.06,-118.03,37.589,-118.06,37.6,5.2446,-180.0
45.07,-118.06,37.6,-118.07,37.613,5.9183,-180.0
45.08,-118.07,37.613,-118.09,37.661,6.3196,-180.0
45.09,-118.09,37.661,-118.12,37.716,6.3677,-180.0
45.10,-118.12,37.716,-118.15,37.752,6.258,-180.0
45.11,-118.15,37.752,-118.19,37.829,6.3626,-180.0
51.01,-117.94,37.435,-117.96,37.397,3.0117,-144.27
51.02,-117.96,37.397,-117.96,37.382,3.2274,-150.95
51.03,-117.96,37.382,-117.97,37.367,2.4416,-117.89
51.04,-117.97,37.367,-117.99,37.349,2.5991,-127.19
51.05,-117.99,37.349,-118.0,37.321,3.0362,-144.54
51.06,-118.0,37.321,-118.01,37.287,2.8327,-137.09
51.07,-118.01,37.287,-118.03,37.255,2.7768,-134.62
51.08,-118.03,37.255,-118.06,37.231,2.3848,-111.35
50.01,-117.4,36.447,-117.43,36.475,3.887,-180.0
50.02,-117.43,36.475,-117.54,36.523,3.7022,-180.0
50.03,-117.54,36.523,-117.62,36.57,3.8557,-180.0
50.04,-117.62,36.57,-117.68,36.617,3.9787,-180.0
50.05,-117.68,36.617,-117.82,36.66,3.4468,-180.0
50.06,-117.82,36.66,-117.85,36.705,3.951,-180.0
50.07,-117.85,36.705,-117.88,36.754,3.8938,-180.0
50.08,-117.88,36.754,-117.95,36.924,3.8311,-180.0
49.01,-118.92,34.824,-118.87,34.828,6.0645,0.0
49.02,-118.87,34.828,-118.82,34.849,4.1889,-0.0
49.03,-118.82,34.849,-118.77,34.882,4.2705,-0.0
49.04,-118.77,34.882,-118.67,34.931,4.2064,-0.0
49.05,-118.67,34.931,-118.47,34.996,4.0364,-0.0
49.06,-118.47,34.996,-118.38,35.048,4.344,-0.0
49.07,-118.38,35.048,-118.33,35.079,4.5338,-0.0
49.08,-118.33,35.079,-118.12,35.186,4.314,-0.0
49.09,-118.12,35.186,-118.06,35.223,4.5428,-0.0
49.10,-118.06,35.223,-118.01,35.271,4.9166,-0.0
48.01,-116.88,35.598,-116.82,35.597,0.68053,-0.0
48.02,-116.82,35.597,-116.59,35.594,0.68235,-0.0
48.03,-116.59,35.594,-116.47,35.586,0.67302,-0.0
48.04,-116.47,35.586,-116.38,35.59,0.67199,-0.0
53.01,-121.46,36.793,-121.61,36.813,0.11628,120.68
53.02,-121.61,36.813,-121.74,36.938,0.10997,146.12
53.03,-121.74,36.938,-121.97,37.089,0.11817,144.35
541.01,-118.56,35.372,-118.55,35.404,0.079217,-90.0
541.02,-118.55,35.404,-118.55,35.439,0.063442,-90.0
541.03,-118.55,35.439,-118.55,35.469,0.07474,-90.0
58.01,-119.3,34.942,-119.24,34.956,5.1906,103.56
58.02,-119.24,34.956,-119.21,34.956,5.5512,127.67
58.03,-119.21,34.956,-119.13,34.987,4.8182,91.69
58.04,-119.13,34.987,-119.08,35.007,4.6094,89.438
58.05,-119.08,35.007,-119.05,35.007,1.9628,90.0
58.06,-119.05,35.007,-119.04,34.992,1.9994,90.0
58.07,-119.04,34.992,-119.01,34.978,1.9816,90.0
58.08,-119.01,34.978,-118.99,34.968,1.9849,90.0
58.09,-118.99,34.968,-118.98,34.944,2.0087,90.0
58.10,-118.98,34.944,-118.97,34.935,1.993,90.0
58.11,-118.97,34.935,-118.95,34.932,1.992,90.0
58.12,-118.95,34.932,-118.93,34.933,1.9782,90.0
58.13,-118.93,34.933,-118.91,34.939,1.9099,90.0
58.14,-118.91,34.939,-118.88,34.935,1.9941,90.0
543.01,-118.4,35.767,-118.45,35.899,0.3,-90.0
543.02,-118.45,35.899,-118.46,35.964,0.26226,-90.0
543.03,-118.46,35.964,-118.44,36.131,0.3,-90.0
543.04,-118.44,36.131,-118.43,36.191,0.26645,-90.0
542.01,-118.53,35.462,-118.53,35.483,0.2107,-90.0
542.02,-118.53,35.483,-118.5,35.587,0.25846,-90.0
542.03,-118.5,35.587,-118.43,35.726,0.2943,-90.0
542.04,-118.43,35.726,-118.42,35.765,0.23197,-90.0
63.01,-118.02,35.294,-118.04,35.347,3.6633,-162.64
63.02,-118.04,35.347,-118.05,35.426,3.5317,-162.68
63.03,-118.05,35.426,-118.03,35.538,3.177,-156.11
63.04,-118.03,35.538,-118.0,35.568,2.4224,-128.2
63.05,-118.0,35.568,-117.91,35.61,1.9801,-98.978
63.06,-117.91,35.61,-117.87,35.684,2.3331,-148.53
63.07,-117.87,35.684,-117.9,35.758,2.6269,178.13
63.08,-117.9,35.758,-117.91,35.934,2.6186,178.44
63.09,-117.91,35.934,-117.95,35.973,2.4217,-176.68
63.10,-117.95,35.973,-117.98,36.08,2.3122,-162.68
63.11,-117.98,36.08,-118.01,36.124,2.3992,-166.84
63.12,-118.01,36.124,-117.99,36.219,1.9827,-138.24
64.01,-117.97,36.308,-118.02,36.505,2.1876,-156.17
64.02,-118.02,36.505,-118.04,36.552,2.7179,-177.05
64.03,-118.04,36.552,-118.07,36.636,2.6569,-167.84
64.04,-118.07,36.636,-118.08,36.694,2.3616,-149.26
64.05,-118.08,36.694,-118.12,36.774,2.6038,-160.25
64.06,-118.12,36.774,-118.16,36.851,2.4447,-149.6
64.07,-118.16,36.851,-118.2,36.931,2.5069,-148.49
64.08,-118.2,36.931,-118.33,37.234,2.5197,-147.33
65.01,-118.09,36.502,-118.17,36.559,0.01,-90.0
65.02,-118.17,36.559,-118.22,36.624,0.01,-90.0
65.03,-118.22,36.624,-118.23,36.663,0.01,-90.0
65.04,-118.23,36.663,-118.3,36.773,0.01,-90.0
65.05,-118.3,36.773,-118.32,36.829,0.01,-90.0
65.06,-118.32,36.829,-118.3,36.88,0.01,-90.0
65.07,-118.3,36.88,-118.34,36.976,0.01,-90.0
65.08,-118.34,36.976,-118.35,37.004,0.01,-90.0
65.09,-118.35,37.004,-118.37,37.036,0.01,-90.0
65.10,-118.37,37.036,-118.41,37.071,0.01,-90.0
65.11,-118.41,37.071,-118.4,37.099,0.01,-90.0
77.01,-120.48,34.513,-120.31,34.512,2.1562,1.5267
77.02,-120.31,34.512,-120.26,34.515,2.1407,-4.1697
77.03,-120.26,34.515,-120.21,34.524,2.0731,-8.8126
77.04,-120.21,34.524,-120.12,34.544,2.0219,-13.537
77.05,-120.12,34.544,-120.03,34.562,2.1036,-15.94
77.06,-120.03,34.562,-119.98,34.56,2.4942,-10.962
77.07,-119.98,34.56,-119.94,34.547,2.8056,-5.2702
77.08,-119.94,34.547,-119.87,34.553,2.2466,-18.409
77.09,-119.87,34.553,-119.81,34.548,2.6197,-14.713
77.10,-119.81,34.548,-119.73,34.52,3.1047,-8.2013
77.11,-119.73,34.52,-119.64,34.499,2.8741,-14.996
78.01,-119.9,34.43,-119.87,34.425,1.6002,90.0
78.02,-119.87,34.425,-119.81,34.434,1.5416,90.0
78.03,-119.81,34.434,-119.79,34.434,1.5891,90.0
78.04,-119.79,34.434,-119.75,34.441,1.5593,90.0
78.05,-119.75,34.441,-119.74,34.442,1.5921,90.0
78.06,-119.74,34.442,-119.69,34.45,1.5494,90.0
78.07,-119.69,34.45,-119.61,34.441,1.5628,90.0
78.08,-119.61,34.441,-119.51,34.431,1.5532,90.0
78.09,-119.51,34.431,-119.47,34.427,1.5844,90.0
78.10,-119.47,34.427,-119.43,34.416,1.5897,90.0
78.11,-119.43,34.416,-119.35,34.424,1.5521,90.0
78.12,-119.35,34.424,-119.29,34.43,1.5653,90.0
78.13,-119.29,34.43,-119.2,34.45,1.5457,90.0
78.14,-119.2,34.45,-119.17,34.47,1.5232,90.0
79.01,-119.64,34.499,-119.55,34.488,2.0912,0.0
79.02,-119.55,34.488,-119.5,34.489,2.2827,-31.679
79.03,-119.5,34.489,-119.44,34.499,1.9176,-45.747
79.04,-119.44,34.499,-119.32,34.507,2.2477,-40.325
79.05,-119.32,34.507,-119.23,34.529,1.8406,-66.805
79.06,-119.23,34.529,-119.16,34.532,2.6047,-40.388
79.07,-119.16,34.532,-118.95,34.57,2.2383,-62.187
79.08,-118.95,34.57,-118.9,34.584,4.8285,-116.19
622.01,-122.09,38.044,-122.06,37.998,3.6229,-180.0
622.02,-122.06,37.998,-122.01,37.944,3.6117,-180.0
622.03,-122.01,37.944,-121.99,37.9,3.5909,-180.0
623.01,-122.22,38.415,-122.16,38.233,3.6101,-180.0
623.02,-122.16,38.233,-122.13,38.154,3.6079,-180.0
623.03,-122.13,38.154,-122.11,38.109,3.6079,-180.0
623.04,-122.11,38.109,-122.09,38.044,3.58,-180.0
74.01,-121.0,35.362,-120.87,35.302,0.38634,90.0
74.02,-120.87,35.302,-120.78,35.3,0.35763,90.0
74.03,-120.78,35.3,-120.74,35.285,0.38496,90.0
74.04,-120.74,35.285,-120.68,35.246,0.39055,90.0
74.05,-120.68,35.246,-120.65,35.209,0.39162,90.0
74.06,-120.65,35.209,-120.53,35.17,0.36088,90.0
74.07,-120.53,35.17,-120.48,35.126,0.39006,90.0
74.08,-120.48,35.126,-120.46,35.122,0.37619,90.0
75.01,-119.83,34.561,-119.88,34.657,0.41408,90.0
75.02,-119.88,34.657,-120.0,34.698,0.40875,90.0
75.03,-120.0,34.698,-120.09,34.774,2.1156E-10,-180.0
75.04,-120.09,34.774,-120.24,34.85,1.0708E-10,90.0
75.05,-120.24,34.85,-120.27,34.864,2.0343E-10,90.0
75.06,-120.27,34.864,-120.31,34.911,2.0343E-10,90.0
75.07,-120.31,34.911,-120.41,34.976,4.194E-10,90.0
75.08,-120.41,34.976,-120.56,35.108,7.8844E-9,90.0
75.09,-120.56,35.108,-120.64,35.141,2.5608E-10,90.0
75.10,-120.64,35.141,-120.71,35.168,4.8155E-10,90.0
75.11,-120.71,35.168,-120.79,35.182,0.084274,-180.0
621.01,-121.4,36.839,-121.35,36.785,14.87,-180.0
621.02,-121.35,36.785,-121.3,36.739,14.482,-180.0
621.03,-121.3,36.739,-121.24,36.683,14.855,-180.0
621.04,-121.24,36.683,-121.13,36.578,10.228,-180.0
621.05,-121.13,36.578,-121.06,36.522,10.106,-180.0
621.06,-121.06,36.522,-120.97,36.426,10.168,-180.0
627.01,-122.21,38.117,-122.23,38.147,5.7249,-180.0
85.01,-116.64,34.35,-116.7,34.463,1.3086,-180.0
85.02,-116.7,34.463,-116.77,34.553,1.1376,-180.0
85.03,-116.77,34.553,-116.84,34.645,1.0487,-180.0
85.04,-116.84,34.645,-116.93,34.75,0.97251,-180.0
85.05,-116.93,34.75,-117.08,34.871,0.81402,-180.0
85.06,-117.08,34.871,-117.25,34.954,0.81643,-180.0
85.07,-117.25,34.954,-117.47,35.052,0.76287,-180.0
85.08,-117.47,35.052,-117.78,35.215,0.73647,-180.0
626.01,-122.09,37.851,-122.12,37.925,0.10134,-180.0
84.01,-116.81,34.325,-116.86,34.376,0.69818,-180.0
84.02,-116.86,34.376,-116.94,34.441,0.16029,-180.0
84.03,-116.94,34.441,-117.06,34.539,0.24455,-180.0
84.04,-117.06,34.539,-117.11,34.604,0.49815,-180.0
84.05,-117.11,34.604,-117.33,34.787,0.33681,-180.0
84.06,-117.33,34.787,-117.42,34.916,0.30315,-180.0
84.07,-117.42,34.916,-117.5,35.043,0.2782,-180.0
84.08,-117.5,35.043,-117.6,35.109,0.73705,-180.0
87.01,-116.99,35.001,-117.13,35.106,0.40998,-180.0
87.02,-117.13,35.106,-117.21,35.227,0.49382,-180.0
87.03,-117.21,35.227,-117.31,35.366,0.52621,-180.0
87.04,-117.31,35.366,-117.41,35.449,0.51303,-180.0
625.01,-122.19,38.009,-122.2,38.107,0.19317,-180.0
86.01,-116.92,34.872,-116.96,34.888,1.9025,-180.0
86.02,-116.96,34.888,-117.02,34.949,2.4997,-180.0
86.03,-117.02,34.949,-117.34,35.175,2.2807,-180.0
86.04,-117.34,35.175,-117.45,35.256,2.2724,-180.0
624.01,-122.16,37.92,-122.18,38.0,0.057008,-180.0
631.01,-122.17,38.022,-122.09,37.942,0.057008,-180.0
81.01,-117.47,34.308,-117.39,34.286,1.2359,-0.0
81.02,-117.39,34.286,-117.35,34.294,0.15437,-0.0
81.03,-117.35,34.294,-117.32,34.277,0.45924,0.0
81.04,-117.32,34.277,-117.26,34.274,0.52816,0.0
81.05,-117.26,34.274,-117.2,34.283,0.53772,0.0
80.01,-118.76,34.436,-118.83,34.405,5.8239,90.0
80.02,-118.83,34.405,-118.86,34.402,5.9665,90.0
80.03,-118.86,34.402,-118.91,34.417,6.0258,90.0
80.04,-118.91,34.417,-118.92,34.427,5.9788,90.0
80.05,-118.92,34.427,-118.93,34.449,6.0367,90.0
80.06,-118.93,34.449,-118.94,34.448,5.9738,90.0
80.07,-118.94,34.448,-118.98,34.422,5.9021,90.0
80.08,-118.98,34.422,-119.01,34.422,5.9561,90.0
80.09,-119.01,34.422,-119.04,34.423,5.9635,90.0
80.10,-119.04,34.423,-119.08,34.436,6.0021,90.0
80.11,-119.08,34.436,-119.1,34.433,5.9784,90.0
80.12,-119.1,34.433,-119.16,34.45,5.9891,90.0
630.01,-122.12,37.931,-122.09,37.885,0.10134,-180.0
629.01,-122.17,38.023,-122.2,38.1,0.19317,-180.0
83.01,-116.8,34.368,-116.76,34.334,0.99119,-0.0
83.02,-116.76,34.334,-116.72,34.342,0.99119,-0.0
83.03,-116.72,34.342,-116.67,34.332,1.8174,23.669
83.04,-116.67,34.332,-116.64,34.34,1.8174,23.669
83.05,-116.64,34.34,-116.62,34.333,1.8174,23.669
83.06,-116.62,34.333,-116.59,34.321,1.8174,23.669
83.07,-116.59,34.321,-116.54,34.319,1.8174,23.669
83.08,-116.54,34.319,-116.53,34.31,1.0768,-0.0
628.01,-122.06,37.861,-122.08,37.929,5.7333,-180.0
82.01,-117.27,34.317,-117.24,34.343,1.3957,-121.04
82.02,-117.24,34.343,-117.23,34.367,1.8426,-165.33
82.03,-117.23,34.367,-117.21,34.371,1.3051,-66.569
82.04,-117.21,34.371,-117.2,34.405,1.8389,-169.88
82.05,-117.2,34.405,-117.17,34.439,1.4642,-138.53
82.06,-117.17,34.439,-117.14,34.444,1.1819,-94.939
82.07,-117.14,34.444,-117.11,34.441,1.2299,-62.902
82.08,-117.11,34.441,-117.06,34.422,1.4058,-37.24
82.09,-117.06,34.422,-117.0,34.396,1.399,-33.643
82.10,-117.0,34.396,-116.99,34.382,1.5584,-14.966
82.11,-116.99,34.382,-116.94,34.365,1.3086,-37.257
82.12,-116.94,34.365,-116.85,34.371,0.41389,-0.0
93.01,-116.72,34.055,-116.7,34.06,2.5298,0.0
93.02,-116.7,34.06,-116.68,34.073,3.5822,-82.261
93.03,-116.68,34.073,-116.64,34.08,5.3409,-37.405
93.04,-116.64,34.08,-116.59,34.079,7.0456,-23.247
93.05,-116.59,34.079,-116.56,34.083,5.6968,-33.746
93.06,-116.56,34.083,-116.48,34.111,4.2119,-55.235
93.07,-116.48,34.111,-116.46,34.124,3.5778,-96.546
93.08,-116.46,34.124,-116.41,34.13,5.669,-34.054
93.09,-116.41,34.13,-116.28,34.145,6.2146,-18.388
93.10,-116.28,34.145,-116.23,34.148,6.4798,-15.696
93.11,-116.23,34.148,-116.08,34.138,4.8394,-180.0
93.12,-116.08,34.138,-116.05,34.13,2.5345,-0.70659
93.13,-116.05,34.13,-116.01,34.126,2.4845,-4.2316
93.14,-116.01,34.126,-115.96,34.108,2.5332,0.7187
93.15,-115.96,34.108,-115.94,34.106,2.5332,0.7187
93.16,-115.94,34.106,-115.85,34.093,2.496,-3.6114
635.01,-121.47,37.254,-121.47,37.302,0.079767,-0.0
635.02,-121.47,37.302,-121.5,37.382,0.15677,-180.0
635.03,-121.5,37.382,-121.52,37.463,0.024111,-180.0
635.04,-121.52,37.463,-121.54,37.507,1.4696,-103.55
634.01,-122.04,37.846,-122.08,37.913,5.7333,-180.0
634.02,-122.08,37.913,-122.16,37.969,5.7333,-180.0
634.03,-122.16,37.969,-122.2,38.019,5.7333,-180.0
634.04,-122.2,38.019,-122.24,38.06,0.10259,-180.0
634.05,-122.24,38.06,-122.28,38.125,0.10496,-180.0
92.01,-116.45,34.308,-116.45,34.364,1.6605,-180.0
95.01,-116.34,33.961,-116.34,33.995,0.45648,-180.0
95.02,-116.34,33.995,-116.35,34.01,0.41778,-180.0
95.03,-116.35,34.01,-116.35,34.024,0.41017,-180.0
95.04,-116.35,34.024,-116.36,34.045,0.43152,-180.0
95.05,-116.36,34.045,-116.39,34.122,0.50945,-180.0
632.01,-122.25,38.125,-122.21,38.109,5.7249,-180.0
94.01,-116.41,34.122,-116.41,34.094,0.45204,-180.0
94.02,-116.41,34.094,-116.41,34.061,0.46141,-180.0
94.03,-116.41,34.061,-116.4,34.035,0.42721,-180.0
94.04,-116.4,34.035,-116.4,34.013,0.43235,-180.0
94.05,-116.4,34.013,-116.4,33.989,0.44031,-180.0
94.06,-116.4,33.989,-116.39,33.935,0.49821,-180.0
89.01,-115.99,34.121,-116.03,34.154,0.99689,-180.0
89.02,-116.03,34.154,-116.06,34.206,1.069,-180.0
89.03,-116.06,34.206,-116.12,34.291,1.1267,-180.0
89.04,-116.12,34.291,-116.18,34.391,1.2,-180.0
89.05,-116.18,34.391,-116.25,34.47,1.141,-180.0
89.06,-116.25,34.47,-116.26,34.479,1.0262,-180.0
89.07,-116.26,34.479,-116.26,34.491,1.0358,-180.0
89.08,-116.26,34.491,-116.33,34.562,1.1189,-180.0
89.09,-116.33,34.562,-116.38,34.634,1.1789,-180.0
89.10,-116.38,34.634,-116.41,34.697,1.145,-180.0
89.11,-116.41,34.697,-116.49,34.818,1.1844,-180.0
639.01,-122.18,37.782,-122.22,37.832,8.6046,-180.0
639.02,-122.22,37.832,-122.3,37.929,8.6089,-180.0
639.03,-122.3,37.929,-122.41,38.057,8.6048,-180.0
639.04,-122.41,38.057,-122.44,38.106,8.5108,-180.0
639.05,-122.44,38.106,-122.47,38.196,9.0371,-180.0
88.01,-116.15,34.173,-116.22,34.287,5.0235,-180.0
88.02,-116.22,34.287,-116.26,34.361,4.9706,-180.0
88.03,-116.26,34.361,-116.34,34.477,5.059,-180.0
88.04,-116.34,34.477,-116.46,34.585,5.1331,-180.0
88.05,-116.46,34.585,-116.5,34.635,5.1354,-180.0
88.06,-116.5,34.635,-116.53,34.674,5.1348,-180.0
88.07,-116.53,34.674,-116.56,34.719,5.1342,-180.0
88.08,-116.56,34.719,-116.6,34.752,5.0548,-180.0
88.09,-116.6,34.752,-116.69,34.857,5.1115,-180.0
88.10,-116.69,34.857,-116.8,34.924,4.8434,-180.0
88.11,-116.8,34.924,-116.84,34.939,1.7606,-180.0
88.12,-116.84,34.939,-116.93,34.999,1.7308,-180.0
638.01,-121.8,37.397,-121.91,37.483,8.3132,-180.0
638.02,-121.91,37.483,-122.0,37.595,8.6307,-180.0
638.03,-122.0,37.595,-122.05,37.64,8.5754,-180.0
638.04,-122.05,37.64,-122.09,37.681,8.5754,-180.0
638.05,-122.09,37.681,-122.18,37.782,8.6049,-180.0
637.01,-121.66,37.234,-121.72,37.258,8.22,134.95
637.02,-121.72,37.258,-121.74,37.303,7.9997,135.5
637.03,-121.74,37.303,-121.78,37.346,8.6452,-180.0
637.04,-121.78,37.346,-121.8,37.397,8.6179,-180.0
91.01,-116.42,34.168,-116.44,34.197,2.8519,-180.0
91.02,-116.44,34.197,-116.44,34.274,3.2592,-180.0
91.03,-116.44,34.274,-116.45,34.308,2.2503,-180.0
91.04,-116.45,34.308,-116.46,34.313,0.39747,-180.0
91.05,-116.46,34.313,-116.48,34.343,0.44379,-180.0
91.06,-116.48,34.343,-116.51,34.375,0.44893,-180.0
91.07,-116.51,34.375,-116.55,34.411,0.39427,-180.0
91.08,-116.55,34.411,-116.58,34.43,0.37891,-180.0
91.09,-116.58,34.43,-116.63,34.475,0.44009,-180.0
91.10,-116.63,34.475,-116.65,34.492,0.39408,-180.0
91.11,-116.65,34.492,-116.69,34.545,0.48176,-180.0
91.12,-116.69,34.545,-116.7,34.556,0.42013,-180.0
90.01,-116.18,34.158,-116.21,34.172,0.36582,-180.0
90.02,-116.21,34.172,-116.24,34.211,0.42303,-180.0
90.03,-116.24,34.211,-116.27,34.238,0.41671,-180.0
90.04,-116.27,34.238,-116.28,34.253,0.3983,-180.0
90.05,-116.28,34.253,-116.3,34.308,0.52818,-180.0
90.06,-116.3,34.308,-116.32,34.334,0.45371,-180.0
90.07,-116.32,34.334,-116.35,34.373,0.45985,-180.0
90.08,-116.35,34.373,-116.38,34.407,0.4541,-180.0
90.09,-116.38,34.407,-116.42,34.438,0.41343,-180.0
90.10,-116.42,34.438,-116.44,34.45,0.38111,-180.0
90.11,-116.44,34.45,-116.48,34.471,0.35799,-180.0
90.12,-116.48,34.471,-116.49,34.486,0.40996,-180.0
90.13,-116.49,34.486,-116.52,34.509,0.40533,-180.0
90.14,-116.52,34.509,-116.54,34.529,0.42991,-180.0
90.15,-116.54,34.529,-116.57,34.569,2.4272,-180.0
90.16,-116.57,34.569,-116.65,34.615,2.3395,-180.0
90.17,-116.65,34.615,-116.67,34.648,2.4477,-180.0
636.01,-121.54,37.507,-121.62,37.622,3.4187,159.47
636.02,-121.62,37.622,-121.66,37.671,3.3675,152.54
636.03,-121.66,37.671,-121.77,37.788,3.3767,151.61
636.04,-121.77,37.788,-121.8,37.827,3.1714,-180.0
636.05,-121.8,37.827,-121.88,37.871,3.0053,-180.0
102.01,-116.36,32.95,-116.41,32.983,3.5643,-180.0
102.02,-116.41,32.983,-116.46,33.011,3.6103,-180.0
102.03,-116.46,33.011,-116.52,33.049,3.558,-180.0
102.04,-116.52,33.049,-116.63,33.123,3.5456,-180.0
102.05,-116.63,33.123,-116.69,33.178,3.401,-180.0
102.06,-116.69,33.178,-116.73,33.209,3.4742,-180.0
102.07,-116.73,33.209,-116.79,33.246,3.5716,-180.0
102.08,-116.79,33.246,-116.84,33.279,3.5693,-180.0
102.09,-116.84,33.279,-116.95,33.332,3.6121,-180.0
102.10,-116.95,33.332,-117.01,33.341,3.479,-180.0
103.01,-116.01,32.779,-116.1,32.814,3.6272,-180.0
103.02,-116.1,32.814,-116.18,32.838,3.6045,-180.0
103.03,-116.18,32.838,-116.23,32.889,3.3304,-180.0
103.04,-116.23,32.889,-116.26,32.931,3.1812,-180.0
103.05,-116.26,32.931,-116.34,32.975,3.5794,-180.0
101.01,-116.54,33.469,-116.47,33.42,9.3337,-180.0
101.02,-116.47,33.42,-116.28,33.264,9.4635,-180.0
101.03,-116.28,33.264,-116.2,33.207,9.4566,-180.0
98.01,-115.89,33.034,-115.8,33.008,4.1707,-180.0
98.02,-115.8,33.008,-115.66,32.9,4.2987,-180.0
98.03,-115.66,32.9,-115.61,32.83,4.0756,-180.0
99.01,-116.2,33.207,-116.16,33.182,9.374,-180.0
99.02,-116.16,33.182,-116.13,33.143,9.3187,-180.0
99.03,-116.13,33.143,-116.06,33.098,9.4585,-180.0
99.04,-116.06,33.098,-116.01,33.03,9.0147,-180.0
99.05,-116.01,33.03,-115.94,33.001,9.283,-180.0
581.01,-122.47,38.225,-122.54,38.292,0.071198,-180.0
581.02,-122.54,38.292,-122.59,38.376,0.096275,-180.0
581.03,-122.59,38.376,-122.65,38.435,0.077075,-180.0
581.04,-122.65,38.435,-122.66,38.48,0.058934,-180.0
96.01,-115.66,33.231,-115.85,33.03,1.4307,0.0
582.01,-122.85,38.941,-122.79,38.89,0.47612,-180.0
582.02,-122.79,38.89,-122.7,38.804,0.52604,-180.0
582.03,-122.7,38.804,-122.61,38.754,0.42235,-180.0
582.04,-122.61,38.754,-122.56,38.726,0.40707,-180.0
97.01,-115.17,32.47,-115.5,32.836,28.109,-180.0
97.02,-115.5,32.836,-115.54,32.88,35.043,-180.0
97.03,-115.54,32.88,-115.55,32.926,35.01,-180.0
110.01,-119.91,34.011,-119.97,33.986,2.6341,83.852
110.02,-119.97,33.986,-120.11,33.971,2.2555,109.63
110.03,-120.11,33.971,-120.18,33.972,1.9031,122.7
110.04,-120.18,33.972,-120.23,33.983,1.7897,141.88
110.05,-120.23,33.983,-120.3,33.984,1.5704,134.35
110.06,-120.3,33.984,-120.36,33.987,1.4128,143.78
110.07,-120.36,33.987,-120.43,33.987,1.2609,149.79
110.08,-120.43,33.987,-120.51,34.02,1.2358,-173.3
111.01,-119.99,34.073,-119.87,34.031,0.62157,29.342
111.02,-119.87,34.031,-119.78,34.016,3.2172,126.04
111.03,-119.78,34.016,-119.72,34.005,3.4776,125.32
111.04,-119.72,34.005,-119.61,33.986,3.7411,120.23
111.05,-119.61,33.986,-119.52,33.987,4.0198,104.12
111.06,-119.52,33.987,-119.35,33.978,1.2488,-0.0
111.07,-119.35,33.978,-119.26,33.983,1.625,-0.0
108.01,-118.22,34.122,-118.32,34.11,3.4553,11.299
108.02,-118.32,34.11,-118.37,34.099,3.6024,11.373
108.03,-118.37,34.099,-118.42,34.079,3.6733,-0.0
109.01,-117.86,33.227,-117.92,33.28,3.7413,-180.0
109.02,-117.92,33.28,-117.94,33.318,3.8147,-180.0
109.03,-117.94,33.318,-117.99,33.355,3.6828,-180.0
109.04,-117.99,33.355,-118.06,33.443,3.8117,-180.0
109.05,-118.06,33.443,-118.08,33.482,3.8547,-180.0
109.06,-118.08,33.482,-118.12,33.545,3.8512,-180.0
109.07,-118.12,33.545,-118.15,33.584,3.8299,-180.0
109.08,-118.15,33.584,-118.23,33.692,3.7875,-180.0
109.09,-118.23,33.692,-118.25,33.747,3.9118,-180.0
109.10,-118.25,33.747,-118.33,33.789,3.3433,153.8
109.11,-118.33,33.789,-118.4,33.818,3.2244,148.3
109.12,-118.4,33.818,-118.44,33.864,3.0312,-180.0
109.13,-118.44,33.864,-118.5,33.902,3.2784,-180.0
109.14,-118.5,33.902,-118.56,33.97,3.8134,-180.0
107.01,-117.69,34.114,-117.73,34.085,1.6348,-34.095
107.02,-117.73,34.085,-117.84,34.06,0.32168,18.112
107.03,-117.84,34.06,-117.88,34.039,0.35549,33.85
104.01,-115.1,32.161,-115.2,32.201,2.9403,-180.0
104.02,-115.2,32.201,-115.24,32.222,2.9662,-180.0
104.03,-115.24,32.222,-115.29,32.243,2.9624,-180.0
104.04,-115.29,32.243,-115.33,32.263,2.9618,-180.0
104.05,-115.33,32.263,-115.4,32.288,2.9409,-180.0
104.06,-115.4,32.288,-115.72,32.545,3.4846,-180.0
104.07,-115.72,32.545,-115.81,32.592,3.6223,-180.0
104.08,-115.81,32.592,-115.84,32.663,2.6468,-180.0
104.09,-115.84,32.663,-115.88,32.727,3.0126,-180.0
119.01,-117.5,34.263,-117.39,34.192,11.293,-180.0
119.02,-117.39,34.192,-117.33,34.101,9.8579,-180.0
119.03,-117.33,34.101,-117.24,34.017,9.6373,-180.0
118.01,-119.3,34.339,-119.38,34.337,1.942,90.0
118.02,-119.38,34.337,-119.42,34.356,2.0233,90.0
118.03,-119.42,34.356,-119.47,34.357,1.9581,90.0
118.04,-119.47,34.357,-119.53,34.357,1.9282,90.0
118.05,-119.53,34.357,-119.63,34.358,1.8591,90.0
118.06,-119.63,34.358,-119.75,34.362,1.8004,90.0
118.07,-119.75,34.362,-119.86,34.382,1.8483,90.0
118.08,-119.86,34.382,-119.94,34.399,1.8925,90.0
118.09,-119.94,34.399,-120.39,34.357,1.0935,90.0
117.01,-119.01,34.411,-119.07,34.376,1.4993,54.252
117.02,-119.07,34.376,-119.19,34.284,1.2417,54.366
117.03,-119.19,34.284,-119.32,34.283,1.5596,57.545
117.04,-119.32,34.283,-119.41,34.308,1.6587,58.384
117.05,-119.41,34.308,-119.46,34.303,1.5754,57.22
117.06,-119.46,34.303,-119.59,34.297,1.5158,53.087
116.01,-119.21,34.26,-119.13,34.276,3.93,90.0
116.02,-119.13,34.276,-119.1,34.317,3.7859,90.0
116.03,-119.1,34.317,-119.04,34.352,3.8284,90.0
116.04,-119.04,34.352,-118.96,34.363,3.9435,90.0
116.05,-118.96,34.363,-118.88,34.381,3.8848,90.0
116.06,-118.88,34.381,-118.81,34.385,3.9461,90.0
116.07,-118.81,34.385,-118.77,34.401,3.8684,90.0
116.08,-118.77,34.401,-118.72,34.398,3.9763,90.0
115.01,-118.7,34.304,-118.76,34.283,0.57885,0.0
115.02,-118.76,34.283,-118.84,34.271,0.62259,0.0
115.03,-118.84,34.271,-118.89,34.252,0.57481,0.0
115.04,-118.89,34.252,-118.95,34.247,0.60295,0.0
115.05,-118.95,34.247,-119.0,34.235,0.57971,0.0
115.06,-119.0,34.235,-119.04,34.242,0.55926,0.0
115.07,-119.04,34.242,-119.1,34.217,0.57431,0.0
114.01,-117.74,34.123,-117.75,34.122,3.6518,32.569
114.02,-117.75,34.122,-117.77,34.132,3.6518,32.569
114.03,-117.77,34.132,-117.81,34.13,3.6518,32.569
114.04,-117.81,34.13,-117.82,34.132,2.9515,48.248
114.05,-117.82,34.132,-117.86,34.159,2.9515,48.248
114.06,-117.86,34.159,-117.88,34.147,2.9515,48.248
114.07,-117.88,34.147,-117.94,34.15,2.9515,48.248
114.08,-117.94,34.15,-117.98,34.161,2.3145,84.208
114.09,-117.98,34.161,-118.0,34.175,1.9999,90.0
114.10,-118.0,34.175,-118.07,34.176,1.8326,90.0
114.11,-118.07,34.176,-118.11,34.201,1.8847,90.0
114.12,-118.11,34.201,-118.15,34.203,1.9136,90.0
114.13,-118.15,34.203,-118.19,34.211,1.8866,90.0
114.14,-118.19,34.211,-118.22,34.235,1.921,90.0
114.15,-118.22,34.235,-118.26,34.249,1.8724,90.0
114.16,-118.26,34.249,-118.28,34.258,1.9436,90.0
114.17,-118.28,34.258,-118.29,34.275,2.0404,90.0
113.01,-118.3,34.278,-118.33,34.273,1.9699,90.0
113.02,-118.33,34.273,-118.41,34.29,1.8299,90.0
113.03,-118.41,34.29,-118.42,34.302,2.042,90.0
113.04,-118.42,34.302,-118.49,34.284,1.9954,90.0
112.01,-118.13,34.119,-118.19,34.15,0.22748,90.0
112.02,-118.19,34.15,-118.23,34.155,0.29151,90.0
112.03,-118.23,34.155,-118.29,34.197,0.2351,90.0
112.04,-118.29,34.197,-118.37,34.223,0.2,90.0
112.05,-118.37,34.223,-118.41,34.254,0.28411,90.0
112.06,-118.41,34.254,-118.42,34.261,0.35074,90.0
601.01,-122.04,37.844,-121.96,37.755,5.7075,-180.0
601.02,-121.96,37.755,-121.93,37.693,5.6011,-180.0
601.03,-121.93,37.693,-121.89,37.62,5.6951,-180.0
601.04,-121.89,37.62,-121.83,37.51,5.6398,-180.0
601.05,-121.83,37.51,-121.82,37.457,5.672,-180.0
125.01,-117.44,34.18,-117.45,34.173,1.4687,90.0
125.02,-117.45,34.173,-117.48,34.167,5.9981,-0.0
125.03,-117.48,34.167,-117.5,34.167,5.9981,-0.0
125.04,-117.5,34.167,-117.52,34.168,6.1551,14.094
125.05,-117.52,34.168,-117.56,34.171,6.1551,14.094
125.06,-117.56,34.171,-117.57,34.172,6.1551,14.094
125.07,-117.57,34.172,-117.58,34.166,6.1551,14.094
125.08,-117.58,34.166,-117.63,34.163,6.206,-6.784
125.09,-117.63,34.163,-117.66,34.148,6.206,-6.784
125.10,-117.66,34.148,-117.74,34.123,4.2353,24.02
603.01,-121.4,36.839,-121.42,36.894,14.549,-180.0
603.02,-121.42,36.894,-121.46,36.966,14.57,-180.0
603.03,-121.46,36.966,-121.52,37.056,14.832,-180.0
602.01,-121.52,37.057,-121.56,37.132,14.386,-180.0
602.02,-121.56,37.132,-121.61,37.174,14.177,-180.0
602.03,-121.61,37.174,-121.67,37.252,14.409,-180.0
602.04,-121.67,37.252,-121.69,37.3,5.4402,-180.0
602.05,-121.69,37.3,-121.77,37.39,5.7298,-180.0
602.06,-121.77,37.39,-121.82,37.457,5.7329,-180.0
124.01,-117.85,34.24,-117.88,34.222,0.33651,90.0
124.02,-117.88,34.222,-117.93,34.218,0.27348,90.0
124.03,-117.93,34.218,-118.0,34.178,0.33408,90.0
123.01,-117.15,32.534,-117.15,32.603,0.80799,-180.0
123.02,-117.15,32.603,-117.17,32.648,1.2743,-180.0
123.03,-117.17,32.648,-117.16,32.71,0.55902,-180.0
123.04,-117.16,32.71,-117.17,32.729,1.4101,-180.0
123.05,-117.17,32.729,-117.2,32.76,1.9082,-180.0
123.06,-117.2,32.76,-117.21,32.801,1.2103,-180.0
123.07,-117.21,32.801,-117.24,32.835,1.9096,-180.0
123.08,-117.24,32.835,-117.26,32.855,2.0572,-180.0
123.09,-117.26,32.855,-117.33,33.019,1.3374,-180.0
123.10,-117.33,33.019,-117.4,33.105,1.7708,-180.0
123.11,-117.4,33.105,-117.41,33.124,1.7448,-180.0
123.12,-117.41,33.124,-117.44,33.141,1.7448,-180.0
605.01,-122.04,37.633,-121.98,37.595,1.9303,-180.0
605.02,-121.98,37.595,-121.88,37.507,2.1146,-180.0
605.03,-121.88,37.507,-121.82,37.457,2.0004,-180.0
122.01,-117.91,33.591,-117.8,33.508,2.0139,-180.0
122.02,-117.8,33.508,-117.69,33.402,1.9248,-180.0
122.03,-117.69,33.402,-117.55,33.252,1.8764,-180.0
122.04,-117.55,33.252,-117.49,33.216,2.1128,-180.0
122.05,-117.49,33.216,-117.43,33.156,1.8875,-180.0
121.01,-117.86,33.227,-117.84,33.207,3.7413,-180.0
121.02,-117.84,33.207,-117.74,33.073,0.88405,90.0
121.03,-117.74,33.073,-117.69,33.027,1.0035,90.0
121.04,-117.69,33.027,-117.62,32.952,0.77318,90.0
121.05,-117.62,32.952,-117.57,32.925,0.77318,90.0
121.06,-117.57,32.925,-117.52,32.865,3.7892,-180.0
121.07,-117.52,32.865,-117.51,32.809,3.1831,-180.0
121.08,-117.51,32.809,-117.47,32.752,3.7593,-180.0
121.09,-117.47,32.752,-117.43,32.724,3.8965,-180.0
121.10,-117.43,32.724,-117.41,32.679,3.488,-180.0
121.11,-117.41,32.679,-117.34,32.624,3.9395,-180.0
121.12,-117.34,32.624,-117.31,32.594,3.8807,-180.0
121.13,-117.31,32.594,-117.3,32.552,3.3572,-180.0
121.14,-117.3,32.552,-117.27,32.495,3.5842,-180.0
121.15,-117.27,32.495,-116.84,31.89,3.773,-180.0
137.01,-121.09,37.245,-120.99,37.092,0.3,90.0
687.01,-120.04,39.11,-120.05,39.148,1.0,-90.0
687.02,-120.05,39.148,-119.99,39.217,1.0,-90.0
687.03,-119.99,39.217,-119.96,39.324,1.0836,-90.0
136.01,-121.52,37.734,-121.05,37.276,0.42797,90.0
686.01,-120.37,39.49,-120.4,39.559,2.7512,-180.0
686.02,-120.4,39.559,-120.45,39.639,2.7512,-180.0
686.03,-120.45,39.639,-120.52,39.681,2.7622,-180.0
686.04,-120.52,39.681,-120.62,39.743,2.758,-180.0
686.05,-120.62,39.743,-120.76,39.974,2.4833,-180.0
139.01,-120.65,36.641,-120.45,36.495,2.9173,124.61
138.01,-120.76,36.799,-120.65,36.628,1.0822,90.0
141.01,-120.14,36.132,-120.07,36.091,2.4929,139.65
141.02,-120.07,36.091,-119.97,36.037,2.4929,139.65
141.03,-119.97,36.037,-119.92,36.007,2.4929,139.65
683.01,-120.34,34.757,-120.21,34.727,0.38583,90.0
683.02,-120.21,34.727,-120.14,34.679,0.38767,90.0
683.03,-120.14,34.679,-120.09,34.639,0.38792,90.0
140.01,-120.44,36.479,-120.35,36.34,2.8387,148.08
143.01,-117.93,33.695,-117.82,33.688,0.61176,90.0
143.02,-117.82,33.688,-117.74,33.647,0.57903,90.0
143.03,-117.74,33.647,-117.67,33.597,0.59729,90.0
681.01,-120.1,34.649,-120.17,34.669,2.1014E-10,90.0
681.02,-120.17,34.669,-120.22,34.697,5.4687E-10,90.0
681.03,-120.22,34.697,-120.3,34.706,6.5427E-10,90.0
681.04,-120.3,34.706,-120.43,34.727,6.0063E-10,90.0
681.05,-120.43,34.727,-120.57,34.848,9.4908E-9,90.0
681.06,-120.57,34.848,-120.63,34.873,1.4732E-10,90.0
681.07,-120.63,34.873,-120.73,34.889,7.7653E-10,90.0
142.01,-120.36,36.355,-120.25,36.267,2.6445,132.26
142.02,-120.25,36.267,-120.11,36.15,2.5825,136.21
680.01,-124.35,40.24,-124.27,40.218,0.0049664,90.0
680.02,-124.27,40.218,-124.08,40.147,8.0891E-12,90.0
680.03,-124.08,40.147,-123.99,40.01,0.044619,90.0
129.01,-119.26,34.026,-119.36,34.001,1.3409,90.0
129.02,-119.36,34.001,-119.47,33.988,1.372,90.0
129.03,-119.47,33.988,-119.53,33.987,1.4371,90.0
129.04,-119.53,33.987,-119.63,33.961,1.3519,90.0
129.05,-119.63,33.961,-119.68,33.943,1.4178,90.0
129.06,-119.68,33.943,-119.76,33.943,1.4203,90.0
129.07,-119.76,33.943,-119.81,33.946,1.4479,90.0
129.08,-119.81,33.946,-119.88,33.974,1.5355,90.0
679.01,-120.85,40.091,-120.91,40.167,2.6531,-180.0
679.02,-120.91,40.167,-121.04,40.225,3.0732,-180.0
679.03,-121.04,40.225,-121.11,40.271,0.034138,-180.0
678.01,-120.0,39.124,-119.97,39.18,0.32042,-90.0
678.02,-119.97,39.18,-119.96,39.257,0.33497,-90.0
678.03,-119.96,39.257,-119.93,39.295,0.3071,-90.0
131.01,-122.3,39.679,-122.28,39.286,0.086831,-0.0
677.01,-122.36,38.681,-122.39,38.783,7.1565,-180.0
677.02,-122.39,38.783,-122.38,38.836,6.8432,-180.0
677.03,-122.38,38.836,-122.41,38.884,7.2034,-180.0
677.04,-122.41,38.884,-122.46,38.941,6.9429,-180.0
677.05,-122.46,38.941,-122.5,38.997,6.9429,-180.0
130.01,-118.71,34.417,-118.63,34.404,1.4871,90.0
130.02,-118.63,34.404,-118.6,34.384,1.5462,90.0
130.03,-118.6,34.384,-118.55,34.354,1.5594,90.0
130.04,-118.55,34.354,-118.48,34.342,1.4282,90.0
130.05,-118.48,34.342,-118.42,34.328,1.4463,90.0
130.06,-118.42,34.328,-118.38,34.31,1.4721,90.0
133.01,-122.28,39.286,-122.29,39.089,0.086831,-0.0
132.01,-122.28,39.117,-122.05,38.69,0.299,-119.32
135.01,-121.98,38.284,-121.84,38.016,1.0252,93.467
672.01,-123.31,39.999,-123.32,40.056,0.45053,-180.0
672.02,-123.32,40.056,-123.37,40.127,0.50943,-180.0
672.03,-123.37,40.127,-123.41,40.213,0.51303,-180.0
672.04,-123.41,40.213,-123.49,40.307,0.55884,-180.0
672.05,-123.49,40.307,-123.56,40.365,5.0107,174.78
672.06,-123.56,40.365,-123.58,40.419,5.0209,-172.15
672.07,-123.58,40.419,-123.68,40.521,5.0801,169.49
672.08,-123.68,40.521,-123.72,40.57,5.2488,168.13
672.09,-123.72,40.57,-123.83,40.677,5.4148,155.54
672.10,-123.83,40.677,-123.87,40.754,5.8431,163.64
134.01,-122.09,38.688,-122.0,38.532,0.28487,127.03
152.01,-117.99,34.163,-118.0,34.161,2.3145,84.208
152.02,-118.0,34.161,-118.01,34.156,2.3145,84.208
152.03,-118.01,34.156,-118.03,34.151,2.3145,84.208
152.04,-118.03,34.151,-118.05,34.141,4.2921,18.876
152.05,-118.05,34.141,-118.06,34.139,4.2921,18.876
152.06,-118.06,34.139,-118.08,34.13,4.2921,18.876
152.07,-118.08,34.13,-118.12,34.123,4.2921,18.876
152.08,-118.12,34.123,-118.12,34.121,2.9268,-0.0
152.09,-118.12,34.121,-118.13,34.118,0.98911,0.0
152.10,-118.13,34.118,-118.22,34.122,2.9268,-0.0
702.01,-119.0,37.646,-119.01,37.695,2.369,-120.82
702.02,-119.01,37.695,-119.03,37.763,2.6497,-136.02
702.03,-119.03,37.763,-119.08,37.834,2.9257,-146.77
703.01,-118.76,37.507,-118.81,37.607,1.5333,-90.0
703.02,-118.81,37.607,-118.89,37.671,3.2031,-162.76
703.03,-118.89,37.671,-118.95,37.732,1.4116,-90.0
700.01,-121.6,41.66,-121.56,41.73,0.3956,-90.0
700.02,-121.56,41.73,-121.57,41.779,0.39702,-90.0
700.03,-121.57,41.779,-121.56,41.869,0.39007,-90.0
700.04,-121.56,41.869,-121.57,41.975,0.39212,-90.0
701.01,-120.35,42.282,-120.37,42.238,0.0082122,-90.0
701.02,-120.37,42.238,-120.35,42.155,0.013274,-90.0
701.03,-120.35,42.155,-120.31,42.073,0.014766,-90.0
701.04,-120.31,42.073,-120.29,41.985,0.011046,-90.0
701.05,-120.29,41.985,-120.32,41.925,0.0052228,-90.0
701.06,-120.32,41.925,-120.22,41.804,0.01645,-90.0
701.07,-120.22,41.804,-120.17,41.761,0.012666,-90.0
155.01,-116.96,35.499,-116.86,35.478,0.050232,0.0
155.02,-116.86,35.478,-116.67,35.492,0.15472,0.0
155.03,-116.67,35.492,-116.48,35.496,0.16195,0.0
155.04,-116.48,35.496,-116.39,35.451,0.051757,0.0
698.01,-118.39,37.582,-118.4,37.474,0.20062,-90.0
698.02,-118.4,37.474,-118.4,37.429,0.20641,-90.0
698.03,-118.4,37.429,-118.38,37.363,0.20295,-90.0
698.04,-118.38,37.363,-118.4,37.325,0.20761,-90.0
156.01,-116.91,35.437,-116.85,35.429,0.046423,0.0
156.02,-116.85,35.429,-116.64,35.445,0.17708,0.0
156.03,-116.64,35.445,-116.51,35.427,0.1093,0.0
156.04,-116.51,35.427,-116.44,35.418,0.069511,0.0
156.05,-116.44,35.418,-116.35,35.388,0.062279,0.0
699.01,-123.64,39.988,-123.76,40.063,11.961,170.94
699.02,-123.76,40.063,-123.86,40.087,10.828,161.24
699.03,-123.86,40.087,-123.95,40.156,11.69,179.11
699.04,-123.95,40.156,-124.04,40.252,11.566,-172.83
699.05,-124.04,40.252,-124.07,40.294,10.979,-162.61
699.06,-124.07,40.294,-124.12,40.36,11.427,-165.33
157.01,-116.81,35.331,-116.57,35.312,0.2,0.0
157.02,-116.57,35.312,-116.52,35.328,0.045707,0.0
157.03,-116.52,35.328,-116.44,35.327,0.087662,0.0
157.04,-116.44,35.327,-116.41,35.343,0.023191,0.0
696.01,-121.02,40.229,-121.04,40.289,1.2724,-180.0
696.02,-121.04,40.289,-121.07,40.333,2.5314,-180.0
696.03,-121.07,40.333,-121.07,40.422,6.1232E-18,0.0
696.04,-121.07,40.422,-121.09,40.494,6.1232E-18,0.0
158.01,-116.67,35.28,-116.61,35.271,0.058763,0.0
158.02,-116.61,35.271,-116.51,35.229,0.082726,0.0
158.03,-116.51,35.229,-116.46,35.228,0.061202,0.0
697.01,-122.84,38.953,-122.97,38.917,6.2211E-9,-90.0
697.02,-122.97,38.917,-123.04,38.936,1.4383E-9,-90.0
159.01,-116.69,35.258,-116.64,35.226,5.1523E-9,-180.0
159.02,-116.64,35.226,-116.58,35.179,0.0065897,-180.0
694.01,-120.97,40.089,-121.04,40.115,0.044323,-180.0
694.02,-121.04,40.115,-121.08,40.152,0.018163,-180.0
144.01,-117.65,35.605,-117.81,35.811,0.73201,-180.0
144.02,-117.81,35.811,-117.88,35.907,0.67091,-180.0
144.03,-117.88,35.907,-117.91,35.934,0.62781,-180.0
145.01,-117.2,35.918,-117.26,35.863,1.0077,-90.0
145.02,-117.26,35.863,-117.25,35.805,0.99474,-90.0
145.03,-117.25,35.805,-117.26,35.79,1.0033,-90.0
145.04,-117.26,35.79,-117.24,35.755,0.98015,-90.0
145.05,-117.24,35.755,-117.23,35.749,0.99679,-90.0
145.06,-117.23,35.749,-117.22,35.681,0.96551,-90.0
145.07,-117.22,35.681,-117.25,35.642,1.0022,-90.0
695.01,-120.93,38.717,-121.21,38.992,6.1232E-18,0.0
695.02,-121.21,38.992,-121.27,39.07,6.1232E-18,0.0
695.03,-121.27,39.07,-121.32,39.187,6.1232E-18,0.0
695.04,-121.32,39.187,-121.35,39.239,6.1232E-18,0.0
695.05,-121.35,39.239,-121.43,39.394,6.1232E-18,0.0
695.06,-121.43,39.394,-121.46,39.532,6.1232E-18,0.0
146.01,-118.1,34.068,-118.13,34.061,1.8858,90.0
146.02,-118.13,34.061,-118.23,34.067,1.6939,90.0
146.03,-118.23,34.067,-118.3,34.113,1.8,90.0
693.01,-120.69,35.039,-120.74,35.104,7.9373E-12,90.0
693.02,-120.74,35.104,-120.81,35.14,1.2691E-11,90.0
693.03,-120.81,35.14,-120.89,35.191,1.6515E-11,90.0
690.01,-123.78,40.272,-123.87,40.342,0.14441,162.87
690.02,-123.87,40.342,-123.89,40.385,0.091466,165.23
690.03,-123.89,40.385,-124.11,40.476,0.2,135.0
690.04,-124.11,40.476,-124.25,40.516,0.19451,133.36
690.05,-124.25,40.516,-124.35,40.51,0.13957,90.0
690.06,-124.35,40.51,-124.45,40.586,0.14238,173.35
690.07,-124.45,40.586,-124.49,40.645,0.12553,180.0
690.08,-124.49,40.645,-124.56,40.683,0.1627,136.55
688.01,-121.4,41.199,-121.34,41.114,0.36072,-90.0
688.02,-121.34,41.114,-121.29,41.036,0.36469,-90.0
688.03,-121.29,41.036,-121.27,40.97,0.37725,-90.0
688.04,-121.27,40.97,-121.29,40.89,0.38012,-90.0
689.01,-121.64,40.984,-121.62,40.911,0.099477,-90.0
689.02,-121.62,40.911,-121.63,40.846,0.11397,-90.0
151.01,-120.99,37.103,-120.75,36.808,1.7403,90.0
653.01,-123.8,39.148,-123.82,39.203,15.75,-180.0
653.02,-123.82,39.203,-123.86,39.284,15.805,-180.0
653.03,-123.86,39.284,-123.87,39.329,15.158,-180.0
653.04,-123.87,39.329,-123.91,39.398,15.954,-180.0
653.05,-123.91,39.398,-123.93,39.48,15.444,-180.0
653.06,-123.93,39.48,-123.95,39.531,15.573,-180.0
653.07,-123.95,39.531,-123.96,39.642,14.875,-180.0
653.08,-123.96,39.642,-124.0,39.737,15.614,-180.0
653.09,-124.0,39.737,-124.02,39.834,15.233,-180.0
653.10,-124.02,39.834,-124.04,39.924,15.317,-180.0
653.11,-124.04,39.924,-124.09,40.011,15.76,-180.0
653.12,-124.09,40.011,-124.15,40.087,15.603,173.75
653.13,-124.15,40.087,-124.25,40.153,14.843,164.77
653.14,-124.25,40.153,-124.34,40.207,14.533,161.61
171.01,-115.71,33.345,-115.48,32.957,22.495,180.0
171.02,-115.48,32.957,-115.48,32.911,35.01,-180.0
171.03,-115.48,32.911,-115.49,32.841,35.043,-180.0
655.01,-122.0,37.175,-122.05,37.222,13.853,-180.0
655.02,-122.05,37.222,-122.12,37.279,13.853,-180.0
655.03,-122.12,37.279,-122.17,37.317,13.804,-180.0
655.04,-122.17,37.317,-122.2,37.352,13.804,-180.0
655.05,-122.2,37.352,-122.27,37.423,13.819,-180.0
655.06,-122.27,37.423,-122.36,37.515,13.765,-180.0
655.07,-122.36,37.515,-122.45,37.624,13.657,-180.0
655.08,-122.45,37.624,-122.5,37.678,13.804,-180.0
655.09,-122.5,37.678,-122.55,37.723,13.771,-180.0
655.10,-122.55,37.723,-122.62,37.831,13.488,-180.0
655.11,-122.62,37.831,-122.67,37.897,13.481,-180.0
169.01,-116.27,33.906,-116.11,33.9,0.2,0.0
169.02,-116.11,33.9,-116.01,33.913,0.2,0.0
169.03,-116.01,33.913,-115.94,33.909,0.2,0.0
169.04,-115.94,33.909,-115.83,33.911,0.2,0.0
169.05,-115.83,33.911,-115.67,33.92,0.2,0.0
169.06,-115.67,33.92,-115.56,33.93,0.2,0.0
169.07,-115.56,33.93,-115.41,33.941,0.2,0.0
654.01,-122.67,37.897,-122.7,37.935,15.849,-180.0
654.02,-122.7,37.935,-122.78,38.024,15.804,-180.0
654.03,-122.78,38.024,-122.85,38.098,15.84,-180.0
654.04,-122.85,38.098,-122.89,38.146,15.855,-180.0
654.05,-122.89,38.146,-122.97,38.226,15.861,-180.0
654.06,-122.97,38.226,-123.0,38.269,15.818,-180.0
654.07,-123.0,38.269,-123.08,38.367,15.842,-180.0
654.08,-123.08,38.367,-123.12,38.408,15.846,-180.0
654.09,-123.12,38.408,-123.22,38.5,15.791,-180.0
654.10,-123.22,38.5,-123.26,38.544,15.835,-180.0
654.11,-123.26,38.544,-123.31,38.591,15.836,-180.0
654.12,-123.31,38.591,-123.36,38.646,15.875,-180.0
654.13,-123.36,38.646,-123.43,38.716,15.887,-180.0
654.14,-123.43,38.716,-123.48,38.766,15.855,-180.0
654.15,-123.48,38.766,-123.52,38.808,15.939,-180.0
654.16,-123.52,38.808,-123.59,38.88,15.934,-180.0
654.17,-123.59,38.88,-123.69,39.001,16.004,-180.0
654.18,-123.69,39.001,-123.73,39.049,16.021,-180.0
654.19,-123.73,39.049,-123.8,39.148,16.025,-180.0
168.01,-116.3,34.085,-116.32,34.025,0.12006,-180.0
168.02,-116.32,34.025,-116.32,33.987,0.085039,-180.0
168.03,-116.32,33.987,-116.3,33.932,0.0883,-180.0
649.01,-122.24,36.988,-122.09,36.912,0.56194,-0.0
649.02,-122.09,36.912,-122.02,36.842,0.35689,-180.0
649.03,-122.02,36.842,-121.99,36.801,0.53481,-180.0
649.04,-121.99,36.801,-121.9,36.726,0.0097879,-0.0
649.05,-121.9,36.726,-121.81,36.696,0.78357,-0.0
649.06,-121.81,36.696,-121.76,36.674,0.60325,-0.0
649.07,-121.76,36.674,-121.69,36.647,0.71348,-0.0
649.08,-121.69,36.647,-121.63,36.581,0.2099,-180.0
649.09,-121.63,36.581,-121.57,36.563,0.8337,-0.0
649.10,-121.57,36.563,-121.51,36.486,0.31421,-180.0
649.11,-121.51,36.486,-121.46,36.437,0.19629,-180.0
649.12,-121.46,36.437,-121.36,36.359,0.13844,-0.0
649.13,-121.36,36.359,-121.31,36.267,0.53029,-180.0
649.14,-121.31,36.267,-121.25,36.209,0.13981,-180.0
175.01,-117.37,32.554,-117.41,32.636,3.8807,-180.0
175.02,-117.41,32.636,-117.49,32.689,3.488,-180.0
175.03,-117.49,32.689,-117.51,32.733,3.8965,-180.0
175.04,-117.51,32.733,-117.54,32.781,3.7593,-180.0
175.05,-117.54,32.781,-117.57,32.81,3.1831,-180.0
175.06,-117.57,32.81,-117.62,32.904,3.7892,-180.0
175.07,-117.62,32.904,-117.6,32.978,0.77318,90.0
175.08,-117.6,32.978,-117.61,33.055,0.77318,90.0
175.09,-117.61,33.055,-117.65,33.072,1.0035,90.0
175.10,-117.65,33.072,-117.68,33.158,0.76333,90.0
175.11,-117.68,33.158,-117.71,33.218,0.88405,90.0
175.12,-117.71,33.218,-117.75,33.244,1.0291,90.0
175.13,-117.75,33.244,-117.75,33.332,0.7081,90.0
175.14,-117.75,33.332,-117.78,33.411,0.90527,90.0
175.15,-117.78,33.411,-117.82,33.472,0.93695,90.0
175.16,-117.82,33.472,-117.82,33.509,0.90061,90.0
174.01,-117.64,32.504,-117.68,32.564,0.28563,90.0
174.02,-117.68,32.564,-117.7,32.616,0.29434,90.0
174.03,-117.7,32.616,-117.72,32.66,0.29414,90.0
174.04,-117.72,32.66,-117.74,32.697,0.29979,90.0
174.05,-117.74,32.697,-117.78,32.751,0.26459,90.0
174.06,-117.78,32.751,-117.82,32.792,0.31586,90.0
174.07,-117.82,32.792,-117.85,32.837,0.31127,90.0
174.08,-117.85,32.837,-117.9,32.898,0.25627,90.0
174.09,-117.9,32.898,-117.96,32.96,0.32971,90.0
174.10,-117.96,32.96,-118.01,33.015,0.36977,90.0
174.11,-118.01,33.015,-118.17,33.058,0.20009,90.0
648.01,-121.38,36.938,-121.34,36.894,0.52388,-180.0
648.02,-121.34,36.894,-121.3,36.856,0.49702,-180.0
648.03,-121.3,36.856,-121.26,36.81,0.50976,-180.0
648.04,-121.26,36.81,-121.21,36.755,0.54001,-180.0
651.01,-122.44,38.167,-122.49,38.207,9.0358,-180.0
651.02,-122.49,38.207,-122.54,38.27,8.6347,-180.0
651.03,-122.54,38.27,-122.64,38.363,8.6325,-180.0
651.04,-122.64,38.363,-122.67,38.409,8.5484,-180.0
651.05,-122.67,38.409,-122.71,38.468,8.3424,-180.0
651.06,-122.71,38.468,-122.76,38.523,8.6503,-180.0
651.07,-122.76,38.523,-122.87,38.638,9.1919,-180.0
651.08,-122.87,38.638,-123.0,38.763,9.1919,-180.0
173.01,-115.42,32.316,-115.47,32.278,0.31066,-90.0
173.02,-115.47,32.278,-115.48,32.242,0.37791,-90.0
173.03,-115.48,32.242,-115.47,32.204,0.3989,-90.0
173.04,-115.47,32.204,-115.36,32.135,0.47809,-90.0
173.05,-115.36,32.135,-115.34,32.091,0.39838,-90.0
173.06,-115.34,32.091,-115.33,32.05,0.39158,-90.0
650.01,-121.25,36.209,-121.16,36.127,0.10062,-180.0
650.02,-121.16,36.127,-121.13,36.09,0.23588,-180.0
650.03,-121.13,36.09,-121.07,36.028,0.098964,-180.0
650.04,-121.07,36.028,-121.0,35.933,0.3519,-180.0
650.05,-121.0,35.933,-120.97,35.887,0.27445,-180.0
650.06,-120.97,35.887,-120.9,35.812,0.23288,-180.0
650.07,-120.9,35.812,-120.82,35.727,0.14293,-180.0
650.08,-120.82,35.727,-120.78,35.687,0.092607,-180.0
650.09,-120.78,35.687,-120.72,35.644,0.039682,-0.0
650.10,-120.72,35.644,-120.67,35.573,0.29786,-180.0
650.11,-120.67,35.573,-120.64,35.515,0.34399,-180.0
650.12,-120.64,35.515,-120.62,35.464,0.48498,-180.0
650.13,-120.62,35.464,-120.59,35.414,0.36096,-180.0
650.14,-120.59,35.414,-120.56,35.374,0.28365,-180.0
650.15,-120.56,35.374,-120.49,35.302,0.19682,-180.0
172.01,-115.61,32.651,-115.38,32.467,34.624,-180.0
172.02,-115.38,32.467,-115.34,32.44,34.952,-180.0
172.03,-115.34,32.44,-115.29,32.405,34.934,-180.0
172.04,-115.29,32.405,-115.24,32.372,34.948,-180.0
172.05,-115.24,32.372,-115.16,32.314,27.104,-180.0
172.06,-115.16,32.314,-115.08,32.262,26.692,-180.0
172.07,-115.08,32.262,-115.01,32.209,26.692,-180.0
172.08,-115.01,32.209,-114.93,32.152,31.224,-180.0
163.01,-116.94,35.049,-116.77,35.146,0.025745,0.0
163.02,-116.77,35.146,-116.67,35.151,0.11654,0.0
163.03,-116.67,35.151,-116.55,35.146,0.13911,0.0
163.04,-116.55,35.146,-116.48,35.155,0.091697,0.0
163.05,-116.48,35.155,-116.41,35.163,0.090627,0.0
162.01,-116.78,34.925,-116.79,35.031,4.9812,-180.0
162.02,-116.79,35.031,-116.81,35.053,5.0401,-180.0
162.03,-116.81,35.053,-116.88,35.248,5.1924,-180.0
162.04,-116.88,35.248,-116.89,35.32,5.1036,-180.0
162.05,-116.89,35.32,-116.92,35.401,5.1391,-180.0
644.01,-122.65,38.5,-122.74,38.616,9.1566,-180.0
644.02,-122.74,38.616,-122.8,38.681,12.147,-180.0
644.03,-122.8,38.681,-122.96,38.816,12.065,-180.0
644.04,-122.96,38.816,-123.08,39.018,12.209,-180.0
644.05,-123.08,39.018,-123.2,39.2,12.239,-180.0
644.06,-123.2,39.2,-123.23,39.251,12.258,-180.0
644.07,-123.23,39.251,-123.26,39.294,12.214,-180.0
644.08,-123.26,39.294,-123.34,39.395,12.172,-180.0
644.09,-123.34,39.395,-123.38,39.436,12.224,-180.0
644.10,-123.38,39.436,-123.55,39.723,12.389,-180.0
644.11,-123.55,39.723,-123.67,39.846,12.249,-180.0
161.01,-116.36,35.244,-116.3,35.172,0.042919,-180.0
161.02,-116.3,35.172,-116.18,35.066,0.0072829,-180.0
647.01,-122.16,37.312,-122.22,37.35,0.16766,180.0
647.02,-122.22,37.35,-122.26,37.387,0.12639,180.0
647.03,-122.26,37.387,-122.34,37.449,0.2,180.0
647.04,-122.34,37.449,-122.39,37.523,0.15513,180.0
647.05,-122.39,37.523,-122.49,37.586,0.2,180.0
647.06,-122.49,37.586,-122.56,37.64,0.2,180.0
160.01,-116.74,35.225,-116.76,35.24,0.0067342,-180.0
160.02,-116.76,35.24,-116.77,35.257,0.019096,-180.0
160.03,-116.77,35.257,-116.8,35.314,0.06276,-180.0
160.04,-116.8,35.314,-116.82,35.332,0.011967,-180.0
160.05,-116.82,35.332,-116.83,35.363,0.034476,-180.0
160.06,-116.83,35.363,-116.84,35.395,0.039575,-180.0
160.07,-116.84,35.395,-116.86,35.418,0.014274,-180.0
160.08,-116.86,35.418,-116.9,35.426,3.8955E-9,-180.0
160.09,-116.9,35.426,-116.92,35.447,0.022015,-180.0
160.10,-116.92,35.447,-116.95,35.467,0.011711,-180.0
646.01,-122.31,37.477,-122.1,37.353,0.63283,90.0
646.02,-122.1,37.353,-122.07,37.313,0.60175,90.0
646.03,-122.07,37.313,-122.01,37.275,0.61962,90.0
646.04,-122.01,37.275,-121.96,37.243,0.61619,90.0
646.05,-121.96,37.243,-121.89,37.216,0.61841,90.0
646.06,-121.89,37.216,-121.76,37.194,0.81059,90.0
167.01,-116.38,34.715,-116.36,34.66,0.42695,-180.0
167.02,-116.36,34.66,-116.31,34.604,0.40653,-180.0
167.03,-116.31,34.604,-116.27,34.56,0.37416,-180.0
167.04,-116.27,34.56,-116.26,34.491,0.5184,-180.0
641.01,-119.95,35.061,-120.07,35.138,4.8731E-12,-180.0
641.02,-120.07,35.138,-120.14,35.194,3.2793E-10,-180.0
641.03,-120.14,35.194,-120.19,35.233,1.8054E-10,-180.0
641.04,-120.19,35.233,-120.25,35.261,2.0066E-10,-180.0
641.05,-120.25,35.261,-120.32,35.325,1.662E-11,-180.0
641.06,-120.32,35.325,-120.39,35.371,1.9597E-10,-180.0
641.07,-120.39,35.371,-120.44,35.405,1.1494E-10,-180.0
641.08,-120.44,35.405,-120.5,35.511,4.6748E-9,-180.0
640.01,-122.22,38.415,-122.25,38.466,3.5634,-180.0
640.02,-122.25,38.466,-122.24,38.555,3.5387,-180.0
640.03,-122.24,38.555,-122.3,38.623,3.3617,-180.0
640.04,-122.3,38.623,-122.34,38.658,2.988,-180.0
640.05,-122.34,38.658,-122.45,38.751,3.1277,-180.0
166.01,-116.25,34.96,-116.2,34.907,0.3362,-180.0
166.02,-116.2,34.907,-116.22,34.824,0.58467,-180.0
166.03,-116.22,34.824,-116.19,34.783,1.8697,-180.0
166.04,-116.19,34.783,-116.16,34.705,1.4705,-180.0
166.05,-116.16,34.705,-115.87,34.432,2.1388,-180.0
165.01,-116.66,34.932,-116.58,34.906,0.46469,0.0
165.02,-116.58,34.906,-116.47,34.893,0.51748,0.0
165.03,-116.47,34.893,-116.37,34.899,0.52889,0.0
165.04,-116.37,34.899,-116.31,34.898,0.45998,0.0
643.01,-121.92,37.976,-121.98,38.0,0.14376,90.0
643.02,-121.98,38.0,-122.04,38.065,0.051943,90.0
643.03,-122.04,38.065,-122.1,38.089,0.18697,90.0
642.01,-121.68,37.691,-121.81,37.608,0.70711,0.0
164.01,-116.76,34.926,-116.54,34.981,0.19488,0.0
164.02,-116.54,34.981,-116.37,35.024,0.2,0.0
164.03,-116.37,35.024,-116.3,35.038,0.077633,0.0
164.04,-116.3,35.038,-116.23,35.014,0.062201,0.0
164.05,-116.23,35.014,-116.14,35.01,0.091346,0.0
186.01,-117.74,33.838,-117.82,33.825,0.23079,90.0
186.02,-117.82,33.825,-117.89,33.844,0.24966,90.0
668.01,-122.5,38.997,-122.6,39.09,6.6975,-180.0
668.02,-122.6,39.09,-122.65,39.152,6.8416,-180.0
668.03,-122.65,39.152,-122.76,39.216,6.1572,-180.0
668.04,-122.76,39.216,-122.87,39.35,6.8132,-180.0
668.05,-122.87,39.35,-122.92,39.398,6.6913,-180.0
668.06,-122.92,39.398,-122.96,39.466,6.7761,-180.0
668.07,-122.96,39.466,-123.05,39.583,6.8267,-180.0
668.08,-123.05,39.583,-123.12,39.65,6.7371,-180.0
668.09,-123.12,39.65,-123.22,39.703,6.3333,-180.0
668.10,-123.22,39.703,-123.27,39.748,6.6749,-180.0
668.11,-123.27,39.748,-123.29,39.805,6.1614,-180.0
668.12,-123.29,39.805,-123.34,39.9,6.522,-180.0
668.13,-123.34,39.9,-123.4,39.963,6.7733,-180.0
668.14,-123.4,39.963,-123.44,40.03,6.5691,-180.0
668.15,-123.44,40.03,-123.42,40.077,3.968,-180.0
668.16,-123.42,40.077,-123.45,40.171,5.9462,-180.0
668.17,-123.45,40.171,-123.49,40.207,7.0003,-180.0
669.01,-122.6,40.216,-122.52,40.261,2.7374,138.35
669.02,-122.52,40.261,-122.47,40.287,2.947,143.76
669.03,-122.47,40.287,-122.39,40.32,3.0454,145.17
669.04,-122.39,40.32,-122.33,40.346,3.2472,148.06
669.05,-122.33,40.346,-122.2,40.389,3.2472,148.06
669.06,-122.2,40.389,-121.85,40.465,3.6117,152.64
187.01,-119.72,34.975,-119.76,34.994,3.9643E-10,90.0
187.02,-119.76,34.994,-119.81,35.029,2.3515E-10,90.0
187.03,-119.81,35.029,-119.85,35.089,0.0018734,90.0
187.04,-119.85,35.089,-119.92,35.163,2.5269E-10,90.0
670.01,-120.76,34.984,-120.7,34.959,0.24398,90.0
670.02,-120.7,34.959,-120.61,34.93,0.23361,90.0
670.03,-120.61,34.93,-120.49,34.86,0.23795,90.0
670.04,-120.49,34.86,-120.4,34.844,0.22261,90.0
670.05,-120.4,34.844,-120.34,34.759,0.25216,90.0
184.01,-118.06,33.681,-118.13,33.726,1.0113,90.0
184.02,-118.13,33.726,-118.18,33.743,0.79658,90.0
184.03,-118.18,33.743,-118.23,33.76,0.786,90.0
184.04,-118.23,33.76,-118.27,33.782,0.83775,90.0
184.05,-118.27,33.782,-118.31,33.801,0.81649,90.0
184.06,-118.31,33.801,-118.36,33.818,0.84379,90.0
184.07,-118.36,33.818,-118.44,33.846,0.85914,90.0
184.08,-118.44,33.846,-118.5,33.873,0.85924,90.0
184.09,-118.5,33.873,-118.55,33.901,0.89824,90.0
184.10,-118.55,33.901,-118.59,33.934,0.95433,90.0
184.11,-118.59,33.934,-118.61,33.966,1.0422,90.0
184.12,-118.61,33.966,-118.63,34.001,1.0601,90.0
185.01,-118.79,33.767,-118.92,33.873,0.0038335,90.0
671.01,-120.01,34.786,-120.1,34.834,2.1156E-10,-180.0
671.02,-120.1,34.834,-120.16,34.935,0.005826,-180.0
671.03,-120.16,34.935,-120.21,34.983,6.5076E-8,-180.0
671.04,-120.21,34.983,-120.27,35.064,6.106E-9,-180.0
671.05,-120.27,35.064,-120.32,35.137,3.356E-6,-180.0
671.06,-120.32,35.137,-120.39,35.25,2.4068E-7,-180.0
671.07,-120.39,35.25,-120.49,35.301,0.078484,-0.0
664.01,-121.63,37.174,-121.7,37.217,0.2,-180.0
664.02,-121.7,37.217,-121.75,37.272,0.2,-180.0
664.03,-121.75,37.272,-121.9,37.364,0.2,-180.0
664.04,-121.9,37.364,-121.94,37.421,0.2,-180.0
664.05,-121.94,37.421,-121.96,37.502,0.16923,-180.0
665.01,-122.48,38.507,-122.38,38.372,2.9224,-180.0
665.02,-122.38,38.372,-122.32,38.308,2.9224,-180.0
665.03,-122.32,38.308,-122.28,38.217,5.6098,-180.0
665.04,-122.28,38.217,-122.24,38.164,5.7249,-180.0
191.01,-119.01,34.82,-119.05,34.788,0.35987,23.14
191.02,-119.05,34.788,-119.18,34.735,0.27699,-115.84
191.03,-119.18,34.735,-119.23,34.744,0.43381,30.768
666.01,-122.84,37.916,-122.92,37.947,0.2,90.0
666.02,-122.92,37.947,-122.94,37.962,0.12402,90.0
666.03,-122.94,37.962,-123.03,37.971,0.2,90.0
666.04,-123.03,37.971,-123.17,38.094,0.2,90.0
666.05,-123.17,38.094,-123.23,38.184,0.11088,90.0
666.06,-123.23,38.184,-123.28,38.312,5.6676E-7,90.0
188.01,-119.49,34.943,-119.55,34.95,2.7311E-10,90.0
188.02,-119.55,34.95,-119.59,34.959,1.494E-10,90.0
188.03,-119.59,34.959,-119.67,34.982,1.0049E-10,90.0
189.01,-120.35,35.249,-120.23,35.195,0.10281,-0.0
189.02,-120.23,35.195,-120.17,35.164,0.084556,-0.0
189.03,-120.17,35.164,-120.11,35.117,0.018,-0.0
189.04,-120.11,35.117,-120.04,35.074,0.027956,-0.0
189.05,-120.04,35.074,-119.99,35.017,0.076193,-180.0
189.06,-119.99,35.017,-119.91,34.96,0.0018182,-0.0
189.07,-119.91,34.96,-119.87,34.939,0.041153,-0.0
189.08,-119.87,34.939,-119.82,34.933,0.13407,-0.0
189.09,-119.82,34.933,-119.75,34.918,0.11452,-0.0
189.10,-119.75,34.918,-119.68,34.88,0.044754,-0.0
189.11,-119.68,34.88,-119.6,34.862,1.5428E-9,90.0
667.01,-121.25,40.491,-121.23,40.385,2.1439,-133.45
667.02,-121.23,40.385,-121.16,40.289,2.1637,-135.82
667.03,-121.16,40.289,-121.15,40.242,2.1698,-134.5
667.04,-121.15,40.242,-121.13,40.201,2.181,-135.28
660.01,-122.7,37.939,-122.68,37.896,2.1792,-180.0
660.02,-122.68,37.896,-122.66,37.851,2.1792,-180.0
660.03,-122.66,37.851,-122.63,37.785,2.1778,-180.0
660.04,-122.63,37.785,-122.57,37.658,2.1696,-180.0
660.05,-122.57,37.658,-122.54,37.595,2.1693,-180.0
660.06,-122.54,37.595,-122.51,37.523,2.1592,-180.0
660.07,-122.51,37.523,-122.44,37.424,2.1834,-180.0
660.08,-122.44,37.424,-122.42,37.378,2.1738,-180.0
660.09,-122.42,37.378,-122.37,37.255,2.1489,-180.0
660.10,-122.37,37.255,-122.32,37.164,2.1888,-180.0
660.11,-122.32,37.164,-122.27,37.088,2.1893,-180.0
660.12,-122.27,37.088,-122.24,36.988,2.079,-180.0
660.13,-122.24,36.988,-122.2,36.922,1.3189,-180.0
660.14,-122.2,36.922,-122.18,36.859,1.1396,-180.0
178.01,-117.38,31.995,-117.45,32.039,2.8356,-180.0
178.02,-117.45,32.039,-117.5,32.063,2.389,-180.0
178.03,-117.5,32.063,-117.56,32.108,3.1002,-180.0
178.04,-117.56,32.108,-117.6,32.126,2.1615,-180.0
178.05,-117.6,32.126,-117.66,32.174,3.034,-180.0
178.06,-117.66,32.174,-117.69,32.204,3.2985,-180.0
178.07,-117.69,32.204,-117.74,32.233,2.8721,-180.0
178.08,-117.74,32.233,-117.77,32.262,2.9964,-180.0
178.09,-117.77,32.262,-117.83,32.311,3.1466,-180.0
178.10,-117.83,32.311,-117.88,32.356,3.17,-180.0
178.11,-117.88,32.356,-117.91,32.393,3.2348,-180.0
178.12,-117.91,32.393,-117.95,32.478,3.4934,-180.0
178.13,-117.95,32.478,-118.0,32.544,3.4537,-180.0
178.14,-118.0,32.544,-118.05,32.583,3.093,-180.0
178.15,-118.05,32.583,-118.08,32.641,3.4497,-180.0
178.16,-118.08,32.641,-118.16,32.704,3.0917,-180.0
178.17,-118.16,32.704,-118.23,32.741,2.9132,-180.0
178.18,-118.23,32.741,-118.27,32.77,3.0904,-180.0
178.19,-118.27,32.77,-118.33,32.836,3.2738,-180.0
178.20,-118.33,32.836,-118.37,32.889,3.3718,-180.0
178.21,-118.37,32.889,-118.4,32.917,3.2044,-180.0
178.22,-118.4,32.917,-118.45,32.948,2.9254,-180.0
178.23,-118.45,32.948,-118.48,32.984,3.3197,-180.0
178.24,-118.48,32.984,-118.52,33.037,3.328,-180.0
178.25,-118.52,33.037,-118.57,33.077,3.2608,-180.0
178.26,-118.57,33.077,-118.63,33.134,3.2607,-180.0
178.27,-118.63,33.134,-118.67,33.168,3.2352,-180.0
178.28,-118.67,33.168,-118.72,33.215,3.2326,-180.0
178.29,-118.72,33.215,-118.8,33.288,3.234,-180.0
661.01,-121.7,36.155,-121.77,36.248,1.6069,-180.0
661.02,-121.77,36.248,-121.88,36.338,1.9985,-180.0
661.03,-121.88,36.338,-121.95,36.415,1.7278,-180.0
661.04,-121.95,36.415,-122.01,36.545,1.1886,-180.0
661.05,-122.01,36.545,-122.04,36.594,1.2838,-180.0
661.06,-122.04,36.594,-122.06,36.644,1.1776,-180.0
661.07,-122.06,36.644,-122.08,36.69,0.99452,-180.0
661.08,-122.08,36.69,-122.13,36.765,1.3797,-180.0
661.09,-122.13,36.765,-122.15,36.81,1.2782,-180.0
661.10,-122.15,36.81,-122.18,36.859,1.1783,-180.0
179.01,-117.41,32.4,-117.47,32.487,1.926,-180.0
179.02,-117.47,32.487,-117.54,32.602,1.9581,-180.0
179.03,-117.54,32.602,-117.6,32.683,1.9748,-180.0
179.04,-117.6,32.683,-117.63,32.734,1.9483,-180.0
179.05,-117.63,32.734,-117.7,32.828,1.9798,-180.0
179.06,-117.7,32.828,-117.77,32.933,1.9845,-180.0
179.07,-117.77,32.933,-117.83,32.974,2.0081,-180.0
179.08,-117.83,32.974,-117.86,33.002,2.0031,-180.0
179.09,-117.86,33.002,-117.89,33.032,1.9867,-180.0
179.10,-117.89,33.032,-117.96,33.112,1.9819,-180.0
179.11,-117.96,33.112,-118.02,33.164,2.0167,-180.0
179.12,-118.02,33.164,-118.09,33.189,1.9851,-180.0
179.13,-118.09,33.189,-118.16,33.201,2.0042,-180.0
662.01,-121.95,37.139,-121.85,37.108,3.0954,-180.0
662.02,-121.85,37.108,-121.78,37.08,3.0927,-180.0
662.03,-121.78,37.08,-121.68,37.01,3.2036,-180.0
662.04,-121.68,37.01,-121.63,36.98,3.1016,-180.0
662.05,-121.63,36.98,-121.52,36.913,3.2016,-180.0
662.06,-121.52,36.913,-121.41,36.871,3.1066,-180.0
176.01,-117.47,32.834,-117.44,32.947,0.27187,90.0
176.02,-117.44,32.947,-117.45,33.012,0.10728,90.0
176.03,-117.45,33.012,-117.49,33.05,0.24216,90.0
176.04,-117.49,33.05,-117.56,33.053,0.060307,90.0
177.01,-117.43,32.447,-117.35,32.318,1.883,-180.0
177.02,-117.35,32.318,-117.33,32.264,1.9622,-180.0
177.03,-117.33,32.264,-117.24,32.167,1.944,-180.0
177.04,-117.24,32.167,-117.21,32.14,1.9879,-180.0
177.05,-117.21,32.14,-117.17,32.068,1.9676,-180.0
177.06,-117.17,32.068,-117.11,32.021,1.9857,-180.0
177.07,-117.11,32.021,-117.08,31.981,1.9854,-180.0
177.08,-117.08,31.981,-117.03,31.872,1.9609,-180.0
177.09,-117.03,31.872,-117.0,31.825,3.6704,-180.0
177.10,-117.0,31.825,-116.97,31.798,3.0278,-180.0
177.11,-116.97,31.798,-116.9,31.753,2.8209,-180.0
177.12,-116.9,31.753,-116.8,31.684,2.9519,-180.0
177.13,-116.8,31.684,-116.77,31.654,3.4914,-180.0
177.14,-116.77,31.654,-116.71,31.602,3.0245,-180.0
177.15,-116.71,31.602,-116.64,31.579,1.8753,-180.0
177.16,-116.64,31.579,-116.53,31.578,0.36805,-180.0
177.17,-116.53,31.578,-116.45,31.569,0.86599,-180.0
177.18,-116.45,31.569,-116.39,31.552,1.6398,-180.0
177.19,-116.39,31.552,-116.32,31.525,1.9892,-180.0
183.01,-118.47,33.736,-118.51,33.768,0.011353,90.0
183.02,-118.51,33.768,-118.6,33.8,3.7819E-7,90.0
183.03,-118.6,33.8,-118.66,33.849,0.080316,90.0
183.04,-118.66,33.849,-118.69,33.881,0.11696,90.0
657.01,-122.0,37.175,-121.98,37.158,13.853,-180.0
657.02,-121.98,37.158,-121.89,37.094,13.853,-180.0
657.03,-121.89,37.094,-121.82,37.058,13.602,-180.0
657.04,-121.82,37.058,-121.76,37.023,13.827,-180.0
657.05,-121.76,37.023,-121.73,36.987,13.827,-180.0
657.06,-121.73,36.987,-121.66,36.933,13.828,-180.0
657.07,-121.66,36.933,-121.62,36.905,13.776,-180.0
657.08,-121.62,36.905,-121.52,36.835,13.809,-180.0
657.09,-121.52,36.835,-121.48,36.804,13.816,-180.0
180.01,-118.34,33.247,-118.52,33.299,3.2607,-180.0
180.02,-118.52,33.299,-118.65,33.358,0.64369,-180.0
180.03,-118.65,33.358,-118.73,33.414,0.64369,-180.0
180.04,-118.73,33.414,-118.8,33.498,0.73481,-180.0
180.05,-118.8,33.498,-118.85,33.526,0.68918,-180.0
180.06,-118.85,33.526,-118.86,33.562,3.093,-180.0
180.07,-118.86,33.562,-119.01,33.65,3.2274,-180.0
180.08,-119.01,33.65,-119.05,33.684,3.335,-180.0
180.09,-119.05,33.684,-119.09,33.714,3.3021,-180.0
180.10,-119.09,33.714,-119.13,33.746,3.3212,-180.0
180.11,-119.13,33.746,-119.2,33.789,3.272,-180.0
180.12,-119.2,33.789,-119.28,33.842,3.3012,-180.0
180.13,-119.28,33.842,-119.36,33.891,3.2581,-180.0
180.14,-119.36,33.891,-119.49,33.985,3.3058,-180.0
658.01,-120.56,36.003,-120.67,36.105,28.347,-180.0
658.02,-120.67,36.105,-120.74,36.163,28.347,-180.0
658.03,-120.74,36.163,-120.83,36.243,28.347,-180.0
658.04,-120.83,36.243,-120.89,36.305,28.347,-180.0
658.05,-120.89,36.305,-121.0,36.416,28.357,-180.0
658.06,-121.0,36.416,-121.09,36.501,28.357,-180.0
658.07,-121.09,36.501,-121.17,36.574,28.126,-180.0
658.08,-121.17,36.574,-121.21,36.611,13.729,-180.0
658.09,-121.21,36.611,-121.31,36.693,13.723,-180.0
658.10,-121.31,36.693,-121.37,36.739,13.784,-180.0
658.11,-121.37,36.739,-121.48,36.804,13.784,-180.0
181.01,-118.33,33.472,-118.38,33.503,1.0543,-180.0
181.02,-118.38,33.503,-118.47,33.578,1.1177,-180.0
181.03,-118.47,33.578,-118.5,33.64,1.0997,-180.0
181.04,-118.5,33.64,-118.58,33.73,1.0798,-180.0
181.05,-118.58,33.73,-118.66,33.808,1.0278,-180.0
181.06,-118.66,33.808,-118.7,33.856,1.0031,-180.0
181.07,-118.7,33.856,-118.72,33.902,1.0305,-180.0
181.08,-118.72,33.902,-118.8,33.941,0.9146,-180.0
205.01,-117.8,33.871,-117.87,33.865,3.5897E-10,90.0
204.01,-117.41,34.145,-117.45,34.105,0.39395,0.0
204.02,-117.45,34.105,-117.49,34.075,0.3892,0.0
204.03,-117.49,34.075,-117.52,34.041,0.38415,0.0
204.04,-117.52,34.041,-117.58,33.986,0.36853,0.0
207.01,-118.44,35.475,-118.31,35.883,1.9732E-4,0.0
207.02,-118.31,35.883,-118.31,35.967,0.025085,0.0
207.03,-118.31,35.967,-118.34,36.0,0.0087073,0.0
206.01,-117.89,33.858,-117.72,33.931,6.1232E-18,0.0
201.01,-119.92,35.802,-119.87,35.744,2.4328,151.17
201.02,-119.87,35.744,-119.81,35.686,2.4076,152.25
201.03,-119.81,35.686,-119.76,35.628,2.3833,153.35
201.04,-119.76,35.628,-119.7,35.57,2.36,154.47
200.01,-119.43,34.665,-119.52,34.673,1.0711E-10,90.0
200.02,-119.52,34.673,-119.56,34.669,4.7568E-10,90.0
200.03,-119.56,34.669,-119.62,34.67,1.8743E-10,90.0
203.01,-119.96,34.316,-119.87,34.312,2.9348,90.0
203.02,-119.87,34.312,-119.79,34.294,2.9458,90.0
203.03,-119.79,34.294,-119.74,34.262,3.0293,90.0
203.04,-119.74,34.262,-119.68,34.252,0.019656,90.0
202.01,-119.29,34.397,-119.13,34.428,0.30101,90.0
202.02,-119.13,34.428,-119.08,34.435,0.37381,90.0
197.01,-117.95,33.778,-117.98,33.806,6.1232E-18,0.0
197.02,-117.98,33.806,-118.03,33.843,6.1232E-18,0.0
197.03,-118.03,33.843,-118.07,33.878,6.1232E-18,0.0
196.01,-117.95,33.853,-118.13,33.969,0.04561,90.0
196.02,-118.13,33.969,-118.33,34.055,2.8654E-10,90.0
199.01,-118.32,34.093,-118.35,34.084,0.036104,90.0
198.01,-118.31,34.059,-118.4,34.069,6.1232E-18,0.0
193.01,-118.79,34.619,-118.84,34.622,5.3309,-56.73
193.02,-118.84,34.622,-118.89,34.617,4.9382,-68.898
193.03,-118.89,34.617,-118.97,34.58,1.3474E-10,90.0
193.04,-118.97,34.58,-119.13,34.577,2.8039E-10,90.0
193.05,-119.13,34.577,-119.26,34.604,4.1429E-7,90.0
193.06,-119.26,34.604,-119.34,34.623,2.5001E-7,90.0
193.07,-119.34,34.623,-119.37,34.65,0.0033743,90.0
193.08,-119.37,34.65,-119.43,34.665,7.3788E-9,90.0
192.01,-119.36,34.668,-119.3,34.687,0.16644,-125.92
192.02,-119.3,34.687,-119.26,34.709,0.19385,-137.16
192.03,-119.26,34.709,-119.21,34.723,0.20792,-118.31
192.04,-119.21,34.723,-119.12,34.71,2.9064E-9,90.0
741.01,-123.82,40.762,-123.82,40.851,0.98951,90.0
741.02,-123.82,40.851,-123.85,40.933,0.95191,90.0
741.03,-123.85,40.933,-123.94,40.999,0.93719,90.0
741.04,-123.94,40.999,-124.01,41.103,0.87207,90.0
741.05,-124.01,41.103,-124.08,41.144,1.0013,90.0
741.06,-124.08,41.144,-124.14,41.223,7.2712,132.98
741.07,-124.14,41.223,-124.22,41.349,8.054,136.35
741.08,-124.22,41.349,-124.25,41.404,8.751,137.85
741.09,-124.25,41.404,-124.27,41.468,8.751,137.85
741.10,-124.27,41.468,-124.36,41.559,8.8511,118.85
741.11,-124.36,41.559,-124.43,41.656,9.5789,124.41
741.12,-124.43,41.656,-124.46,41.898,10.865,142.12
741.13,-124.46,41.898,-124.51,41.946,10.821,108.25
741.14,-124.51,41.946,-124.59,41.996,11.103,90.076
741.15,-124.59,41.996,-124.64,42.051,11.722,110.94
741.16,-124.64,42.051,-124.68,42.144,12.6,128.66
741.17,-124.68,42.144,-124.71,42.252,13.224,131.04
741.18,-124.71,42.252,-124.75,42.335,13.479,121.7
194.01,-116.78,33.939,-116.86,33.947,1.7472,90.0
194.02,-116.86,33.947,-116.91,33.929,1.6101,90.0
194.03,-116.91,33.929,-116.98,33.977,2.0853,90.0
194.04,-116.98,33.977,-117.07,33.985,1.6727,90.0
222.01,-118.55,34.02,-118.65,33.992,1.0601,90.0
222.02,-118.65,33.992,-118.74,33.973,4.5711,52.652
222.03,-118.74,33.973,-118.82,33.958,4.372,51.164
222.04,-118.82,33.958,-118.94,33.947,3.9764,57.506
222.05,-118.94,33.947,-119.02,33.97,3.4111,88.033
222.06,-119.02,33.97,-119.14,33.975,3.2531,66.689
222.07,-119.14,33.975,-119.23,33.939,0.19137,0.0
761.01,-122.44,38.133,-122.51,38.201,0.44814,-180.0
761.02,-122.51,38.201,-122.58,38.243,0.4242,-180.0
761.03,-122.58,38.243,-122.74,38.293,0.39217,-180.0
761.04,-122.74,38.293,-123.0,38.392,0.42882,-180.0
223.01,-118.53,34.029,-118.62,34.037,0.28443,39.483
223.02,-118.62,34.037,-118.68,34.039,0.29772,40.679
223.03,-118.68,34.039,-118.73,34.032,0.25969,38.253
223.04,-118.73,34.032,-118.8,34.033,0.27019,45.789
223.05,-118.8,34.033,-118.93,34.046,0.28261,52.202
216.01,-119.43,34.319,-119.48,34.301,1.5754,57.22
216.02,-119.48,34.301,-119.51,34.297,1.5158,53.087
216.03,-119.51,34.297,-119.56,34.3,1.5158,53.087
216.04,-119.56,34.3,-119.6,34.298,1.5158,53.087
216.05,-119.6,34.298,-119.64,34.294,1.8591,90.0
216.06,-119.64,34.294,-119.72,34.311,1.8004,90.0
216.07,-119.72,34.311,-119.79,34.334,1.8004,90.0
216.08,-119.79,34.334,-119.91,34.354,1.8483,90.0
216.09,-119.91,34.354,-119.93,34.391,1.8925,90.0
217.01,-119.59,34.292,-119.69,34.302,1.8004,90.0
217.02,-119.69,34.302,-119.72,34.311,1.8004,90.0
217.03,-119.72,34.311,-119.74,34.317,1.8004,90.0
217.04,-119.74,34.317,-119.84,34.335,1.8483,90.0
217.05,-119.84,34.335,-119.9,34.343,1.8925,90.0
217.06,-119.9,34.343,-119.95,34.369,1.8925,90.0
218.01,-119.68,34.252,-119.61,34.261,1.2502E-5,90.0
218.02,-119.61,34.261,-119.52,34.25,1.5158,53.087
218.03,-119.52,34.25,-119.43,34.234,1.5754,57.22
218.04,-119.43,34.234,-119.35,34.231,1.6587,58.384
218.05,-119.35,34.231,-119.27,34.252,1.5596,57.545
214.01,-120.01,34.288,-119.96,34.293,6.3113E-10,90.0
214.02,-119.96,34.293,-119.86,34.272,0.001161,90.0
214.03,-119.86,34.272,-119.78,34.223,0.029193,90.0
214.04,-119.78,34.223,-119.74,34.193,0.019656,90.0
214.05,-119.74,34.193,-119.69,34.183,0.0048758,90.0
214.06,-119.69,34.183,-119.58,34.158,1.2502E-5,90.0
214.07,-119.58,34.158,-119.54,34.132,0.0093309,90.0
214.08,-119.54,34.132,-119.45,34.1,0.0081015,90.0
214.09,-119.45,34.1,-119.41,34.069,0.0097874,90.0
208.01,-120.69,34.605,-120.69,34.663,0.76474,-180.0
208.02,-120.69,34.663,-120.69,34.707,0.83009,-180.0
208.03,-120.69,34.707,-120.73,34.795,1.387,-180.0
208.04,-120.73,34.795,-120.75,34.855,1.0944,-180.0
209.01,-118.0,35.768,-118.11,35.672,1.5701,4.9936
210.01,-117.99,36.219,-118.04,36.293,2.4878,168.15
210.02,-118.04,36.293,-118.03,36.352,0.3,-90.0
210.03,-118.03,36.352,-118.03,36.408,0.3,-90.0
210.04,-118.03,36.408,-118.09,36.502,0.3,-90.0
211.01,-118.45,34.229,-118.51,34.248,0.25401,90.0
211.02,-118.51,34.248,-118.57,34.26,0.32135,90.0
211.03,-118.57,34.26,-118.66,34.302,0.2,90.0
211.04,-118.66,34.302,-118.71,34.301,0.40865,90.0
239.01,-117.75,34.033,-117.71,33.972,3.1849,-153.89
239.02,-117.71,33.972,-117.63,33.886,3.4081,-163.45
239.03,-117.63,33.886,-117.57,33.824,2.8811,148.08
237.01,-117.59,33.829,-117.64,33.851,2.8811,148.08
237.02,-117.64,33.851,-117.72,33.873,2.6855,149.82
237.03,-117.72,33.873,-117.79,33.907,2.7505,148.07
237.04,-117.79,33.907,-117.85,33.93,2.7601,149.81
237.05,-117.85,33.93,-117.99,33.971,2.4389,153.36
237.06,-117.99,33.971,-118.05,33.995,2.7599,150.74
234.01,-117.92,33.606,-117.99,33.678,1.8917,-180.0
234.02,-117.99,33.678,-118.03,33.695,2.0354,-180.0
234.03,-118.03,33.695,-118.09,33.751,1.9365,-180.0
234.04,-118.09,33.751,-118.2,33.82,2.0091,-180.0
234.05,-118.2,33.82,-118.22,33.85,1.9886,-180.0
234.06,-118.22,33.85,-118.25,33.872,1.8434,-180.0
234.07,-118.25,33.872,-118.28,33.913,1.8856,-180.0
234.08,-118.28,33.913,-118.33,33.957,1.8378,-180.0
234.09,-118.33,33.957,-118.39,34.043,1.6891,-180.0
719.01,-121.87,42.477,-121.79,42.343,0.41339,-90.0
719.02,-121.79,42.343,-121.74,42.282,0.39343,-90.0
719.03,-121.74,42.282,-121.65,42.085,0.43018,-90.0
719.04,-121.65,42.085,-121.6,42.035,0.38939,-90.0
233.01,-118.66,33.822,-118.6,33.809,0.080316,90.0
233.02,-118.6,33.809,-118.54,33.796,3.7819E-7,90.0
233.03,-118.54,33.796,-118.48,33.801,3.6739E-17,0.0
233.04,-118.48,33.801,-118.39,33.795,3.6739E-17,0.0
231.01,-118.35,34.314,-118.4,34.33,1.4721,90.0
231.02,-118.4,34.33,-118.49,34.328,1.4463,90.0
231.03,-118.49,34.328,-118.55,34.302,5.9867,29.336
231.04,-118.55,34.302,-118.61,34.31,6.0005,28.852
231.05,-118.61,34.31,-118.68,34.355,5.996,29.473
231.06,-118.68,34.355,-118.73,34.344,6.0557,29.887
231.07,-118.73,34.344,-118.77,34.372,6.0557,29.887
705.01,-120.25,40.891,-120.36,40.983,1.2201,-180.0
705.02,-120.36,40.983,-120.43,41.062,1.1213,-180.0
705.03,-120.43,41.062,-120.5,41.116,1.2234,-180.0
705.04,-120.5,41.116,-120.54,41.169,1.1499,-180.0
705.05,-120.54,41.169,-120.6,41.213,1.204,-180.0
705.06,-120.6,41.213,-120.64,41.26,1.1182,-180.0
705.07,-120.64,41.26,-120.73,41.331,1.221,-180.0
705.08,-120.73,41.331,-120.83,41.397,1.2543,-180.0
705.09,-120.83,41.397,-120.91,41.461,1.2251,-180.0
705.10,-120.91,41.461,-120.96,41.502,1.2269,-169.6
230.01,-118.75,34.43,-118.69,34.428,0.34689,90.0
230.02,-118.69,34.428,-118.66,34.409,0.44107,90.0
704.01,-120.01,39.974,-120.07,40.006,2.4784,-180.0
704.02,-120.07,40.006,-120.14,40.066,2.4414,-180.0
704.03,-120.14,40.066,-120.26,40.158,2.4588,-180.0
704.04,-120.26,40.158,-120.45,40.232,2.4206,-180.0
704.05,-120.45,40.232,-120.49,40.285,2.3745,-180.0
704.06,-120.49,40.285,-120.66,40.324,2.475,-180.0
229.01,-118.75,34.439,-118.67,34.45,0.25058,90.0
229.02,-118.67,34.45,-118.57,34.434,0.37357,90.0
707.01,-119.11,37.943,-119.18,38.034,3.0627,-147.22
707.02,-119.18,38.034,-119.18,38.102,2.5404,-116.48
709.01,-120.32,34.918,-120.35,34.999,0.40943,128.02
709.02,-120.35,34.999,-120.41,35.088,0.24719,124.9
709.03,-120.41,35.088,-120.46,35.121,0.27258,121.25
709.04,-120.46,35.121,-120.53,35.21,0.27295,121.21
709.05,-120.53,35.21,-120.65,35.342,0.255,123.68
709.06,-120.65,35.342,-120.81,35.45,0.2,135.0
709.07,-120.81,35.45,-120.87,35.504,0.2,135.0
709.08,-120.87,35.504,-120.93,35.571,0.2,135.0
709.09,-120.93,35.571,-121.0,35.59,0.33778,125.62
709.10,-121.0,35.59,-121.06,35.625,0.23928,133.88
709.11,-121.06,35.625,-121.15,35.659,0.32044,116.19
709.12,-121.15,35.659,-121.22,35.684,0.33493,121.09
708.01,-120.04,41.166,-120.14,41.316,0.72104,-90.0
708.02,-120.14,41.316,-120.15,41.412,0.70028,-90.0
708.03,-120.15,41.412,-120.2,41.503,0.70431,-90.0
708.04,-120.2,41.503,-120.18,41.583,0.69278,-90.0
708.05,-120.18,41.583,-120.23,41.671,0.70166,-90.0
708.06,-120.23,41.671,-120.2,41.716,0.693,-90.0
708.07,-120.2,41.716,-120.18,41.767,0.69186,-90.0
708.08,-120.18,41.767,-120.16,41.908,0.68104,-90.0
225.01,-118.28,34.109,-118.39,34.072,0.036104,90.0
225.02,-118.39,34.072,-118.43,34.05,3.2509,-0.0
225.03,-118.43,34.05,-118.46,34.033,2.7962,-0.0
225.04,-118.46,34.033,-118.47,34.042,2.7962,-0.0
225.05,-118.47,34.042,-118.5,34.036,3.1017,-0.0
225.06,-118.5,34.036,-118.54,34.03,2.1131,-0.0
225.07,-118.54,34.03,-118.55,34.02,0.99402,30.768
710.01,-120.71,35.171,-120.8,35.175,0.084274,-180.0
710.02,-120.8,35.175,-120.89,35.193,0.073799,-180.0
224.01,-118.93,34.048,-118.99,34.053,0.25977,36.51
224.02,-118.99,34.053,-119.09,34.059,0.26571,32.289
224.03,-119.09,34.059,-119.18,34.066,0.32037,24.134
224.04,-119.18,34.066,-119.24,34.07,0.33374,25.05
224.05,-119.24,34.07,-119.31,34.068,0.34712,20.042
254.01,-118.47,35.384,-118.11,35.672,1.5212,-0.0
255.01,-116.85,33.376,-116.8,33.327,1.9386,-180.0
255.02,-116.8,33.327,-116.7,33.265,1.8748,-180.0
255.03,-116.7,33.265,-116.67,33.237,1.9736,-180.0
255.04,-116.67,33.237,-116.61,33.203,1.9394,-180.0
255.05,-116.61,33.203,-116.59,33.181,1.9766,-180.0
253.01,-119.01,35.028,-118.81,35.146,0.97382,-0.0
253.02,-118.81,35.146,-118.78,35.178,2.1739,-0.0
253.03,-118.78,35.178,-118.73,35.21,1.4356,-0.0
253.04,-118.73,35.21,-118.67,35.232,0.0061096,-0.0
253.05,-118.67,35.232,-118.6,35.267,0.60586,-0.0
253.06,-118.6,35.267,-118.54,35.32,1.5731,-0.0
253.07,-118.54,35.32,-118.49,35.371,1.8618,-0.0
253.08,-118.49,35.371,-118.47,35.384,1.5272,-0.0
250.01,-116.57,34.004,-116.62,34.019,0.99729,-180.0
250.02,-116.62,34.019,-116.7,34.039,0.93356,-180.0
250.03,-116.7,34.039,-116.74,34.049,0.99481,-180.0
250.04,-116.74,34.049,-116.84,34.046,0.88024,-180.0
250.05,-116.84,34.046,-116.9,34.026,0.98273,-180.0
248.01,-117.63,34.263,-117.68,34.235,0.069314,-180.0
248.02,-117.68,34.235,-117.74,34.243,9.8893E-12,-180.0
248.03,-117.74,34.243,-117.89,34.257,7.4312E-11,-180.0
248.04,-117.89,34.257,-117.94,34.249,0.068859,-180.0
248.05,-117.94,34.249,-118.03,34.246,0.078081,-180.0
248.06,-118.03,34.246,-118.09,34.253,0.0018082,-180.0
248.07,-118.09,34.253,-118.14,34.265,6.3717E-10,-180.0
248.08,-118.14,34.265,-118.21,34.287,6.8556E-10,-180.0
248.09,-118.21,34.287,-118.25,34.301,7.1425E-10,-180.0
248.10,-118.25,34.301,-118.28,34.318,3.8998E-11,-180.0
249.01,-116.59,33.181,-116.56,33.163,1.9821,-180.0
249.02,-116.56,33.163,-116.53,33.137,1.9684,-180.0
249.03,-116.53,33.137,-116.5,33.111,1.9796,-180.0
249.04,-116.5,33.111,-116.41,33.072,1.9543,-180.0
720.01,-121.72,42.019,-121.79,42.092,0.40966,-90.0
720.02,-121.79,42.092,-121.83,42.124,0.40368,-90.0
720.03,-121.83,42.124,-121.82,42.259,0.3989,-90.0
720.04,-121.82,42.259,-121.89,42.325,0.3934,-90.0
720.05,-121.89,42.325,-121.96,42.438,0.39164,-90.0
246.01,-116.4,35.602,-116.44,35.632,2.1037,-180.0
246.02,-116.44,35.632,-116.46,35.667,2.4302,-180.0
246.03,-116.46,35.667,-116.62,35.841,2.3196,-180.0
246.04,-116.62,35.841,-116.66,35.875,2.1379,-180.0
246.05,-116.66,35.875,-116.69,35.892,2.0101,-180.0
247.01,-118.28,34.318,-118.3,34.331,0.98092,90.0
247.02,-118.3,34.331,-118.43,34.37,0.85684,90.0
247.03,-118.43,34.37,-118.49,34.395,0.4532,16.893
247.04,-118.49,34.395,-118.56,34.436,0.45744,35.052
247.05,-118.56,34.436,-118.64,34.514,0.48289,64.399
247.06,-118.64,34.514,-118.7,34.561,0.61182,67.21
247.07,-118.7,34.561,-118.77,34.62,0.74498,64.597
247.08,-118.77,34.62,-118.82,34.662,6.7879,163.72
247.09,-118.82,34.662,-118.88,34.714,6.6696,162.92
721.01,-119.81,38.669,-119.82,38.782,2.1352,-139.56
721.02,-119.82,38.782,-119.8,38.814,1.7392,-99.511
721.03,-119.8,38.814,-119.8,38.857,2.1134,-139.34
721.04,-119.8,38.857,-119.84,38.886,2.6331,-171.83
721.05,-119.84,38.886,-119.84,38.9,2.6331,-171.83
721.06,-119.84,38.9,-119.84,38.912,2.6331,-171.83
721.07,-119.84,38.912,-119.85,38.931,2.0208,-134.41
721.08,-119.85,38.931,-119.84,38.954,2.0208,-134.41
721.09,-119.84,38.954,-119.84,38.972,2.0208,-134.41
721.10,-119.84,38.972,-119.83,38.981,2.0208,-134.41
721.11,-119.83,38.981,-119.83,38.99,2.0208,-134.41
721.12,-119.83,38.99,-119.85,38.996,2.0208,-134.41
721.13,-119.85,38.996,-119.85,39.007,2.0208,-134.41
721.14,-119.85,39.007,-119.84,39.027,2.4877,-162.84
721.15,-119.84,39.027,-119.83,39.044,2.4877,-162.84
721.16,-119.83,39.044,-119.84,39.061,2.4877,-162.84
721.17,-119.84,39.061,-119.85,39.085,2.0892,-139.9
721.18,-119.85,39.085,-119.86,39.097,2.4761,-162.47
721.19,-119.86,39.097,-119.86,39.113,2.1195,-142.01
244.01,-116.9,35.612,-116.94,35.64,2.9967,-150.35
244.02,-116.94,35.64,-116.98,35.66,2.9974,-150.27
244.03,-116.98,35.66,-117.05,35.683,2.993,-150.58
244.04,-117.05,35.683,-117.09,35.711,4.0548,-180.0
244.05,-117.09,35.711,-117.12,35.754,4.0029,-180.0
244.06,-117.12,35.754,-117.17,35.861,3.7857,-180.0
244.07,-117.17,35.861,-117.17,35.89,3.2834,-180.0
244.08,-117.17,35.89,-117.19,35.921,3.8516,-180.0
244.09,-117.19,35.921,-117.21,36.008,3.6435,-180.0
244.10,-117.21,36.008,-117.22,36.038,3.3903,-180.0
244.11,-117.22,36.038,-117.2,36.071,1.375,-180.0
244.12,-117.2,36.071,-117.22,36.207,3.3967,-180.0
244.13,-117.22,36.207,-117.26,36.27,3.9463,-180.0
244.14,-117.26,36.27,-117.32,36.307,3.9467,-180.0
244.15,-117.32,36.307,-117.41,36.44,3.9466,-180.0
722.01,-119.47,38.47,-119.47,38.501,1.0253,-90.0
722.02,-119.47,38.501,-119.5,38.547,1.0145,-90.0
722.03,-119.5,38.547,-119.52,38.578,1.015,-90.0
722.04,-119.52,38.578,-119.53,38.583,0.99421,-90.0
722.05,-119.53,38.583,-119.52,38.596,1.009,-90.0
722.06,-119.52,38.596,-119.53,38.624,1.0163,-90.0
722.07,-119.53,38.624,-119.53,38.646,1.0153,-90.0
722.08,-119.53,38.646,-119.55,38.669,1.0046,-90.0
722.09,-119.55,38.669,-119.56,38.715,1.0258,-90.0
722.10,-119.56,38.715,-119.57,38.736,1.0078,-90.0
722.11,-119.57,38.736,-119.59,38.781,1.0264,-90.0
722.12,-119.59,38.781,-119.6,38.793,1.003,-90.0
722.13,-119.6,38.793,-119.6,38.809,1.0111,-90.0
722.14,-119.6,38.809,-119.62,38.842,1.0126,-90.0
245.01,-116.88,36.54,-116.85,36.424,2.4899,178.55
245.02,-116.85,36.424,-116.79,36.359,2.3739,169.47
245.03,-116.79,36.359,-116.79,36.34,2.4789,-177.16
245.04,-116.79,36.34,-116.77,36.3,2.4472,173.94
245.05,-116.77,36.3,-116.76,36.262,2.4359,-173.1
245.06,-116.76,36.262,-116.76,36.144,2.459,-174.62
245.07,-116.76,36.144,-116.72,36.094,2.4175,171.68
245.08,-116.72,36.094,-116.76,36.049,1.9196,-151.37
245.09,-116.76,36.049,-116.72,35.991,2.4454,173.15
245.10,-116.72,35.991,-116.69,35.892,2.4962,179.97
723.01,-116.31,34.16,-116.33,34.185,0.43416,-180.0
723.02,-116.33,34.185,-116.33,34.211,0.44716,-180.0
723.03,-116.33,34.211,-116.37,34.237,0.39337,-180.0
723.04,-116.37,34.237,-116.4,34.287,0.47281,-180.0
723.05,-116.4,34.287,-116.41,34.311,0.45442,-180.0
723.06,-116.41,34.311,-116.43,34.321,0.37944,-180.0
723.07,-116.43,34.321,-116.45,34.364,0.49216,-180.0
723.08,-116.45,34.364,-116.5,34.442,2.3659,-180.0
723.09,-116.5,34.442,-116.53,34.49,2.4102,-180.0
723.10,-116.53,34.49,-116.54,34.521,2.1947,-180.0
242.01,-118.02,33.931,-118.08,33.916,0.04561,90.0
242.02,-118.08,33.916,-118.14,33.907,0.59918,90.0
724.01,-116.58,34.582,-116.67,34.648,0.56169,-180.0
724.02,-116.67,34.648,-116.73,34.699,2.4211,-180.0
724.03,-116.73,34.699,-116.81,34.752,2.3603,-180.0
724.04,-116.81,34.752,-116.86,34.783,2.2944,-180.0
724.05,-116.86,34.783,-116.88,34.831,2.5393,-180.0
724.06,-116.88,34.831,-116.92,34.871,2.5081,-180.0
243.01,-117.87,33.898,-117.92,33.871,3.5897E-10,90.0
243.02,-117.92,33.871,-117.97,33.874,0.42101,90.0
243.03,-117.97,33.874,-118.04,33.893,0.04561,90.0
241.01,-118.13,33.969,-118.2,33.958,0.59918,90.0
241.02,-118.2,33.958,-118.33,34.033,2.8654E-10,90.0
283.01,-117.22,34.15,-117.07,34.093,11.351689,-180.0
283.02,-117.07,34.093,-117.01,34.074,13.184249,-180.0
283.03,-117.01,34.074,-116.9,34.034,13.0164795,-180.0
283.04,-116.9,34.034,-116.87,34.011,12.8786955,-180.0
283.05,-116.87,34.011,-116.82,33.959,13.0132,-180.0
282.01,-117.55,34.316,-117.45,34.271,8.6032,-180.0
282.02,-117.45,34.271,-117.39,34.233,8.4723,-180.0
282.03,-117.39,34.233,-117.27,34.173,8.5466,-180.0
282.04,-117.27,34.173,-117.22,34.15,15.0856,-180.0
287.01,-119.4,34.944,-119.36,34.916,22.806,-180.0
287.02,-119.36,34.916,-119.21,34.864,20.695,-180.0
287.03,-119.21,34.864,-119.03,34.829,18.694,-180.0
287.04,-119.03,34.829,-118.89,34.808,17.939,-180.0
286.01,-118.89,34.808,-118.89,34.807,3.981,-0.0
286.02,-118.89,34.807,-118.77,34.773,18.346,-180.0
286.03,-118.77,34.773,-118.51,34.698,18.359,-180.0
285.01,-119.87,35.314,-119.97,35.414,28.35,-180.0
285.02,-119.97,35.414,-120.09,35.533,28.352,-180.0
285.03,-120.09,35.533,-120.3,35.752,28.349,-180.0
284.01,-116.25,33.788,-116.38,33.849,21.2691,180.0
284.02,-116.38,33.849,-116.43,33.848,21.2,180.0
284.03,-116.43,33.848,-116.52,33.885,21.179953,180.0
284.04,-116.52,33.885,-116.58,33.907,21.411097,180.0
284.05,-116.58,33.907,-116.62,33.918,21.00222,180.0
284.06,-116.62,33.918,-116.69,33.944,19.633,180.0
284.07,-116.69,33.944,-116.78,33.937,9.146232,180.0
284.08,-116.78,33.937,-116.8,33.953,7.3294,180.0
256.01,-116.41,33.072,-116.38,33.059,1.9892,-180.0
256.02,-116.38,33.059,-116.32,33.038,1.9864,-180.0
289.01,-117.24,34.017,-117.22,34.007,9.2162,-180.0
289.02,-117.22,34.007,-117.09,33.905,9.3863,-180.0
292.01,-116.51,33.49,-116.39,33.417,6.0,-180.0
292.02,-116.39,33.417,-116.34,33.396,6.0,-180.0
292.03,-116.34,33.396,-116.3,33.384,6.0,-180.0
292.04,-116.3,33.384,-116.21,33.315,4.0,-180.0
292.05,-116.21,33.315,-116.15,33.285,3.0,-180.0
292.06,-116.15,33.285,-116.1,33.256,3.0005,-180.0
293.01,-116.91,33.736,-116.84,33.697,9.0669,-180.0
293.02,-116.84,33.697,-116.55,33.511,9.1945,-180.0
293.03,-116.55,33.511,-116.51,33.49,9.1945,-180.0
294.01,-117.27,34.172,-117.22,34.15,2.0,-180.0
294.02,-117.22,34.15,-117.14,34.134,2.0,-180.0
294.03,-117.14,34.134,-117.08,34.117,2.0,-180.0
294.04,-117.08,34.117,-117.0,34.098,2.0,-180.0
294.05,-117.0,34.098,-116.94,34.084,2.0,-180.0
294.06,-116.94,34.084,-116.84,34.075,2.0,165.8
294.07,-116.84,34.075,-116.75,34.063,2.0,166.19
294.08,-116.75,34.063,-116.65,34.034,2.0,149.66
294.09,-116.65,34.034,-116.56,34.003,2.0,-180.0
294.10,-116.56,34.003,-116.52,33.972,2.0,-180.0
294.11,-116.52,33.972,-116.47,33.933,2.0,-180.0
294.12,-116.47,33.933,-116.42,33.906,2.0,-180.0
294.13,-116.42,33.906,-116.32,33.844,2.0,-180.0
294.14,-116.32,33.844,-116.25,33.788,2.0,-180.0
295.01,-116.25,33.788,-115.71,33.35,19.51,-180.0
296.01,-117.59,33.829,-117.55,33.813,3.539,-180.0
296.02,-117.55,33.813,-117.46,33.745,3.4443,-180.0
296.03,-117.46,33.745,-117.45,33.732,3.4785,-180.0
296.04,-117.45,33.732,-117.42,33.719,3.5541,-180.0
296.05,-117.42,33.719,-117.4,33.705,4.9779,-180.0
296.06,-117.4,33.705,-117.37,33.685,3.542,-180.0
780.01,-120.09,34.639,-119.92,34.594,0.40875,90.0
780.02,-119.92,34.594,-119.87,34.556,0.41408,90.0
781.01,-120.67,34.655,-120.55,34.635,0.43238,38.069
781.02,-120.55,34.635,-120.41,34.648,0.47405,29.222
781.03,-120.41,34.648,-120.33,34.65,0.43714,35.975
781.04,-120.33,34.65,-120.24,34.613,0.43862,40.171
781.05,-120.24,34.613,-120.11,34.58,0.47412,38.675
781.06,-120.11,34.58,-120.02,34.582,0.44992,31.228
781.07,-120.02,34.582,-119.9,34.551,0.50133,34.451
299.01,-117.28,33.612,-117.2,33.559,3.5217,-180.0
299.02,-117.2,33.559,-117.17,33.529,3.3607,-180.0
299.03,-117.17,33.529,-117.14,33.498,3.2952,-180.0
299.04,-117.14,33.498,-117.05,33.423,3.4267,-180.0
299.05,-117.05,33.423,-117.03,33.391,3.0441,-180.0
299.06,-117.03,33.391,-117.02,33.37,3.083,-180.0
299.07,-117.02,33.37,-117.01,33.341,2.2239,-180.0
778.01,-118.5,34.324,-118.45,34.327,5.8653,90.0
778.02,-118.45,34.327,-118.42,34.302,6.0318,90.0
300.01,-119.87,35.314,-119.71,35.161,28.348,-180.0
300.02,-119.71,35.161,-119.56,35.047,28.082,-180.0
300.03,-119.56,35.047,-119.47,34.988,27.814,-180.0
300.04,-119.47,34.988,-119.4,34.944,27.634,-180.0
301.01,-118.51,34.698,-118.1,34.548,18.486,-180.0
301.02,-118.1,34.548,-117.75,34.403,18.497,-180.0
301.03,-117.75,34.403,-117.55,34.316,18.502,-180.0
779.01,-118.42,34.261,-118.46,34.279,1.1358,90.0
779.02,-118.46,34.279,-118.56,34.274,1.2058,90.0
881.01,-115.92,34.922,-116.11,35.207,1.7458,-180.0
881.02,-116.11,35.207,-116.2,35.328,1.8264,-180.0
881.03,-116.2,35.328,-116.25,35.518,1.3218,-180.0
881.04,-116.25,35.518,-116.32,35.566,2.0591,-180.0
881.05,-116.32,35.566,-116.38,35.59,2.1588,-180.0
341.01,-118.02,35.283,-117.75,35.423,6.27,-0.0
341.02,-117.75,35.423,-117.49,35.497,3.9307,-0.0
341.03,-117.49,35.497,-117.16,35.568,3.6911,-0.0
341.04,-117.16,35.568,-117.01,35.602,3.7282,-0.0
341.05,-117.01,35.602,-116.88,35.598,0.66292,-0.0
883.01,-115.86,34.253,-115.9,34.327,0.10546,-180.0
883.02,-115.9,34.327,-115.96,34.382,0.053752,-180.0
883.03,-115.96,34.382,-115.97,34.409,0.065543,-180.0
882.01,-116.0,34.305,-116.03,34.348,0.15929,-180.0
882.02,-116.03,34.348,-116.04,34.382,0.17583,-180.0
882.03,-116.04,34.382,-116.06,34.417,0.17628,-180.0
882.04,-116.06,34.417,-116.1,34.44,0.077023,-180.0
882.05,-116.1,34.44,-116.15,34.483,0.1623,-180.0
882.06,-116.15,34.483,-116.2,34.514,0.094414,-180.0
882.07,-116.2,34.514,-116.25,34.561,0.17179,-180.0
885.01,-115.63,34.139,-115.74,34.24,2.2053,-180.0
884.01,-115.73,34.184,-115.77,34.222,2.2053,-180.0
884.02,-115.77,34.222,-115.82,34.315,1.8484,-180.0
884.03,-115.82,34.315,-115.85,34.374,1.8484,-180.0
884.04,-115.85,34.374,-115.88,34.411,1.8484,-180.0
887.01,-117.45,37.025,-117.48,36.931,0.074777,-90.0
887.02,-117.48,36.931,-117.49,36.87,0.052196,-90.0
887.03,-117.49,36.87,-117.48,36.801,0.042146,-90.0
887.04,-117.48,36.801,-117.54,36.732,0.059529,-90.0
887.05,-117.54,36.732,-117.54,36.711,0.023552,-90.0
886.01,-117.11,36.592,-117.21,36.549,0.0055813,-90.0
886.02,-117.21,36.549,-117.21,36.489,0.044855,-90.0
886.03,-117.21,36.489,-117.24,36.434,0.049316,-90.0
886.04,-117.24,36.434,-117.25,36.425,0.010119,-90.0
886.05,-117.25,36.425,-117.27,36.392,0.03372,-90.0
886.06,-117.27,36.392,-117.26,36.304,0.04904,-90.0
886.07,-117.26,36.304,-117.22,36.259,0.0015152,-90.0
886.08,-117.22,36.259,-117.23,36.239,0.024912,-90.0
889.01,-120.25,39.358,-120.11,39.469,0.11503,0.0
889.02,-120.11,39.469,-120.03,39.565,0.11413,0.0
888.01,-117.6,37.027,-117.61,37.009,0.022014,-90.0
888.02,-117.61,37.009,-117.61,36.993,0.019013,-90.0
888.03,-117.61,36.993,-117.65,36.916,0.064162,-90.0
888.04,-117.65,36.916,-117.67,36.834,0.071483,-90.0
888.05,-117.67,36.834,-117.75,36.803,0.0065421,-90.0
891.01,-118.34,37.193,-118.38,37.234,3.0056,-90.0
891.02,-118.38,37.234,-118.37,37.257,3.0164,-90.0
891.03,-118.37,37.257,-118.41,37.319,3.0174,-90.0
891.04,-118.41,37.319,-118.41,37.333,3.0108,-90.0
890.01,-120.01,39.6,-120.08,39.755,0.046003,-90.0
890.02,-120.08,39.755,-120.06,39.883,0.045917,-90.0
890.03,-120.06,39.883,-120.02,39.932,0.016915,-90.0
893.01,-120.4,41.645,-120.39,41.578,0.0064614,-90.0
893.02,-120.39,41.578,-120.44,41.494,1.396E-11,-90.0
893.03,-120.44,41.494,-120.44,41.422,0.0013198,-90.0
893.04,-120.44,41.422,-120.44,41.334,1.8105E-4,-90.0
893.05,-120.44,41.334,-120.45,41.243,2.8485E-11,-90.0
892.01,-120.25,41.046,-120.3,41.178,0.030983,-90.0
892.02,-120.3,41.178,-120.34,41.227,0.0218,-90.0
892.03,-120.34,41.227,-120.31,41.28,0.010011,-90.0
892.04,-120.31,41.28,-120.33,41.305,0.014929,-90.0
892.05,-120.33,41.305,-120.31,41.358,0.0093809,-90.0
894.01,-120.36,41.886,-120.37,41.788,0.3862,-90.0
894.02,-120.37,41.788,-120.3,41.623,0.38872,-90.0
321.01,-120.01,38.748,-120.02,38.815,2.5442,-175.8
321.02,-120.02,38.815,-120.06,38.885,2.5527,177.62
321.03,-120.06,38.885,-120.07,38.966,2.5258,-171.41
321.04,-120.07,38.966,-120.09,39.0,2.5742,-176.31
321.05,-120.09,39.0,-120.11,39.098,2.5342,-168.53
321.06,-120.11,39.098,-120.09,39.183,2.357,-153.83
321.07,-120.09,39.183,-120.1,39.21,2.6974,-177.46
321.08,-120.1,39.21,-120.11,39.234,2.5848,-164.72
321.09,-120.11,39.234,-120.12,39.262,2.6775,-171.29
381.01,-122.05,38.528,-122.03,38.44,0.5944,107.15
381.02,-122.03,38.44,-121.95,38.287,0.5944,107.15
383.01,-121.88,38.624,-121.91,38.712,0.61385,90.0
383.02,-121.91,38.712,-122.03,38.832,0.64286,90.0
382.01,-121.65,38.166,-121.65,37.995,0.33718,90.0
382.02,-121.65,37.995,-121.64,37.866,0.37339,90.0
861.01,-117.75,35.741,-117.76,35.817,0.43296,-90.0
861.02,-117.76,35.817,-117.78,35.913,0.44645,-90.0
861.03,-117.78,35.913,-117.76,35.994,0.45285,-90.0
861.04,-117.76,35.994,-117.76,36.032,0.41448,-90.0
861.05,-117.76,36.032,-117.77,36.044,0.3932,-90.0
861.06,-117.77,36.044,-117.76,36.066,0.40906,-90.0
861.07,-117.76,36.066,-117.77,36.09,0.40353,-90.0
861.08,-117.77,36.09,-117.75,36.158,0.44121,-90.0
842.01,-124.12,40.341,-124.21,40.437,0.055845,90.0
842.02,-124.21,40.437,-124.4,40.459,0.2,90.0
842.03,-124.4,40.459,-124.56,40.524,0.17849,90.0
842.04,-124.56,40.524,-124.7,40.6,0.14031,90.0
843.01,-122.59,37.682,-122.71,37.812,0.2,90.0
843.02,-122.71,37.812,-122.84,37.916,0.2,90.0
841.01,-119.71,34.887,-119.62,34.83,0.049705,-0.0
841.02,-119.62,34.83,-119.58,34.812,0.058453,-0.0
841.03,-119.58,34.812,-119.51,34.799,0.062105,-0.0
841.04,-119.51,34.799,-119.45,34.765,0.075754,-0.0
841.05,-119.45,34.765,-119.34,34.674,0.088669,-0.0
844.01,-121.96,37.976,-121.88,37.914,0.56542,-180.0
844.02,-121.88,37.914,-121.85,37.861,0.50914,-180.0
845.01,-117.46,36.394,-117.44,36.336,0.34887,-180.0
845.02,-117.44,36.336,-117.43,36.313,0.32627,-180.0
845.03,-117.43,36.313,-117.42,36.283,0.31926,-180.0
845.04,-117.42,36.283,-117.42,36.254,0.30724,-180.0
845.05,-117.42,36.254,-117.41,36.229,0.32812,-180.0
845.06,-117.41,36.229,-117.38,36.165,0.35893,-180.0
845.07,-117.38,36.165,-117.34,36.105,0.37018,-180.0
845.08,-117.34,36.105,-117.33,36.051,0.33051,-180.0
845.09,-117.33,36.051,-117.29,35.977,0.36865,-180.0
402.01,-117.37,33.685,-117.28,33.612,3.5644,-180.0
401.01,-117.09,33.905,-116.91,33.736,9.0669,-180.0
921.01,-121.05,37.004,-121.13,37.091,1.7063,-180.0
921.02,-121.13,37.091,-121.16,37.145,1.6107,-180.0
921.03,-121.16,37.145,-121.22,37.188,3.4285,128.73
921.04,-121.22,37.188,-121.27,37.25,3.5023,136.82
921.05,-121.27,37.25,-121.3,37.297,3.5023,136.82
901.01,-117.5,34.247,-117.44,34.18,2.4985,-180.0
901.02,-117.44,34.18,-117.33,34.101,2.497,-180.0
