-70.9,20.1,0.00057264495194331
-70.8,20.1,0.000597613061167029
-70.7,20.1,0.00064930108328824
-70.6,20.1,0.000639419531329095
-70.9,20,0.00073287230372907
-70.8,20,0.000806596491405779
-70.7,20,0.000804777048854428
-70.6,20,0.000803620190060643
-70.5,20,0.00083179320784021
-70.4,20,0.000866508105040875
-70.3,20,0.000862890518357899
-70.2,20,0.000856962034064329
-70.9,19.9,0.000949604358069399
-70.8,19.9,0.000957829821636589
-70.7,19.9,0.000967086077933559
-70.6,19.9,0.000986891465438099
-70.5,19.9,0.00102619472338114
-70.4,19.9,0.00102948471380838
-70.3,19.9,0.00102475578116798
-70.2,19.9,0.00102342207971079
-70.1,19.9,0.00101751310770607
-70,19.9,0.000960343301476104
-69.9,19.9,0.000913341956672178
-65.7,19.9,0.00102977790711277
-65.6,19.9,0.00102616953189641
-65.5,19.9,0.000987865125752283
-70.9,19.8,0.00110762524872977
-70.8,19.8,0.00111402564475027
-70.7,19.8,0.00113562898459605
-70.6,19.8,0.00116753551469262
-70.5,19.8,0.00120014421573191
-70.4,19.8,0.00119487043893836
-70.3,19.8,0.00120001242436119
-70.2,19.8,0.00119632500150828
-70.1,19.8,0.0011708178870988
-70,19.8,0.00111583801305558
-69.9,19.8,0.00103709965864813
-69.8,19.8,0.000967312553597207
-69.7,19.8,0.000851257716425577
-69.6,19.8,0.000747575822439403
-66.2,19.8,0.00103818223953403
-66.1,19.8,0.00105019256631825
-66,19.8,0.00108640450668964
-65.9,19.8,0.00109708937650296
-65.8,19.8,0.00109437301782453
-65.7,19.8,0.00108916508966442
-65.6,19.8,0.0011042097511424
-65.5,19.8,0.00107572866537388
-65.4,19.8,0.00108786613216308
-65.3,19.8,0.00115501371820984
-65.2,19.8,0.00124186278094458
-65.1,19.8,0.00133389865529445
-65,19.8,0.00142513242081371
-64.9,19.8,0.00145223361763936
-64.8,19.8,0.0015284239448857
-64.7,19.8,0.00156445955783092
-64.6,19.8,0.00150292655325864
-64.5,19.8,0.00137306616833167
-64.4,19.8,0.00117036588964824
-64.3,19.8,0.000980250683520936
-64.2,19.8,0.000808327986703873
-64.1,19.8,0.000650703611233155
-64,19.8,0.000519382611337652
-63.9,19.8,0.000415945875910976
-63.8,19.8,0.000356353938546197
-63.7,19.8,0.000324024373218572
-70.9,19.7,0.00126366572556366
-70.8,19.7,0.0012829849613856
-70.7,19.7,0.00132735659909265
-70.6,19.7,0.00135885400732028
-70.5,19.7,0.00135852477522846
-70.4,19.7,0.0013771029355362
-70.3,19.7,0.00137553048480041
-70.2,19.7,0.00135531519492663
-70.1,19.7,0.00130989329316
-70,19.7,0.00126194676069579
-69.9,19.7,0.00116456731059979
-69.8,19.7,0.00106042371021739
-69.7,19.7,0.000917323040051164
-69.6,19.7,0.000807450344783694
-69.5,19.7,0.000709230576423119
-69.4,19.7,0.000630068766362019
-69.3,19.7,0.000556005668700975
-67,19.7,0.00108123803710323
-66.9,19.7,0.0010057409937237
-66.8,19.7,0.00095434593101881
-66.7,19.7,0.000917220389095011
-66.6,19.7,0.00091481249004008
-66.5,19.7,0.000908432141978907
-66.4,19.7,0.000979930004061044
-66.3,19.7,0.0010348935345012
-66.2,19.7,0.00107992257804986
-66.1,19.7,0.0011105176742888
-66,19.7,0.00112659402555322
-65.9,19.7,0.00114045123640593
-65.8,19.7,0.00114930281698877
-65.7,19.7,0.00116982518804653
-65.6,19.7,0.0011691996145244
-65.5,19.7,0.00118731033154319
-65.4,19.7,0.00119706776533361
-65.3,19.7,0.00127111655539592
-65.2,19.7,0.00139321332814067
-65.1,19.7,0.00151274243939946
-65,19.7,0.0016082184843202
-64.9,19.7,0.00169511336531471
-64.8,19.7,0.00176270353902833
-64.7,19.7,0.0017847921350355
-64.6,19.7,0.00171743121139435
-64.5,19.7,0.0015737154424143
-64.4,19.7,0.00140026811637439
-64.3,19.7,0.00115984116677938
-64.2,19.7,0.000924504980382329
-64.1,19.7,0.000749088876785946
-64,19.7,0.000608074161647043
-63.9,19.7,0.00050030220451962
-63.8,19.7,0.000415559569206157
-63.7,19.7,0.00037340484019115
-63.6,19.7,0.000371884901672035
-63.5,19.7,0.000392725797364337
-63.4,19.7,0.000428022492991826
-63.3,19.7,0.000442015014453238
-63.2,19.7,0.000445590787981762
-63.1,19.7,0.000439572297563761
-70.9,19.6,0.00141734178594604
-70.8,19.6,0.0014505013347237
-70.7,19.6,0.00148610935980047
-70.6,19.6,0.00152176832780575
-70.5,19.6,0.00154519909932773
-70.4,19.6,0.00155200132029929
-70.3,19.6,0.00153259430305847
-70.2,19.6,0.00149871725109426
-70.1,19.6,0.0014411604999063
-70,19.6,0.00137090885054512
-69.9,19.6,0.0012820445073793
-69.8,19.6,0.00115229842173369
-69.7,19.6,0.00100645371958796
-69.6,19.6,0.000866795220698447
-69.5,19.6,0.000757946569327705
-69.4,19.6,0.000682426258902577
-69.3,19.6,0.000616404094921075
-69.2,19.6,0.000569628540126093
-69.1,19.6,0.000530246692320221
-69,19.6,0.000565990449220117
-68,19.6,0.00136581771571979
-67.9,19.6,0.00137559832125142
-67.8,19.6,0.00136753480130635
-67.7,19.6,0.00137908062954783
-67.6,19.6,0.00133875838739867
-67.5,19.6,0.00138600230859646
-67.4,19.6,0.00139241118769899
-67.3,19.6,0.00138496809241713
-67.2,19.6,0.00136469112263949
-67.1,19.6,0.00127997462612952
-67,19.6,0.00120864706587349
-66.9,19.6,0.00115999642601484
-66.8,19.6,0.00107510512265232
-66.7,19.6,0.000996639283802408
-66.6,19.6,0.000993747520785423
-66.5,19.6,0.00102719220216664
-66.4,19.6,0.00103263283231764
-66.3,19.6,0.00108498512213766
-66.2,19.6,0.0011193664988221
-66.1,19.6,0.00114984753438283
-66,19.6,0.00115648938847878
-65.9,19.6,0.00115194187942756
-65.8,19.6,0.00118451097566563
-65.7,19.6,0.00119926724781152
-65.6,19.6,0.00121153284601288
-65.5,19.6,0.00127612119241391
-65.4,19.6,0.00134166672874127
-65.3,19.6,0.00148327696288769
-65.2,19.6,0.00161573393480118
-65.1,19.6,0.00176599653079777
-65,19.6,0.00189381026570725
-64.9,19.6,0.00198611531153184
-64.8,19.6,0.00202430447970647
-64.7,19.6,0.00201155512781022
-64.6,19.6,0.00192764669598759
-64.5,19.6,0.00178695334909152
-64.4,19.6,0.00159421001315586
-64.3,19.6,0.00135380521037174
-64.2,19.6,0.00107536470110929
-64.1,19.6,0.00085915744631666
-64,19.6,0.000705947004457353
-63.9,19.6,0.000575305222572872
-63.8,19.6,0.000471217241051609
-63.7,19.6,0.000437875577684069
-63.6,19.6,0.000425761609753789
-63.5,19.6,0.00042711991676031
-63.4,19.6,0.000440231004509907
-63.3,19.6,0.000453387282655071
-63.2,19.6,0.000462086949018073
-63.1,19.6,0.00046143472081623
-63,19.6,0.000457462587371267
-62.9,19.6,0.000429285666385705
-62.8,19.6,0.000380124848280412
-70.9,19.5,0.00156021297421443
-70.8,19.5,0.00160991443755296
-70.7,19.5,0.0016366749609809
-70.6,19.5,0.00165513805907124
-70.5,19.5,0.00169579512061021
-70.4,19.5,0.00170136740996611
-70.3,19.5,0.00167747565270963
-70.2,19.5,0.00162986510204288
-70.1,19.5,0.00156658706217141
-70,19.5,0.00148779700643868
-69.9,19.5,0.00138635781358569
-69.8,19.5,0.00122142159689928
-69.7,19.5,0.00106951840144281
-69.6,19.5,0.000913941097279911
-69.5,19.5,0.000816846642950114
-69.4,19.5,0.000727298078097093
-69.3,19.5,0.000659642021052939
-69.2,19.5,0.000589914769677459
-69.1,19.5,0.000561532232804252
-69,19.5,0.000620530833272244
-68.9,19.5,0.000650255486694249
-68.8,19.5,0.00073198483267347
-68.7,19.5,0.000816563487141416
-68.6,19.5,0.000962737800506688
-68.5,19.5,0.00105914993207095
-68.4,19.5,0.00119802580299581
-68.3,19.5,0.00132373748867466
-68.2,19.5,0.00138980268009925
-68.1,19.5,0.0014182046993453
-68,19.5,0.00140688591990469
-67.9,19.5,0.00142724108242904
-67.8,19.5,0.00138741217316647
-67.7,19.5,0.00138831618746494
-67.6,19.5,0.00140265615402353
-67.5,19.5,0.00139180377174665
-67.4,19.5,0.00141386752237134
-67.3,19.5,0.00142612858411158
-67.2,19.5,0.00139775109767412
-67.1,19.5,0.00136278191534655
-67,19.5,0.00130808240294294
-66.9,19.5,0.00123121281983497
-66.8,19.5,0.00115133908212979
-66.7,19.5,0.00110393592590759
-66.6,19.5,0.00106314422520271
-66.5,19.5,0.00106948677557097
-66.4,19.5,0.00108235481126918
-66.3,19.5,0.00114151416497848
-66.2,19.5,0.00114989849644039
-66.1,19.5,0.00115489451559429
-66,19.5,0.00115258045406373
-65.9,19.5,0.0011747206372105
-65.8,19.5,0.00118658678690744
-65.7,19.5,0.00120412112532511
-65.6,19.5,0.00125004009506165
-65.5,19.5,0.00133728427895602
-65.4,19.5,0.00147098657844392
-65.3,19.5,0.00163623006799184
-65.2,19.5,0.00180643146829707
-65.1,19.5,0.00194976557654744
-65,19.5,0.00212196233843307
-64.9,19.5,0.00223053088249363
-64.8,19.5,0.00228044338139911
-64.7,19.5,0.00224283575053275
-64.6,19.5,0.00216643499293337
-64.5,19.5,0.00203058560685491
-64.4,19.5,0.00180664070590405
-64.3,19.5,0.0015576129850965
-64.2,19.5,0.00129663876692734
-64.1,19.5,0.00103524965078651
-64,19.5,0.000828372434754266
-63.9,19.5,0.000637311808926885
-63.8,19.5,0.000542452966860792
-63.7,19.5,0.00046779573187492
-63.6,19.5,0.000470704989377189
-63.5,19.5,0.000459686140017059
-63.4,19.5,0.000479018069806715
-63.3,19.5,0.000484522045182496
-63.2,19.5,0.00051322773076535
-63.1,19.5,0.00051485433259959
-63,19.5,0.000489291981520413
-62.9,19.5,0.000448357683370902
-62.8,19.5,0.000405370396263108
-62.7,19.5,0.000338588936628063
-62.6,19.5,0.000268422241527494
-62.5,19.5,0.000195926774154134
-70.6,19.4,0.00180855626458628
-70.5,19.4,0.0018636465580019
-70.4,19.4,0.00184573743233477
-70.3,19.4,0.00180862220975871
-70.2,19.4,0.00174584885673503
-70.1,19.4,0.00167226470825416
-70,19.4,0.00158654466079689
-69.9,19.4,0.00147256814616266
-69.8,19.4,0.00129299640294338
-69.7,19.4,0.00113368334560471
-69.6,19.4,0.000964564414729439
-69.5,19.4,0.000861841813926789
-69.4,19.4,0.000757864529869876
-69.3,19.4,0.000676086015656029
-69.2,19.4,0.000626158205158192
-69.1,19.4,0.000624208081373741
-69,19.4,0.000652958333505217
-68.9,19.4,0.000699519595146166
-68.8,19.4,0.000777519620211792
-68.7,19.4,0.000871977483383975
-68.6,19.4,0.000997794644755044
-68.5,19.4,0.00113246605237023
-68.4,19.4,0.00126475122205272
-68.3,19.4,0.00139113540276158
-68.2,19.4,0.00145201001620361
-68.1,19.4,0.00146122533741709
-68,19.4,0.0014457665667391
-67.9,19.4,0.00143203020105694
-67.8,19.4,0.00142543923832149
-67.7,19.4,0.00139538578569321
-67.6,19.4,0.0014002768785665
-67.5,19.4,0.00140196196550507
-67.4,19.4,0.00143187561043531
-67.3,19.4,0.00143122356770424
-67.2,19.4,0.00142795212193855
-67.1,19.4,0.00142112569978364
-67,19.4,0.00136805659123008
-66.9,19.4,0.00128353379666216
-66.8,19.4,0.00123263461999311
-66.7,19.4,0.00117430997795989
-66.6,19.4,0.0011423023365396
-66.5,19.4,0.00112454239518061
-66.4,19.4,0.00113794979242647
-66.3,19.4,0.00115731093793669
-66.2,19.4,0.00117734803692546
-66.1,19.4,0.00114247192048478
-66,19.4,0.00113671173577646
-65.9,19.4,0.00115252671304733
-65.8,19.4,0.00114335185966942
-65.7,19.4,0.00119699200924821
-65.6,19.4,0.00128806979600799
-65.5,19.4,0.00138991917488069
-65.4,19.4,0.00155368683350169
-65.3,19.4,0.00173639598694269
-65.2,19.4,0.00194560684527269
-65.1,19.4,0.00212684317667248
-65,19.4,0.00228870371701502
-64.9,19.4,0.0024167221846832
-64.8,19.4,0.00249192318256934
-64.7,19.4,0.0024704544600008
-64.6,19.4,0.00237905076389726
-64.5,19.4,0.00223559416337468
-64.4,19.4,0.00201515694695858
-64.3,19.4,0.00177977103673035
-64.2,19.4,0.00152158720203491
-64.1,19.4,0.00122619415005709
-64,19.4,0.000995995986821897
-63.9,19.4,0.000769615039117441
-63.8,19.4,0.000618218759648967
-63.7,19.4,0.00054856568510743
-63.6,19.4,0.000506504035802764
-63.5,19.4,0.000510118054183333
-63.4,19.4,0.000502691869817136
-63.3,19.4,0.000519126817406301
-63.2,19.4,0.00053548223890232
-63.1,19.4,0.000542294180538691
-63,19.4,0.000527954328091368
-62.9,19.4,0.000478898240737503
-62.8,19.4,0.000433601270546426
-62.7,19.4,0.000381352983011103
-62.6,19.4,0.000292029544528138
-62.5,19.4,0.000227227457424785
-62.4,19.4,0.00015157699936735
-62.3,19.4,0.00010172182478293
-62.2,19.4,4.40318070425908e-05
-70,19.3,0.00169948102188434
-69.9,19.3,0.00152563117269242
-69.8,19.3,0.00135658707551002
-69.7,19.3,0.00115720716193888
-69.6,19.3,0.00102745170731579
-69.5,19.3,0.000907649717177333
-69.4,19.3,0.000787568799528852
-69.3,19.3,0.000706395208393798
-69.2,19.3,0.000660040554364262
-69.1,19.3,0.000664039089191581
-69,19.3,0.000687564382560976
-68.9,19.3,0.000767318359386514
-68.8,19.3,0.000830074506170946
-68.7,19.3,0.000956929970792377
-68.6,19.3,0.00105121683021587
-68.5,19.3,0.00119796035830386
-68.4,19.3,0.00134416035875617
-68.3,19.3,0.00144769452195802
-68.2,19.3,0.00151931281552553
-68.1,19.3,0.00151608727359327
-68,19.3,0.00149310736526363
-67.9,19.3,0.00143758119936033
-67.8,19.3,0.00141556955436437
-67.7,19.3,0.00139602087970078
-67.6,19.3,0.00137381017907117
-67.5,19.3,0.00138674461336653
-67.4,19.3,0.00141397979440237
-67.3,19.3,0.00144653434419371
-67.2,19.3,0.00144159697028463
-67.1,19.3,0.00144543873144924
-67,19.3,0.00140066473817438
-66.9,19.3,0.00131669015424953
-66.8,19.3,0.00128542920667091
-66.7,19.3,0.00124601700522252
-66.6,19.3,0.00120877719585794
-66.5,19.3,0.00115705426413177
-66.4,19.3,0.00114880055803596
-66.3,19.3,0.00114357092414774
-66.2,19.3,0.00115773321355412
-66.1,19.3,0.00111486545033088
-66,19.3,0.00109827193179705
-65.9,19.3,0.00110123010895397
-65.8,19.3,0.00114521404634806
-65.7,19.3,0.00119175521254452
-65.6,19.3,0.00129762046826206
-65.5,19.3,0.00142207952909777
-65.4,19.3,0.00160735971772342
-65.3,19.3,0.00182305658186562
-65.2,19.3,0.00204340151710367
-65.1,19.3,0.00224453764266682
-65,19.3,0.0024212282903208
-64.9,19.3,0.00258290099484122
-64.8,19.3,0.00266025700259228
-64.7,19.3,0.00266854782294702
-64.6,19.3,0.00258124359207364
-64.5,19.3,0.00242001594258942
-64.4,19.3,0.00221296116008701
-64.3,19.3,0.00195043501139359
-64.2,19.3,0.00169491283948761
-64.1,19.3,0.00139877642999736
-64,19.3,0.00110570235761201
-63.9,19.3,0.000900966061505624
-63.8,19.3,0.000715937997966693
-63.7,19.3,0.000611852047351425
-63.6,19.3,0.000546386894849652
-63.5,19.3,0.00054859242644564
-63.4,19.3,0.000551455682603289
-63.3,19.3,0.000566009168149948
-63.2,19.3,0.000570191605145636
-63.1,19.3,0.000582745803155988
-63,19.3,0.000557408286577264
-62.9,19.3,0.000516281454644165
-62.8,19.3,0.000462722076932335
-62.7,19.3,0.00039962724992526
-62.6,19.3,0.000317731978837782
-62.5,19.3,0.000247577889681571
-62.4,19.3,0.000169053756233563
-62.3,19.3,0.000109431283142794
-62.2,19.3,5.42062417062911e-05
-62.1,19.3,2.3030413592273e-05
-62,19.3,0
-61.9,19.3,0
-69.2,19.2,0.000705948495061727
-69.1,19.2,0.00070257368631726
-69,19.2,0.000722893285880802
-68.9,19.2,0.000807484597567461
-68.8,19.2,0.000896452359639459
-68.7,19.2,0.000981119544382294
-68.6,19.2,0.00110006058801109
-68.5,19.2,0.00126300066374381
-68.4,19.2,0.00140579729947662
-68.3,19.2,0.00151363521202501
-68.2,19.2,0.00156797788021502
-68.1,19.2,0.00155082018195382
-68,19.2,0.00151810721651907
-67.9,19.2,0.00143225957494996
-67.8,19.2,0.00139322889047362
-67.7,19.2,0.001363738436629
-67.6,19.2,0.00132979899987994
-67.5,19.2,0.00136366998561905
-67.4,19.2,0.00138721134996441
-67.3,19.2,0.00141055384579065
-67.2,19.2,0.00144088309709276
-67.1,19.2,0.00144222513089289
-67,19.2,0.00140013897639786
-66.9,19.2,0.00135796649758956
-66.8,19.2,0.00130809413872148
-66.7,19.2,0.00127770865989
-66.6,19.2,0.00123458659527046
-66.5,19.2,0.00118876843394652
-66.4,19.2,0.00116460612889237
-66.3,19.2,0.00113718225498024
-66.2,19.2,0.00111801257798932
-66.1,19.2,0.00110045189896165
-66,19.2,0.00105531795641625
-65.9,19.2,0.00105513915180281
-65.8,19.2,0.00109283648367091
-65.7,19.2,0.00115904849958132
-65.6,19.2,0.00125813624414119
-65.5,19.2,0.00145135072126297
-65.4,19.2,0.00164630054014273
-65.3,19.2,0.0018823100100967
-65.2,19.2,0.00210435163195386
-65.1,19.2,0.00233094153979827
-65,19.2,0.00253387421738392
-64.9,19.2,0.00267133151563148
-64.8,19.2,0.00275922109629659
-64.7,19.2,0.00278801245726329
-64.6,19.2,0.00271018075157502
-64.5,19.2,0.00253595952237095
-64.4,19.2,0.00232810938219129
-64.3,19.2,0.00209111755552751
-64.2,19.2,0.00180626149332731
-64.1,19.2,0.00151587915151143
-64,19.2,0.00122591391998294
-63.9,19.2,0.00098925526751996
-63.8,19.2,0.000841897121737358
-63.7,19.2,0.000705301094625888
-63.6,19.2,0.000609708672477472
-63.5,19.2,0.000571716268428456
-63.4,19.2,0.000599916623977555
-63.3,19.2,0.000617289423036452
-63.2,19.2,0.000637060029070678
-63.1,19.2,0.00062913171257061
-63,19.2,0.000611966440093602
-62.9,19.2,0.000573443873248822
-62.8,19.2,0.000502873561267924
-62.7,19.2,0.000418136102181989
-62.6,19.2,0.000346593626476073
-62.5,19.2,0.000266311212308423
-62.4,19.2,0.000198796447619887
-62.3,19.2,0.0001312765252703
-62.2,19.2,7.96383176244347e-05
-62.1,19.2,3.00024510973868e-05
-62,19.2,2.63403951661513e-05
-61.9,19.2,1.36540684887501e-05
-61.8,19.2,1.30280692913788e-05
-61.7,19.2,0
-68.4,19.1,0.00147812647214391
-68.3,19.1,0.00159423586711817
-68.2,19.1,0.00161850992402852
-68.1,19.1,0.00160361496822055
-68,19.1,0.00154991402651188
-67.9,19.1,0.00144233917309442
-67.8,19.1,0.00134473883390567
-67.7,19.1,0.00131173234924027
-67.6,19.1,0.00127390140817655
-67.5,19.1,0.00129048496081144
-67.4,19.1,0.00132473434749353
-67.3,19.1,0.00136201861009237
-67.2,19.1,0.00140987424732489
-67.1,19.1,0.00141804975487259
-67,19.1,0.00138245884191406
-66.9,19.1,0.00135633434390211
-66.8,19.1,0.00131618101464912
-66.7,19.1,0.00128266318058591
-66.6,19.1,0.00123296384375336
-66.5,19.1,0.00120166056127984
-66.4,19.1,0.00115453338638981
-66.3,19.1,0.00112681227198892
-66.2,19.1,0.00106922937704491
-66.1,19.1,0.00104188603763487
-66,19.1,0.00102824472742192
-65.9,19.1,0.0010069769637297
-65.8,19.1,0.00104688308932139
-65.7,19.1,0.00110053456194564
-65.6,19.1,0.00121613019849248
-65.5,19.1,0.00143504922142428
-65.4,19.1,0.00165325944097069
-65.3,19.1,0.00189964490199798
-65.2,19.1,0.00215038075438895
-65.1,19.1,0.00236885030459081
-65,19.1,0.00255518729433593
-64.9,19.1,0.00271448480126988
-64.8,19.1,0.00282316597654042
-64.7,19.1,0.002839441990263
-64.6,19.1,0.00276742826909528
-64.5,19.1,0.00262956142261775
-64.4,19.1,0.00243440124674442
-64.3,19.1,0.00221191619509016
-64.2,19.1,0.00191880156605509
-64.1,19.1,0.00161420899281537
-64,19.1,0.00132330680243371
-63.9,19.1,0.00109303457150868
-63.8,19.1,0.000917144197843561
-63.7,19.1,0.000769423590559825
-63.6,19.1,0.000659744460038578
-63.5,19.1,0.000618906065696265
-63.4,19.1,0.000635438282133354
-63.3,19.1,0.00066890152038451
-63.2,19.1,0.000669014656809514
-63.1,19.1,0.000671414711055951
-63,19.1,0.000659908549282623
-62.9,19.1,0.000614715176809111
-62.8,19.1,0.000552976110677425
-62.7,19.1,0.000472701143226446
-62.6,19.1,0.000389813633146619
-62.5,19.1,0.000316131595106916
-62.4,19.1,0.000239487748837745
-62.3,19.1,0.00015893824134725
-62.2,19.1,0.000117409729577766
-62.1,19.1,7.43834015212181e-05
-62,19.1,4.47536631366232e-05
-61.9,19.1,3.14113518465992e-05
-61.8,19.1,1.92699610052397e-05
-61.7,19.1,1.74764467930709e-05
-67.7,19,0.00121461861683836
-67.6,19,0.00120579986215674
-67.5,19,0.00119936454073008
-67.4,19,0.00124148372457488
-67.3,19,0.00127382649938343
-67.2,19,0.00134646860278032
-67.1,19,0.00135335366661997
-67,19,0.00135980273512898
-66.9,19,0.00134342990886071
-66.8,19,0.00130255271254976
-66.7,19,0.00125773246438523
-66.6,19,0.00120644285634105
-66.5,19,0.00119703103461762
-66.4,19,0.0011476935914765
-66.3,19,0.00108299666137935
-66.2,19,0.00103632319591883
-66.1,19,0.000973638546409811
-66,19,0.000938838855690719
-65.9,19,0.000943807011349516
-65.8,19,0.000937901386665535
-65.7,19,0.00102696567432775
-65.6,19,0.00115849746525928
-65.5,19,0.00134911180324262
-65.4,19,0.00161499697126908
-65.3,19,0.00188424025718492
-65.2,19,0.00212576011699035
-65.1,19,0.00234478802029861
-65,19,0.00254536244732189
-64.9,19,0.00268788492791359
-64.8,19,0.00278668099455436
-64.7,19,0.00279056656487209
-64.6,19,0.00274848575208692
-64.5,19,0.00264038665034362
-64.4,19,0.00247136085950239
-64.3,19,0.0022534958189229
-64.2,19,0.00199360720011502
-64.1,19,0.00168417404080565
-64,19,0.00140599593557214
-63.9,19,0.0011737137074105
-63.8,19,0.000976497335938501
-63.7,19,0.000829715923034057
-63.6,19,0.000723157713578262
-63.5,19,0.000652582639120011
-63.4,19,0.000669169888530609
-63.3,19,0.000693832838607971
-63.2,19,0.00070958884901559
-63.1,19,0.000721533653073103
-63,19,0.000704736065674417
-62.9,19,0.000666665713791522
-62.8,19,0.000598281095639594
-62.7,19,0.000543752679983246
-62.6,19,0.000456454618329694
-62.5,19,0.000368791204788237
-62.4,19,0.000292028107272555
-62.3,19,0.000220605082550651
-62.2,19,0.00016043964618065
-62.1,19,0.000116635372925526
-62,19,6.10665813027059e-05
-61.9,19,5.24856945019536e-05
-61.8,19,2.70731014180864e-05
-61.7,19,2.44159208364268e-05
-67.3,18.9,0.00121109101609505
-67.2,18.9,0.00122728987831584
-67.1,18.9,0.00130097526359991
-67,18.9,0.00131866915931132
-66.9,18.9,0.00129617981778658
-66.8,18.9,0.0012699349445439
-66.7,18.9,0.00122496086710528
-66.6,18.9,0.00118448688224304
-66.5,18.9,0.00111848171719763
-66.4,18.9,0.00109753983783317
-66.3,18.9,0.0010328093298506
-66.2,18.9,0.00096708650775969
-66.1,18.9,0.00089087747782538
-66,18.9,0.000842627684489788
-65.9,18.9,0.000865588369558054
-65.8,18.9,0.000888464433529076
-65.7,18.9,0.000978757684553555
-65.6,18.9,0.00113437106766929
-65.5,18.9,0.0012927315357952
-65.4,18.9,0.00154636938527425
-65.3,18.9,0.00183043665643358
-65.2,18.9,0.00206977169217979
-65.1,18.9,0.0022807200063074
-65,18.9,0.00246342941074743
-64.9,18.9,0.00262206509376182
-64.8,18.9,0.00270321998264896
-64.7,18.9,0.00272127869744735
-64.6,18.9,0.00269337877117177
-64.5,18.9,0.00261890337795711
-64.4,18.9,0.00245289278877301
-64.3,18.9,0.0022473387758346
-64.2,18.9,0.00200788717334499
-64.1,18.9,0.0017189860023464
-64,18.9,0.00144679722040786
-63.9,18.9,0.00120872152110414
-63.8,18.9,0.000999605641341445
-63.7,18.9,0.000858062698926704
-63.6,18.9,0.000744590969275638
-63.5,18.9,0.000693434418590867
-63.4,18.9,0.000695899160473262
-63.3,18.9,0.000705626355587451
-63.2,18.9,0.000748580281378329
-63.1,18.9,0.000757777889876418
-63,18.9,0.000745237952499216
-62.9,18.9,0.000700014897056827
-62.8,18.9,0.000669965216619381
-62.7,18.9,0.000601371502592971
-62.6,18.9,0.000512860638427003
-62.5,18.9,0.000414866883351088
-62.4,18.9,0.000334442917214426
-62.3,18.9,0.000266273185758878
-62.2,18.9,0.000220733619389299
-62.1,18.9,0.000172302524081113
-62,18.9,0.000141436861762672
-61.9,18.9,0.00010222738539594
-61.8,18.9,9.74968682482849e-05
-61.7,18.9,7.80456999151435e-05
-66,18.8,0.000736125883327759
-65.9,18.8,0.000705623492456677
-65.8,18.8,0.000780170877870149
-65.7,18.8,0.000894667595649368
-65.6,18.8,0.00105250495486222
-65.5,18.8,0.00122103620029357
-65.4,18.8,0.00145952813216384
-65.3,18.8,0.00171643340696638
-65.2,18.8,0.00200939790619179
-65.1,18.8,0.00221058801899055
-65,18.8,0.00238076231828725
-64.9,18.8,0.00251850391951773
-64.8,18.8,0.00258401417362444
-64.7,18.8,0.00259369484220973
-64.6,18.8,0.00257410570092158
-64.5,18.8,0.00249691250748811
-64.4,18.8,0.00237801791052683
-64.3,18.8,0.00220644870144727
-64.2,18.8,0.00197954540509849
-64.1,18.8,0.00172252644364437
-64,18.8,0.00148472136703754
-63.9,18.8,0.00121103414549906
-63.8,18.8,0.00100769596523987
-63.7,18.8,0.000858338159784881
-63.6,18.8,0.000756332663230036
-63.5,18.8,0.000713949683155096
-63.4,18.8,0.000699270167841644
-63.3,18.8,0.000738821786177931
-63.2,18.8,0.000767783866808527
-63.1,18.8,0.000774130204172326
-63,18.8,0.000758128003911446
-62.9,18.8,0.000745072414370173
-62.8,18.8,0.000705523732309723
-62.7,18.8,0.000641959349899601
-62.6,18.8,0.000566034898243193
-62.5,18.8,0.00046209786199958
-62.4,18.8,0.000376114907302775
-62.3,18.8,0.000327818576973582
-62.2,18.8,0.000270026954506076
-62.1,18.8,0.000227323931173369
-62,18.8,0.000189374561733207
-61.9,18.8,0.000168984288134593
-61.8,18.8,0.000136479731884275
-61.7,18.8,0.000127478959530671
-64.7,18.7,0.00245111619257053
-64.6,18.7,0.00245160774585605
-64.5,18.7,0.00238844364678291
-64.4,18.7,0.00231395302947859
-64.3,18.7,0.00215303279862476
-64.2,18.7,0.00192779517116444
-64.1,18.7,0.00170132925080898
-64,18.7,0.0014302009544447
-63.9,18.7,0.00118869992266976
-63.8,18.7,0.00100225258327593
-63.7,18.7,0.000819240677987181
-63.6,18.7,0.000734983016212967
-63.5,18.7,0.00068279222126114
-63.4,18.7,0.000701474405629759
-63.3,18.7,0.000744063269828348
-63.2,18.7,0.000755642169927744
-63.1,18.7,0.000767451539323745
-63,18.7,0.000767461735002459
-62.9,18.7,0.000747944439761816
-62.8,18.7,0.00071368924636955
-62.7,18.7,0.00065952260591935
-62.6,18.7,0.000577726957735677
-62.5,18.7,0.000508654949452834
-62.4,18.7,0.000442648536290404
-62.3,18.7,0.000368194301759199
-62.2,18.7,0.000329812310453535
-62.1,18.7,0.00028580350059116
-62,18.7,0.000255366524381648
-61.9,18.7,0.000240335836501193
-61.8,18.7,0.000226543212285037
-61.7,18.7,0.000206576366101759
-64.3,18.6,0.00204318822625267
-64.2,18.6,0.00185360646854623
-64.1,18.6,0.00163588068186521
-64,18.6,0.00137791226385618
-63.9,18.6,0.00116192935817805
-63.8,18.6,0.000947570881116822
-63.7,18.6,0.00079875963729603
-63.6,18.6,0.000682844276842862
-63.5,18.6,0.000650501543793739
-63.4,18.6,0.00067512009593111
-63.3,18.6,0.000713369856686589
-63.2,18.6,0.00073127795500726
-63.1,18.6,0.000738042671108066
-63,18.6,0.000742596071863893
-62.9,18.6,0.00072641643131304
-62.8,18.6,0.000696363355784154
-62.7,18.6,0.000650324858906844
-62.6,18.6,0.000582304348957886
-62.5,18.6,0.000537476938374511
-62.4,18.6,0.000474679432091599
-62.3,18.6,0.000410217264488488
-62.2,18.6,0.000364523860063828
-62.1,18.6,0.000337038936999696
-62,18.6,0.000313258177944353
-61.9,18.6,0.000303988556223441
-61.8,18.6,0.000296198513486573
-61.7,18.6,0.000278887533162817
-63.9,18.5,0.00107752851610152
-63.8,18.5,0.000865459327416372
-63.7,18.5,0.000720587254695966
-63.6,18.5,0.000651664850962937
-63.5,18.5,0.000628476839838007
-63.4,18.5,0.000656238698561214
-63.3,18.5,0.000664843135737655
-63.2,18.5,0.00069096169611238
-63.1,18.5,0.000713014993824195
-63,18.5,0.000707073082897157
-62.9,18.5,0.000685333217520642
-62.8,18.5,0.000664848063911015
-62.7,18.5,0.000617278758983548
-62.6,18.5,0.000560298616195448
-62.5,18.5,0.000523371907425478
-62.4,18.5,0.000468532375600921
-62.3,18.5,0.000426753217867522
-62.2,18.5,0.000394549631636489
-62.1,18.5,0.00036808074589685
-62,18.5,0.000360906862038115
-61.9,18.5,0.000360635463706305
-61.8,18.5,0.000364065291017927
-61.7,18.5,0.00037316160046165
-63.6,18.4,0.000579124212541003
-63.5,18.4,0.000575876305387285
-63.4,18.4,0.00059225358090065
-63.3,18.4,0.000613535831943959
-63.2,18.4,0.000632568380358487
-63.1,18.4,0.000651471082935929
-63,18.4,0.000650527080238681
-62.9,18.4,0.00063972116159736
-62.8,18.4,0.000606502316995102
-62.7,18.4,0.00056181266153105
-62.6,18.4,0.000526021791194718
-62.5,18.4,0.000479939444913166
-62.4,18.4,0.000441210143330025
-62.3,18.4,0.000422782387365426
-62.2,18.4,0.000388159276541403
-62.1,18.4,0.000376127351505889
-62,18.4,0.000386925618084666
-61.9,18.4,0.000392041778595205
-61.8,18.4,0.000414784714345928
-61.7,18.4,0.000434920812271174
-63.4,18.3,0.00053599178776334
-63.3,18.3,0.000567085518264739
-63.2,18.3,0.000566803293068547
-63.1,18.3,0.00058551619242051
-63,18.3,0.000571636421800339
-62.9,18.3,0.00056310723422292
-62.8,18.3,0.000523951904796519
-62.7,18.3,0.000483225681380389
-62.6,18.3,0.000458009235593544
-62.5,18.3,0.000422261982188931
-62.4,18.3,0.000407410750499575
-62.3,18.3,0.000392650989432738
-62.2,18.3,0.000370211333554665
-62.1,18.3,0.00038740825112544
-62,18.3,0.00040786552358273
-61.9,18.3,0.000445198639116396
-61.8,18.3,0.000477719672372763
-61.7,18.3,0.000514833897737835
-63.2,18.2,0.000489210318646205
-63.1,18.2,0.00048007703910518
-63,18.2,0.000498055396637926
-62.9,18.2,0.000473107218962858
-62.8,18.2,0.000443259440669533
-62.7,18.2,0.000413853449145779
-62.6,18.2,0.000391846945713648
-62.5,18.2,0.000377525373003379
-62.4,18.2,0.000365172394918963
-62.3,18.2,0.000337984750404301
-62.2,18.2,0.00036469747712746
-62.1,18.2,0.000384489789017976
-62,18.2,0.000431544747010046
-61.9,18.2,0.000483095860332654
-61.8,18.2,0.000527907471877404
-61.7,18.2,0.000573375475765378
-63,18.1,0.000422877952432765
-62.9,18.1,0.000384688025784398
-62.8,18.1,0.000367564265500787
-62.7,18.1,0.000326348894213786
-62.6,18.1,0.000302406812457832
-62.5,18.1,0.000309682573119615
-62.4,18.1,0.000298997777776305
-62.3,18.1,0.000329879048664291
-62.2,18.1,0.000358106268333152
-62.1,18.1,0.00041114109608368
-62,18.1,0.000468746660876671
-61.9,18.1,0.000525992388810348
-61.8,18.1,0.000594936709171688
-61.7,18.1,0.000630767564692526
-62.8,18,0.000291149760869061
-62.7,18,0.000282437677805269
-62.6,18,0.000257567119754184
-62.5,18,0.000263269261291566
-62.4,18,0.000293508680559395
-62.3,18,0.000328938405300153
-62.2,18,0.000374937024664498
-62.1,18,0.000436070264786414
-62,18,0.000496652963614546
-61.9,18,0.000569845137848343
-61.8,18,0.000624581245459006
-61.7,18,0.00070017253493312
-62.6,17.9,0.000237703473174194
-62.5,17.9,0.000229746053756314
-62.4,17.9,0.000285097420902764
-62.3,17.9,0.000345861764317486
-62.2,17.9,0.000407945440367282
-62.1,17.9,0.000471095024546052
-62,17.9,0.000547547217433799
-61.9,17.9,0.000606886102350658
-61.8,17.9,0.000693350807409751
-61.7,17.9,0.000779556267374671
-62.5,17.8,0.000244890226104469
-62.4,17.8,0.000289523280387172
-62.3,17.8,0.000383326048161017
-62.2,17.8,0.000454493793299626
-62.1,17.8,0.000540767837616926
-62,17.8,0.000609695446402411
-61.9,17.8,0.000695516609389635
-61.8,17.8,0.000781388092351465
-61.7,17.8,0.000867456535494824
-62.3,17.7,0.00043121199046321
-62.2,17.7,0.000535434257582963
-62.1,17.7,0.000616276872346832
-62,17.7,0.000705099438683943
-61.9,17.7,0.000788810184485245
-61.8,17.7,0.000870733633938111
-61.7,17.7,0.000953442968761732
-62.2,17.6,0.000624112871250643
-62.1,17.6,0.000707276731372295
-62,17.6,0.00077864879563175
-61.9,17.6,0.00085138911197002
-61.8,17.6,0.00092538466425013
-61.7,17.6,0.000998955105598347
-62.1,17.5,0.000801438061025223
-62,17.5,0.000873814180998352
-61.9,17.5,0.000935752876705693
-61.8,17.5,0.00099944284880415
-61.7,17.5,0.00106351025471024
-62,17.4,0.000928185200345871
-61.9,17.4,0.000975126073812875
-61.8,17.4,0.00102116557889112
-61.7,17.4,0.00106909251513648
-61.8,17.3,0.00105087784775913
